image_file,leaf_class,category,l1_gate,object_id,object_family_id,mass_g,f_min_measured_N,f_max_measured_N,note
轻脆\E040\Single_Pringles_potato_chip.png,轻脆,易碎,易碎,E040,brittle_snack,,0.25,4.8,"f_min:ExpForce本物实测(0.25N,两指合力) | f_max:文献实测2.4N(单指法向力(压头加载))×2换算=4.8N(两指合力,非直接实测)"
轻脆\E040\s1.png,轻脆,易碎,易碎,E040,brittle_snack,,0.25,4.8,"f_min:ExpForce本物实测(0.25N,两指合力) | f_max:文献实测2.4N(单指法向力(压头加载))×2换算=4.8N(两指合力,非直接实测)"
轻脆\E040\s10.png,轻脆,易碎,易碎,E040,brittle_snack,,0.25,4.8,"f_min:ExpForce本物实测(0.25N,两指合力) | f_max:文献实测2.4N(单指法向力(压头加载))×2换算=4.8N(两指合力,非直接实测)"
轻脆\E040\s11.png,轻脆,易碎,易碎,E040,brittle_snack,,0.25,4.8,"f_min:ExpForce本物实测(0.25N,两指合力) | f_max:文献实测2.4N(单指法向力(压头加载))×2换算=4.8N(两指合力,非直接实测)"
轻脆\E040\s12.png,轻脆,易碎,易碎,E040,brittle_snack,,0.25,4.8,"f_min:ExpForce本物实测(0.25N,两指合力) | f_max:文献实测2.4N(单指法向力(压头加载))×2换算=4.8N(两指合力,非直接实测)"
轻脆\E040\s13.png,轻脆,易碎,易碎,E040,brittle_snack,,0.25,4.8,"f_min:ExpForce本物实测(0.25N,两指合力) | f_max:文献实测2.4N(单指法向力(压头加载))×2换算=4.8N(两指合力,非直接实测)"
轻脆\E040\s14.png,轻脆,易碎,易碎,E040,brittle_snack,,0.25,4.8,"f_min:ExpForce本物实测(0.25N,两指合力) | f_max:文献实测2.4N(单指法向力(压头加载))×2换算=4.8N(两指合力,非直接实测)"
轻脆\E040\s2.png,轻脆,易碎,易碎,E040,brittle_snack,,0.25,4.8,"f_min:ExpForce本物实测(0.25N,两指合力) | f_max:文献实测2.4N(单指法向力(压头加载))×2换算=4.8N(两指合力,非直接实测)"
轻脆\E040\s3.png,轻脆,易碎,易碎,E040,brittle_snack,,0.25,4.8,"f_min:ExpForce本物实测(0.25N,两指合力) | f_max:文献实测2.4N(单指法向力(压头加载))×2换算=4.8N(两指合力,非直接实测)"
轻脆\E040\s4.png,轻脆,易碎,易碎,E040,brittle_snack,,0.25,4.8,"f_min:ExpForce本物实测(0.25N,两指合力) | f_max:文献实测2.4N(单指法向力(压头加载))×2换算=4.8N(两指合力,非直接实测)"
轻脆\E040\s5.png,轻脆,易碎,易碎,E040,brittle_snack,,0.25,4.8,"f_min:ExpForce本物实测(0.25N,两指合力) | f_max:文献实测2.4N(单指法向力(压头加载))×2换算=4.8N(两指合力,非直接实测)"
轻脆\E040\s6.png,轻脆,易碎,易碎,E040,brittle_snack,,0.25,4.8,"f_min:ExpForce本物实测(0.25N,两指合力) | f_max:文献实测2.4N(单指法向力(压头加载))×2换算=4.8N(两指合力,非直接实测)"
轻脆\E040\s7.png,轻脆,易碎,易碎,E040,brittle_snack,,0.25,4.8,"f_min:ExpForce本物实测(0.25N,两指合力) | f_max:文献实测2.4N(单指法向力(压头加载))×2换算=4.8N(两指合力,非直接实测)"
轻脆\E040\s8.png,轻脆,易碎,易碎,E040,brittle_snack,,0.25,4.8,"f_min:ExpForce本物实测(0.25N,两指合力) | f_max:文献实测2.4N(单指法向力(压头加载))×2换算=4.8N(两指合力,非直接实测)"
轻脆\E040\s9.png,轻脆,易碎,易碎,E040,brittle_snack,,0.25,4.8,"f_min:ExpForce本物实测(0.25N,两指合力) | f_max:文献实测2.4N(单指法向力(压头加载))×2换算=4.8N(两指合力,非直接实测)"
轻脆\E060\Large_brown_egg.png,轻脆,易碎,易碎,E060,egg,,0.5,84,"f_min:ExpForce本物实测(0.5N,两指合力) | f_max:文献实测42.0N(单指法向力(平板压缩))×2换算=84N(两指合力,非直接实测)"
轻脆\E060\s1.png,轻脆,易碎,易碎,E060,egg,,0.5,84,"f_min:ExpForce本物实测(0.5N,两指合力) | f_max:文献实测42.0N(单指法向力(平板压缩))×2换算=84N(两指合力,非直接实测)"
轻脆\E060\s10.png,轻脆,易碎,易碎,E060,egg,,0.5,84,"f_min:ExpForce本物实测(0.5N,两指合力) | f_max:文献实测42.0N(单指法向力(平板压缩))×2换算=84N(两指合力,非直接实测)"
轻脆\E060\s11.png,轻脆,易碎,易碎,E060,egg,,0.5,84,"f_min:ExpForce本物实测(0.5N,两指合力) | f_max:文献实测42.0N(单指法向力(平板压缩))×2换算=84N(两指合力,非直接实测)"
轻脆\E060\s12.png,轻脆,易碎,易碎,E060,egg,,0.5,84,"f_min:ExpForce本物实测(0.5N,两指合力) | f_max:文献实测42.0N(单指法向力(平板压缩))×2换算=84N(两指合力,非直接实测)"
轻脆\E060\s13.png,轻脆,易碎,易碎,E060,egg,,0.5,84,"f_min:ExpForce本物实测(0.5N,两指合力) | f_max:文献实测42.0N(单指法向力(平板压缩))×2换算=84N(两指合力,非直接实测)"
轻脆\E060\s14.png,轻脆,易碎,易碎,E060,egg,,0.5,84,"f_min:ExpForce本物实测(0.5N,两指合力) | f_max:文献实测42.0N(单指法向力(平板压缩))×2换算=84N(两指合力,非直接实测)"
轻脆\E060\s2.png,轻脆,易碎,易碎,E060,egg,,0.5,84,"f_min:ExpForce本物实测(0.5N,两指合力) | f_max:文献实测42.0N(单指法向力(平板压缩))×2换算=84N(两指合力,非直接实测)"
轻脆\E060\s3.png,轻脆,易碎,易碎,E060,egg,,0.5,84,"f_min:ExpForce本物实测(0.5N,两指合力) | f_max:文献实测42.0N(单指法向力(平板压缩))×2换算=84N(两指合力,非直接实测)"
轻脆\E060\s4.png,轻脆,易碎,易碎,E060,egg,,0.5,84,"f_min:ExpForce本物实测(0.5N,两指合力) | f_max:文献实测42.0N(单指法向力(平板压缩))×2换算=84N(两指合力,非直接实测)"
轻脆\E060\s5.png,轻脆,易碎,易碎,E060,egg,,0.5,84,"f_min:ExpForce本物实测(0.5N,两指合力) | f_max:文献实测42.0N(单指法向力(平板压缩))×2换算=84N(两指合力,非直接实测)"
轻脆\E060\s6.png,轻脆,易碎,易碎,E060,egg,,0.5,84,"f_min:ExpForce本物实测(0.5N,两指合力) | f_max:文献实测42.0N(单指法向力(平板压缩))×2换算=84N(两指合力,非直接实测)"
轻脆\E060\s7.png,轻脆,易碎,易碎,E060,egg,,0.5,84,"f_min:ExpForce本物实测(0.5N,两指合力) | f_max:文献实测42.0N(单指法向力(平板压缩))×2换算=84N(两指合力,非直接实测)"
轻脆\E060\s8.png,轻脆,易碎,易碎,E060,egg,,0.5,84,"f_min:ExpForce本物实测(0.5N,两指合力) | f_max:文献实测42.0N(单指法向力(平板压缩))×2换算=84N(两指合力,非直接实测)"
轻脆\E060\s9.png,轻脆,易碎,易碎,E060,egg,,0.5,84,"f_min:ExpForce本物实测(0.5N,两指合力) | f_max:文献实测42.0N(单指法向力(平板压缩))×2换算=84N(两指合力,非直接实测)"
轻脆\E061\Large_white_egg.png,轻脆,易碎,易碎,E061,egg,,0.5,84,"f_min:ExpForce本物实测(0.5N,两指合力) | f_max:文献实测42.0N(单指法向力(平板压缩))×2换算=84N(两指合力,非直接实测)"
轻脆\E061\s1.png,轻脆,易碎,易碎,E061,egg,,0.5,84,"f_min:ExpForce本物实测(0.5N,两指合力) | f_max:文献实测42.0N(单指法向力(平板压缩))×2换算=84N(两指合力,非直接实测)"
轻脆\E061\s10.png,轻脆,易碎,易碎,E061,egg,,0.5,84,"f_min:ExpForce本物实测(0.5N,两指合力) | f_max:文献实测42.0N(单指法向力(平板压缩))×2换算=84N(两指合力,非直接实测)"
轻脆\E061\s11.png,轻脆,易碎,易碎,E061,egg,,0.5,84,"f_min:ExpForce本物实测(0.5N,两指合力) | f_max:文献实测42.0N(单指法向力(平板压缩))×2换算=84N(两指合力,非直接实测)"
轻脆\E061\s12.png,轻脆,易碎,易碎,E061,egg,,0.5,84,"f_min:ExpForce本物实测(0.5N,两指合力) | f_max:文献实测42.0N(单指法向力(平板压缩))×2换算=84N(两指合力,非直接实测)"
轻脆\E061\s13.png,轻脆,易碎,易碎,E061,egg,,0.5,84,"f_min:ExpForce本物实测(0.5N,两指合力) | f_max:文献实测42.0N(单指法向力(平板压缩))×2换算=84N(两指合力,非直接实测)"
轻脆\E061\s14.png,轻脆,易碎,易碎,E061,egg,,0.5,84,"f_min:ExpForce本物实测(0.5N,两指合力) | f_max:文献实测42.0N(单指法向力(平板压缩))×2换算=84N(两指合力,非直接实测)"
轻脆\E061\s2.png,轻脆,易碎,易碎,E061,egg,,0.5,84,"f_min:ExpForce本物实测(0.5N,两指合力) | f_max:文献实测42.0N(单指法向力(平板压缩))×2换算=84N(两指合力,非直接实测)"
轻脆\E061\s3.png,轻脆,易碎,易碎,E061,egg,,0.5,84,"f_min:ExpForce本物实测(0.5N,两指合力) | f_max:文献实测42.0N(单指法向力(平板压缩))×2换算=84N(两指合力,非直接实测)"
轻脆\E061\s4.png,轻脆,易碎,易碎,E061,egg,,0.5,84,"f_min:ExpForce本物实测(0.5N,两指合力) | f_max:文献实测42.0N(单指法向力(平板压缩))×2换算=84N(两指合力,非直接实测)"
轻脆\E061\s5.png,轻脆,易碎,易碎,E061,egg,,0.5,84,"f_min:ExpForce本物实测(0.5N,两指合力) | f_max:文献实测42.0N(单指法向力(平板压缩))×2换算=84N(两指合力,非直接实测)"
轻脆\E061\s6.png,轻脆,易碎,易碎,E061,egg,,0.5,84,"f_min:ExpForce本物实测(0.5N,两指合力) | f_max:文献实测42.0N(单指法向力(平板压缩))×2换算=84N(两指合力,非直接实测)"
轻脆\E061\s7.png,轻脆,易碎,易碎,E061,egg,,0.5,84,"f_min:ExpForce本物实测(0.5N,两指合力) | f_max:文献实测42.0N(单指法向力(平板压缩))×2换算=84N(两指合力,非直接实测)"
轻脆\E061\s8.png,轻脆,易碎,易碎,E061,egg,,0.5,84,"f_min:ExpForce本物实测(0.5N,两指合力) | f_max:文献实测42.0N(单指法向力(平板压缩))×2换算=84N(两指合力,非直接实测)"
轻脆\E061\s9.png,轻脆,易碎,易碎,E061,egg,,0.5,84,"f_min:ExpForce本物实测(0.5N,两指合力) | f_max:文献实测42.0N(单指法向力(平板压缩))×2换算=84N(两指合力,非直接实测)"
轻脆\FRA017\s0.png,轻脆,易碎,易碎,FRA017,thin_wall_metal,,,,f_min:无实测 | f_max:无实测
轻脆\FRA017\s1.png,轻脆,易碎,易碎,FRA017,thin_wall_metal,,,,f_min:无实测 | f_max:无实测
轻脆\FRA017\s10.png,轻脆,易碎,易碎,FRA017,thin_wall_metal,,,,f_min:无实测 | f_max:无实测
轻脆\FRA017\s11.png,轻脆,易碎,易碎,FRA017,thin_wall_metal,,,,f_min:无实测 | f_max:无实测
轻脆\FRA017\s12.png,轻脆,易碎,易碎,FRA017,thin_wall_metal,,,,f_min:无实测 | f_max:无实测
轻脆\FRA017\s13.png,轻脆,易碎,易碎,FRA017,thin_wall_metal,,,,f_min:无实测 | f_max:无实测
轻脆\FRA017\s14.png,轻脆,易碎,易碎,FRA017,thin_wall_metal,,,,f_min:无实测 | f_max:无实测
轻脆\FRA017\s15.png,轻脆,易碎,易碎,FRA017,thin_wall_metal,,,,f_min:无实测 | f_max:无实测
轻脆\FRA017\s2.png,轻脆,易碎,易碎,FRA017,thin_wall_metal,,,,f_min:无实测 | f_max:无实测
轻脆\FRA017\s4.png,轻脆,易碎,易碎,FRA017,thin_wall_metal,,,,f_min:无实测 | f_max:无实测
轻脆\FRA017\s5.png,轻脆,易碎,易碎,FRA017,thin_wall_metal,,,,f_min:无实测 | f_max:无实测
轻脆\FRA017\s6.png,轻脆,易碎,易碎,FRA017,thin_wall_metal,,,,f_min:无实测 | f_max:无实测
轻脆\FRA017\s7.png,轻脆,易碎,易碎,FRA017,thin_wall_metal,,,,f_min:无实测 | f_max:无实测
轻脆\FRA017\s8.png,轻脆,易碎,易碎,FRA017,thin_wall_metal,,,,f_min:无实测 | f_max:无实测
轻脆\FRA017\s9.png,轻脆,易碎,易碎,FRA017,thin_wall_metal,,,,f_min:无实测 | f_max:无实测
轻脆\FRA018\s0.png,轻脆,易碎,易碎,FRA018,thin_wall_plastic,,,,f_min:无实测 | f_max:无实测
轻脆\FRA018\s1.png,轻脆,易碎,易碎,FRA018,thin_wall_plastic,,,,f_min:无实测 | f_max:无实测
轻脆\FRA018\s10.png,轻脆,易碎,易碎,FRA018,thin_wall_plastic,,,,f_min:无实测 | f_max:无实测
轻脆\FRA018\s11.png,轻脆,易碎,易碎,FRA018,thin_wall_plastic,,,,f_min:无实测 | f_max:无实测
轻脆\FRA018\s12.png,轻脆,易碎,易碎,FRA018,thin_wall_plastic,,,,f_min:无实测 | f_max:无实测
轻脆\FRA018\s13.png,轻脆,易碎,易碎,FRA018,thin_wall_plastic,,,,f_min:无实测 | f_max:无实测
轻脆\FRA018\s14.png,轻脆,易碎,易碎,FRA018,thin_wall_plastic,,,,f_min:无实测 | f_max:无实测
轻脆\FRA018\s2.png,轻脆,易碎,易碎,FRA018,thin_wall_plastic,,,,f_min:无实测 | f_max:无实测
轻脆\FRA018\s3.png,轻脆,易碎,易碎,FRA018,thin_wall_plastic,,,,f_min:无实测 | f_max:无实测
轻脆\FRA018\s4.png,轻脆,易碎,易碎,FRA018,thin_wall_plastic,,,,f_min:无实测 | f_max:无实测
轻脆\FRA018\s5.png,轻脆,易碎,易碎,FRA018,thin_wall_plastic,,,,f_min:无实测 | f_max:无实测
轻脆\FRA018\s6.png,轻脆,易碎,易碎,FRA018,thin_wall_plastic,,,,f_min:无实测 | f_max:无实测
轻脆\FRA018\s7.png,轻脆,易碎,易碎,FRA018,thin_wall_plastic,,,,f_min:无实测 | f_max:无实测
轻脆\FRA018\s8.png,轻脆,易碎,易碎,FRA018,thin_wall_plastic,,,,f_min:无实测 | f_max:无实测
轻脆\FRA018\s9.png,轻脆,易碎,易碎,FRA018,thin_wall_plastic,,,,f_min:无实测 | f_max:无实测
轻脆\FRA019\s0.png,轻脆,易碎,易碎,FRA019,brittle_snack,,0.5,4.8,"f_min:同型转移(密封零食袋)(0.5N,两指合力) | f_max:文献实测2.4N(单指法向力(压头加载))×2换算=4.8N(两指合力,非直接实测)"
轻脆\FRA019\s1.png,轻脆,易碎,易碎,FRA019,brittle_snack,,0.5,4.8,"f_min:同型转移(密封零食袋)(0.5N,两指合力) | f_max:文献实测2.4N(单指法向力(压头加载))×2换算=4.8N(两指合力,非直接实测)"
轻脆\FRA019\s10.png,轻脆,易碎,易碎,FRA019,brittle_snack,,0.5,4.8,"f_min:同型转移(密封零食袋)(0.5N,两指合力) | f_max:文献实测2.4N(单指法向力(压头加载))×2换算=4.8N(两指合力,非直接实测)"
轻脆\FRA019\s11.png,轻脆,易碎,易碎,FRA019,brittle_snack,,0.5,4.8,"f_min:同型转移(密封零食袋)(0.5N,两指合力) | f_max:文献实测2.4N(单指法向力(压头加载))×2换算=4.8N(两指合力,非直接实测)"
轻脆\FRA019\s12.png,轻脆,易碎,易碎,FRA019,brittle_snack,,0.5,4.8,"f_min:同型转移(密封零食袋)(0.5N,两指合力) | f_max:文献实测2.4N(单指法向力(压头加载))×2换算=4.8N(两指合力,非直接实测)"
轻脆\FRA019\s13.png,轻脆,易碎,易碎,FRA019,brittle_snack,,0.5,4.8,"f_min:同型转移(密封零食袋)(0.5N,两指合力) | f_max:文献实测2.4N(单指法向力(压头加载))×2换算=4.8N(两指合力,非直接实测)"
轻脆\FRA019\s14.png,轻脆,易碎,易碎,FRA019,brittle_snack,,0.5,4.8,"f_min:同型转移(密封零食袋)(0.5N,两指合力) | f_max:文献实测2.4N(单指法向力(压头加载))×2换算=4.8N(两指合力,非直接实测)"
轻脆\FRA019\s2.png,轻脆,易碎,易碎,FRA019,brittle_snack,,0.5,4.8,"f_min:同型转移(密封零食袋)(0.5N,两指合力) | f_max:文献实测2.4N(单指法向力(压头加载))×2换算=4.8N(两指合力,非直接实测)"
轻脆\FRA019\s3.png,轻脆,易碎,易碎,FRA019,brittle_snack,,0.5,4.8,"f_min:同型转移(密封零食袋)(0.5N,两指合力) | f_max:文献实测2.4N(单指法向力(压头加载))×2换算=4.8N(两指合力,非直接实测)"
轻脆\FRA019\s4.png,轻脆,易碎,易碎,FRA019,brittle_snack,,0.5,4.8,"f_min:同型转移(密封零食袋)(0.5N,两指合力) | f_max:文献实测2.4N(单指法向力(压头加载))×2换算=4.8N(两指合力,非直接实测)"
轻脆\FRA019\s5.png,轻脆,易碎,易碎,FRA019,brittle_snack,,0.5,4.8,"f_min:同型转移(密封零食袋)(0.5N,两指合力) | f_max:文献实测2.4N(单指法向力(压头加载))×2换算=4.8N(两指合力,非直接实测)"
轻脆\FRA019\s6.png,轻脆,易碎,易碎,FRA019,brittle_snack,,0.5,4.8,"f_min:同型转移(密封零食袋)(0.5N,两指合力) | f_max:文献实测2.4N(单指法向力(压头加载))×2换算=4.8N(两指合力,非直接实测)"
轻脆\FRA019\s7.png,轻脆,易碎,易碎,FRA019,brittle_snack,,0.5,4.8,"f_min:同型转移(密封零食袋)(0.5N,两指合力) | f_max:文献实测2.4N(单指法向力(压头加载))×2换算=4.8N(两指合力,非直接实测)"
轻脆\FRA019\s8.png,轻脆,易碎,易碎,FRA019,brittle_snack,,0.5,4.8,"f_min:同型转移(密封零食袋)(0.5N,两指合力) | f_max:文献实测2.4N(单指法向力(压头加载))×2换算=4.8N(两指合力,非直接实测)"
轻脆\FRA019\s9.png,轻脆,易碎,易碎,FRA019,brittle_snack,,0.5,4.8,"f_min:同型转移(密封零食袋)(0.5N,两指合力) | f_max:文献实测2.4N(单指法向力(压头加载))×2换算=4.8N(两指合力,非直接实测)"
轻脆\FRA020\s0.png,轻脆,易碎,易碎,FRA020,brittle_snack,,2.0,,"f_min:同型转移(薄脆饼干盒)(2.0N,两指合力) | f_max:无实测"
轻脆\FRA020\s1.png,轻脆,易碎,易碎,FRA020,brittle_snack,,2.0,,"f_min:同型转移(薄脆饼干盒)(2.0N,两指合力) | f_max:无实测"
轻脆\FRA020\s10.png,轻脆,易碎,易碎,FRA020,brittle_snack,,2.0,,"f_min:同型转移(薄脆饼干盒)(2.0N,两指合力) | f_max:无实测"
轻脆\FRA020\s11.png,轻脆,易碎,易碎,FRA020,brittle_snack,,2.0,,"f_min:同型转移(薄脆饼干盒)(2.0N,两指合力) | f_max:无实测"
轻脆\FRA020\s12.png,轻脆,易碎,易碎,FRA020,brittle_snack,,2.0,,"f_min:同型转移(薄脆饼干盒)(2.0N,两指合力) | f_max:无实测"
轻脆\FRA020\s13.png,轻脆,易碎,易碎,FRA020,brittle_snack,,2.0,,"f_min:同型转移(薄脆饼干盒)(2.0N,两指合力) | f_max:无实测"
轻脆\FRA020\s14.png,轻脆,易碎,易碎,FRA020,brittle_snack,,2.0,,"f_min:同型转移(薄脆饼干盒)(2.0N,两指合力) | f_max:无实测"
轻脆\FRA020\s2.png,轻脆,易碎,易碎,FRA020,brittle_snack,,2.0,,"f_min:同型转移(薄脆饼干盒)(2.0N,两指合力) | f_max:无实测"
轻脆\FRA020\s3.png,轻脆,易碎,易碎,FRA020,brittle_snack,,2.0,,"f_min:同型转移(薄脆饼干盒)(2.0N,两指合力) | f_max:无实测"
轻脆\FRA020\s4.png,轻脆,易碎,易碎,FRA020,brittle_snack,,2.0,,"f_min:同型转移(薄脆饼干盒)(2.0N,两指合力) | f_max:无实测"
轻脆\FRA020\s5.png,轻脆,易碎,易碎,FRA020,brittle_snack,,2.0,,"f_min:同型转移(薄脆饼干盒)(2.0N,两指合力) | f_max:无实测"
轻脆\FRA020\s6.png,轻脆,易碎,易碎,FRA020,brittle_snack,,2.0,,"f_min:同型转移(薄脆饼干盒)(2.0N,两指合力) | f_max:无实测"
轻脆\FRA020\s7.png,轻脆,易碎,易碎,FRA020,brittle_snack,,2.0,,"f_min:同型转移(薄脆饼干盒)(2.0N,两指合力) | f_max:无实测"
轻脆\FRA020\s8.png,轻脆,易碎,易碎,FRA020,brittle_snack,,2.0,,"f_min:同型转移(薄脆饼干盒)(2.0N,两指合力) | f_max:无实测"
轻脆\FRA020\s9.png,轻脆,易碎,易碎,FRA020,brittle_snack,,2.0,,"f_min:同型转移(薄脆饼干盒)(2.0N,两指合力) | f_max:无实测"
轻脆\FRA021\s0.png,轻脆,易碎,易碎,FRA021,brittle_snack,,,,f_min:无实测 | f_max:无实测
轻脆\FRA021\s1.png,轻脆,易碎,易碎,FRA021,brittle_snack,,,,f_min:无实测 | f_max:无实测
轻脆\FRA021\s10.png,轻脆,易碎,易碎,FRA021,brittle_snack,,,,f_min:无实测 | f_max:无实测
轻脆\FRA021\s11.png,轻脆,易碎,易碎,FRA021,brittle_snack,,,,f_min:无实测 | f_max:无实测
轻脆\FRA021\s12.png,轻脆,易碎,易碎,FRA021,brittle_snack,,,,f_min:无实测 | f_max:无实测
轻脆\FRA021\s13.png,轻脆,易碎,易碎,FRA021,brittle_snack,,,,f_min:无实测 | f_max:无实测
轻脆\FRA021\s14.png,轻脆,易碎,易碎,FRA021,brittle_snack,,,,f_min:无实测 | f_max:无实测
轻脆\FRA021\s2.png,轻脆,易碎,易碎,FRA021,brittle_snack,,,,f_min:无实测 | f_max:无实测
轻脆\FRA021\s3.png,轻脆,易碎,易碎,FRA021,brittle_snack,,,,f_min:无实测 | f_max:无实测
轻脆\FRA021\s4.png,轻脆,易碎,易碎,FRA021,brittle_snack,,,,f_min:无实测 | f_max:无实测
轻脆\FRA021\s5.png,轻脆,易碎,易碎,FRA021,brittle_snack,,,,f_min:无实测 | f_max:无实测
轻脆\FRA021\s6.png,轻脆,易碎,易碎,FRA021,brittle_snack,,,,f_min:无实测 | f_max:无实测
轻脆\FRA021\s7.png,轻脆,易碎,易碎,FRA021,brittle_snack,,,,f_min:无实测 | f_max:无实测
轻脆\FRA021\s8.png,轻脆,易碎,易碎,FRA021,brittle_snack,,,,f_min:无实测 | f_max:无实测
轻脆\FRA021\s9.png,轻脆,易碎,易碎,FRA021,brittle_snack,,,,f_min:无实测 | f_max:无实测
轻脆\FRA024\s0.png,轻脆,易碎,易碎,FRA024,egg,,0.5,84,"f_min:ExpForce同型实测(Large brown egg; f_min=0.5N)(0.5N,两指合力) | f_max:文献实测42.0N(单指法向力(平板压缩))×2换算=84N(两指合力,非直接实测)"
轻脆\FRA024\s1.png,轻脆,易碎,易碎,FRA024,egg,,0.5,84,"f_min:ExpForce同型实测(Large brown egg; f_min=0.5N)(0.5N,两指合力) | f_max:文献实测42.0N(单指法向力(平板压缩))×2换算=84N(两指合力,非直接实测)"
轻脆\FRA024\s10.png,轻脆,易碎,易碎,FRA024,egg,,0.5,84,"f_min:ExpForce同型实测(Large brown egg; f_min=0.5N)(0.5N,两指合力) | f_max:文献实测42.0N(单指法向力(平板压缩))×2换算=84N(两指合力,非直接实测)"
轻脆\FRA024\s11.png,轻脆,易碎,易碎,FRA024,egg,,0.5,84,"f_min:ExpForce同型实测(Large brown egg; f_min=0.5N)(0.5N,两指合力) | f_max:文献实测42.0N(单指法向力(平板压缩))×2换算=84N(两指合力,非直接实测)"
轻脆\FRA024\s12.png,轻脆,易碎,易碎,FRA024,egg,,0.5,84,"f_min:ExpForce同型实测(Large brown egg; f_min=0.5N)(0.5N,两指合力) | f_max:文献实测42.0N(单指法向力(平板压缩))×2换算=84N(两指合力,非直接实测)"
轻脆\FRA024\s13.png,轻脆,易碎,易碎,FRA024,egg,,0.5,84,"f_min:ExpForce同型实测(Large brown egg; f_min=0.5N)(0.5N,两指合力) | f_max:文献实测42.0N(单指法向力(平板压缩))×2换算=84N(两指合力,非直接实测)"
轻脆\FRA024\s14.png,轻脆,易碎,易碎,FRA024,egg,,0.5,84,"f_min:ExpForce同型实测(Large brown egg; f_min=0.5N)(0.5N,两指合力) | f_max:文献实测42.0N(单指法向力(平板压缩))×2换算=84N(两指合力,非直接实测)"
轻脆\FRA024\s2.png,轻脆,易碎,易碎,FRA024,egg,,0.5,84,"f_min:ExpForce同型实测(Large brown egg; f_min=0.5N)(0.5N,两指合力) | f_max:文献实测42.0N(单指法向力(平板压缩))×2换算=84N(两指合力,非直接实测)"
轻脆\FRA024\s3.png,轻脆,易碎,易碎,FRA024,egg,,0.5,84,"f_min:ExpForce同型实测(Large brown egg; f_min=0.5N)(0.5N,两指合力) | f_max:文献实测42.0N(单指法向力(平板压缩))×2换算=84N(两指合力,非直接实测)"
轻脆\FRA024\s4.png,轻脆,易碎,易碎,FRA024,egg,,0.5,84,"f_min:ExpForce同型实测(Large brown egg; f_min=0.5N)(0.5N,两指合力) | f_max:文献实测42.0N(单指法向力(平板压缩))×2换算=84N(两指合力,非直接实测)"
轻脆\FRA024\s5.png,轻脆,易碎,易碎,FRA024,egg,,0.5,84,"f_min:ExpForce同型实测(Large brown egg; f_min=0.5N)(0.5N,两指合力) | f_max:文献实测42.0N(单指法向力(平板压缩))×2换算=84N(两指合力,非直接实测)"
轻脆\FRA024\s6.png,轻脆,易碎,易碎,FRA024,egg,,0.5,84,"f_min:ExpForce同型实测(Large brown egg; f_min=0.5N)(0.5N,两指合力) | f_max:文献实测42.0N(单指法向力(平板压缩))×2换算=84N(两指合力,非直接实测)"
轻脆\FRA024\s7.png,轻脆,易碎,易碎,FRA024,egg,,0.5,84,"f_min:ExpForce同型实测(Large brown egg; f_min=0.5N)(0.5N,两指合力) | f_max:文献实测42.0N(单指法向力(平板压缩))×2换算=84N(两指合力,非直接实测)"
轻脆\FRA024\s8.png,轻脆,易碎,易碎,FRA024,egg,,0.5,84,"f_min:ExpForce同型实测(Large brown egg; f_min=0.5N)(0.5N,两指合力) | f_max:文献实测42.0N(单指法向力(平板压缩))×2换算=84N(两指合力,非直接实测)"
轻脆\FRA024\s9.png,轻脆,易碎,易碎,FRA024,egg,,0.5,84,"f_min:ExpForce同型实测(Large brown egg; f_min=0.5N)(0.5N,两指合力) | f_max:文献实测42.0N(单指法向力(平板压缩))×2换算=84N(两指合力,非直接实测)"
轻脆\FRA025\s0.png,轻脆,易碎,易碎,FRA025,egg,,0.5,,"f_min:同型转移(蛋类)(0.5N,两指合力) | f_max:无实测"
轻脆\FRA025\s1.png,轻脆,易碎,易碎,FRA025,egg,,0.5,,"f_min:同型转移(蛋类)(0.5N,两指合力) | f_max:无实测"
轻脆\FRA025\s10.png,轻脆,易碎,易碎,FRA025,egg,,0.5,,"f_min:同型转移(蛋类)(0.5N,两指合力) | f_max:无实测"
轻脆\FRA025\s11.png,轻脆,易碎,易碎,FRA025,egg,,0.5,,"f_min:同型转移(蛋类)(0.5N,两指合力) | f_max:无实测"
轻脆\FRA025\s12.png,轻脆,易碎,易碎,FRA025,egg,,0.5,,"f_min:同型转移(蛋类)(0.5N,两指合力) | f_max:无实测"
轻脆\FRA025\s13.png,轻脆,易碎,易碎,FRA025,egg,,0.5,,"f_min:同型转移(蛋类)(0.5N,两指合力) | f_max:无实测"
轻脆\FRA025\s14.png,轻脆,易碎,易碎,FRA025,egg,,0.5,,"f_min:同型转移(蛋类)(0.5N,两指合力) | f_max:无实测"
轻脆\FRA025\s2.png,轻脆,易碎,易碎,FRA025,egg,,0.5,,"f_min:同型转移(蛋类)(0.5N,两指合力) | f_max:无实测"
轻脆\FRA025\s3.png,轻脆,易碎,易碎,FRA025,egg,,0.5,,"f_min:同型转移(蛋类)(0.5N,两指合力) | f_max:无实测"
轻脆\FRA025\s4.png,轻脆,易碎,易碎,FRA025,egg,,0.5,,"f_min:同型转移(蛋类)(0.5N,两指合力) | f_max:无实测"
轻脆\FRA025\s5.png,轻脆,易碎,易碎,FRA025,egg,,0.5,,"f_min:同型转移(蛋类)(0.5N,两指合力) | f_max:无实测"
轻脆\FRA025\s6.png,轻脆,易碎,易碎,FRA025,egg,,0.5,,"f_min:同型转移(蛋类)(0.5N,两指合力) | f_max:无实测"
轻脆\FRA025\s7.png,轻脆,易碎,易碎,FRA025,egg,,0.5,,"f_min:同型转移(蛋类)(0.5N,两指合力) | f_max:无实测"
轻脆\FRA025\s8.png,轻脆,易碎,易碎,FRA025,egg,,0.5,,"f_min:同型转移(蛋类)(0.5N,两指合力) | f_max:无实测"
轻脆\FRA025\s9.png,轻脆,易碎,易碎,FRA025,egg,,0.5,,"f_min:同型转移(蛋类)(0.5N,两指合力) | f_max:无实测"
轻脆\FRA026\s0.png,轻脆,易碎,易碎,FRA026,natural_brittle,,,,f_min:无实测 | f_max:无实测
轻脆\FRA026\s1.png,轻脆,易碎,易碎,FRA026,natural_brittle,,,,f_min:无实测 | f_max:无实测
轻脆\FRA026\s10.png,轻脆,易碎,易碎,FRA026,natural_brittle,,,,f_min:无实测 | f_max:无实测
轻脆\FRA026\s11.png,轻脆,易碎,易碎,FRA026,natural_brittle,,,,f_min:无实测 | f_max:无实测
轻脆\FRA026\s12.png,轻脆,易碎,易碎,FRA026,natural_brittle,,,,f_min:无实测 | f_max:无实测
轻脆\FRA026\s13.png,轻脆,易碎,易碎,FRA026,natural_brittle,,,,f_min:无实测 | f_max:无实测
轻脆\FRA026\s14.png,轻脆,易碎,易碎,FRA026,natural_brittle,,,,f_min:无实测 | f_max:无实测
轻脆\FRA026\s2.png,轻脆,易碎,易碎,FRA026,natural_brittle,,,,f_min:无实测 | f_max:无实测
轻脆\FRA026\s3.png,轻脆,易碎,易碎,FRA026,natural_brittle,,,,f_min:无实测 | f_max:无实测
轻脆\FRA026\s4.png,轻脆,易碎,易碎,FRA026,natural_brittle,,,,f_min:无实测 | f_max:无实测
轻脆\FRA026\s5.png,轻脆,易碎,易碎,FRA026,natural_brittle,,,,f_min:无实测 | f_max:无实测
轻脆\FRA026\s6.png,轻脆,易碎,易碎,FRA026,natural_brittle,,,,f_min:无实测 | f_max:无实测
轻脆\FRA026\s7.png,轻脆,易碎,易碎,FRA026,natural_brittle,,,,f_min:无实测 | f_max:无实测
轻脆\FRA026\s8.png,轻脆,易碎,易碎,FRA026,natural_brittle,,,,f_min:无实测 | f_max:无实测
轻脆\FRA026\s9.png,轻脆,易碎,易碎,FRA026,natural_brittle,,,,f_min:无实测 | f_max:无实测
轻脆\FRA027\s0.png,轻脆,易碎,易碎,FRA027,natural_brittle,,,,f_min:无实测 | f_max:无实测
轻脆\FRA027\s1.png,轻脆,易碎,易碎,FRA027,natural_brittle,,,,f_min:无实测 | f_max:无实测
轻脆\FRA027\s10.png,轻脆,易碎,易碎,FRA027,natural_brittle,,,,f_min:无实测 | f_max:无实测
轻脆\FRA027\s11.png,轻脆,易碎,易碎,FRA027,natural_brittle,,,,f_min:无实测 | f_max:无实测
轻脆\FRA027\s12.png,轻脆,易碎,易碎,FRA027,natural_brittle,,,,f_min:无实测 | f_max:无实测
轻脆\FRA027\s13.png,轻脆,易碎,易碎,FRA027,natural_brittle,,,,f_min:无实测 | f_max:无实测
轻脆\FRA027\s14.png,轻脆,易碎,易碎,FRA027,natural_brittle,,,,f_min:无实测 | f_max:无实测
轻脆\FRA027\s2.png,轻脆,易碎,易碎,FRA027,natural_brittle,,,,f_min:无实测 | f_max:无实测
轻脆\FRA027\s3.png,轻脆,易碎,易碎,FRA027,natural_brittle,,,,f_min:无实测 | f_max:无实测
轻脆\FRA027\s4.png,轻脆,易碎,易碎,FRA027,natural_brittle,,,,f_min:无实测 | f_max:无实测
轻脆\FRA027\s5.png,轻脆,易碎,易碎,FRA027,natural_brittle,,,,f_min:无实测 | f_max:无实测
轻脆\FRA027\s6.png,轻脆,易碎,易碎,FRA027,natural_brittle,,,,f_min:无实测 | f_max:无实测
轻脆\FRA027\s7.png,轻脆,易碎,易碎,FRA027,natural_brittle,,,,f_min:无实测 | f_max:无实测
轻脆\FRA027\s8.png,轻脆,易碎,易碎,FRA027,natural_brittle,,,,f_min:无实测 | f_max:无实测
轻脆\FRA027\s9.png,轻脆,易碎,易碎,FRA027,natural_brittle,,,,f_min:无实测 | f_max:无实测
轻脆\FRA028\s0.png,轻脆,易碎,易碎,FRA028,brittle_stationery,,,,f_min:无实测 | f_max:无实测
轻脆\FRA028\s1.png,轻脆,易碎,易碎,FRA028,brittle_stationery,,,,f_min:无实测 | f_max:无实测
轻脆\FRA028\s10.png,轻脆,易碎,易碎,FRA028,brittle_stationery,,,,f_min:无实测 | f_max:无实测
轻脆\FRA028\s11.png,轻脆,易碎,易碎,FRA028,brittle_stationery,,,,f_min:无实测 | f_max:无实测
轻脆\FRA028\s12.png,轻脆,易碎,易碎,FRA028,brittle_stationery,,,,f_min:无实测 | f_max:无实测
轻脆\FRA028\s13.png,轻脆,易碎,易碎,FRA028,brittle_stationery,,,,f_min:无实测 | f_max:无实测
轻脆\FRA028\s14.png,轻脆,易碎,易碎,FRA028,brittle_stationery,,,,f_min:无实测 | f_max:无实测
轻脆\FRA028\s2.png,轻脆,易碎,易碎,FRA028,brittle_stationery,,,,f_min:无实测 | f_max:无实测
轻脆\FRA028\s3.png,轻脆,易碎,易碎,FRA028,brittle_stationery,,,,f_min:无实测 | f_max:无实测
轻脆\FRA028\s4.png,轻脆,易碎,易碎,FRA028,brittle_stationery,,,,f_min:无实测 | f_max:无实测
轻脆\FRA028\s5.png,轻脆,易碎,易碎,FRA028,brittle_stationery,,,,f_min:无实测 | f_max:无实测
轻脆\FRA028\s6.png,轻脆,易碎,易碎,FRA028,brittle_stationery,,,,f_min:无实测 | f_max:无实测
轻脆\FRA028\s7.png,轻脆,易碎,易碎,FRA028,brittle_stationery,,,,f_min:无实测 | f_max:无实测
轻脆\FRA028\s8.png,轻脆,易碎,易碎,FRA028,brittle_stationery,,,,f_min:无实测 | f_max:无实测
轻脆\FRA028\s9.png,轻脆,易碎,易碎,FRA028,brittle_stationery,,,,f_min:无实测 | f_max:无实测
轻脆\FRA029\s0.png,轻脆,易碎,易碎,FRA029,brittle_stationery,,,,f_min:无实测 | f_max:无实测
轻脆\FRA029\s1.png,轻脆,易碎,易碎,FRA029,brittle_stationery,,,,f_min:无实测 | f_max:无实测
轻脆\FRA029\s10.png,轻脆,易碎,易碎,FRA029,brittle_stationery,,,,f_min:无实测 | f_max:无实测
轻脆\FRA029\s11.png,轻脆,易碎,易碎,FRA029,brittle_stationery,,,,f_min:无实测 | f_max:无实测
轻脆\FRA029\s12.png,轻脆,易碎,易碎,FRA029,brittle_stationery,,,,f_min:无实测 | f_max:无实测
轻脆\FRA029\s13.png,轻脆,易碎,易碎,FRA029,brittle_stationery,,,,f_min:无实测 | f_max:无实测
轻脆\FRA029\s14.png,轻脆,易碎,易碎,FRA029,brittle_stationery,,,,f_min:无实测 | f_max:无实测
轻脆\FRA029\s2.png,轻脆,易碎,易碎,FRA029,brittle_stationery,,,,f_min:无实测 | f_max:无实测
轻脆\FRA029\s3.png,轻脆,易碎,易碎,FRA029,brittle_stationery,,,,f_min:无实测 | f_max:无实测
轻脆\FRA029\s4.png,轻脆,易碎,易碎,FRA029,brittle_stationery,,,,f_min:无实测 | f_max:无实测
轻脆\FRA029\s5.png,轻脆,易碎,易碎,FRA029,brittle_stationery,,,,f_min:无实测 | f_max:无实测
轻脆\FRA029\s6.png,轻脆,易碎,易碎,FRA029,brittle_stationery,,,,f_min:无实测 | f_max:无实测
轻脆\FRA029\s7.png,轻脆,易碎,易碎,FRA029,brittle_stationery,,,,f_min:无实测 | f_max:无实测
轻脆\FRA029\s8.png,轻脆,易碎,易碎,FRA029,brittle_stationery,,,,f_min:无实测 | f_max:无实测
轻脆\FRA029\s9.png,轻脆,易碎,易碎,FRA029,brittle_stationery,,,,f_min:无实测 | f_max:无实测
轻脆\FRA030\s0.png,轻脆,易碎,易碎,FRA030,brittle_stationery,,,,f_min:无实测 | f_max:无实测
轻脆\FRA030\s1.png,轻脆,易碎,易碎,FRA030,brittle_stationery,,,,f_min:无实测 | f_max:无实测
轻脆\FRA030\s10.png,轻脆,易碎,易碎,FRA030,brittle_stationery,,,,f_min:无实测 | f_max:无实测
轻脆\FRA030\s11.png,轻脆,易碎,易碎,FRA030,brittle_stationery,,,,f_min:无实测 | f_max:无实测
轻脆\FRA030\s12.png,轻脆,易碎,易碎,FRA030,brittle_stationery,,,,f_min:无实测 | f_max:无实测
轻脆\FRA030\s13.png,轻脆,易碎,易碎,FRA030,brittle_stationery,,,,f_min:无实测 | f_max:无实测
轻脆\FRA030\s14.png,轻脆,易碎,易碎,FRA030,brittle_stationery,,,,f_min:无实测 | f_max:无实测
轻脆\FRA030\s2.png,轻脆,易碎,易碎,FRA030,brittle_stationery,,,,f_min:无实测 | f_max:无实测
轻脆\FRA030\s3.png,轻脆,易碎,易碎,FRA030,brittle_stationery,,,,f_min:无实测 | f_max:无实测
轻脆\FRA030\s4.png,轻脆,易碎,易碎,FRA030,brittle_stationery,,,,f_min:无实测 | f_max:无实测
轻脆\FRA030\s5.png,轻脆,易碎,易碎,FRA030,brittle_stationery,,,,f_min:无实测 | f_max:无实测
轻脆\FRA030\s6.png,轻脆,易碎,易碎,FRA030,brittle_stationery,,,,f_min:无实测 | f_max:无实测
轻脆\FRA030\s7.png,轻脆,易碎,易碎,FRA030,brittle_stationery,,,,f_min:无实测 | f_max:无实测
轻脆\FRA030\s8.png,轻脆,易碎,易碎,FRA030,brittle_stationery,,,,f_min:无实测 | f_max:无实测
轻脆\FRA030\s9.png,轻脆,易碎,易碎,FRA030,brittle_stationery,,,,f_min:无实测 | f_max:无实测
轻脆\FRA041\s0.png,轻脆,易碎,易碎,FRA041,brittle_snack,,2.0,,"f_min:同型转移(曲奇盒)(2.0N,两指合力) | f_max:无实测"
轻脆\FRA041\s1.png,轻脆,易碎,易碎,FRA041,brittle_snack,,2.0,,"f_min:同型转移(曲奇盒)(2.0N,两指合力) | f_max:无实测"
轻脆\FRA041\s10.png,轻脆,易碎,易碎,FRA041,brittle_snack,,2.0,,"f_min:同型转移(曲奇盒)(2.0N,两指合力) | f_max:无实测"
轻脆\FRA041\s11.png,轻脆,易碎,易碎,FRA041,brittle_snack,,2.0,,"f_min:同型转移(曲奇盒)(2.0N,两指合力) | f_max:无实测"
轻脆\FRA041\s12.png,轻脆,易碎,易碎,FRA041,brittle_snack,,2.0,,"f_min:同型转移(曲奇盒)(2.0N,两指合力) | f_max:无实测"
轻脆\FRA041\s13.png,轻脆,易碎,易碎,FRA041,brittle_snack,,2.0,,"f_min:同型转移(曲奇盒)(2.0N,两指合力) | f_max:无实测"
轻脆\FRA041\s14.png,轻脆,易碎,易碎,FRA041,brittle_snack,,2.0,,"f_min:同型转移(曲奇盒)(2.0N,两指合力) | f_max:无实测"
轻脆\FRA041\s2.png,轻脆,易碎,易碎,FRA041,brittle_snack,,2.0,,"f_min:同型转移(曲奇盒)(2.0N,两指合力) | f_max:无实测"
轻脆\FRA041\s3.png,轻脆,易碎,易碎,FRA041,brittle_snack,,2.0,,"f_min:同型转移(曲奇盒)(2.0N,两指合力) | f_max:无实测"
轻脆\FRA041\s4.png,轻脆,易碎,易碎,FRA041,brittle_snack,,2.0,,"f_min:同型转移(曲奇盒)(2.0N,两指合力) | f_max:无实测"
轻脆\FRA041\s5.png,轻脆,易碎,易碎,FRA041,brittle_snack,,2.0,,"f_min:同型转移(曲奇盒)(2.0N,两指合力) | f_max:无实测"
轻脆\FRA041\s6.png,轻脆,易碎,易碎,FRA041,brittle_snack,,2.0,,"f_min:同型转移(曲奇盒)(2.0N,两指合力) | f_max:无实测"
轻脆\FRA041\s7.png,轻脆,易碎,易碎,FRA041,brittle_snack,,2.0,,"f_min:同型转移(曲奇盒)(2.0N,两指合力) | f_max:无实测"
轻脆\FRA041\s8.png,轻脆,易碎,易碎,FRA041,brittle_snack,,2.0,,"f_min:同型转移(曲奇盒)(2.0N,两指合力) | f_max:无实测"
轻脆\FRA041\s9.png,轻脆,易碎,易碎,FRA041,brittle_snack,,2.0,,"f_min:同型转移(曲奇盒)(2.0N,两指合力) | f_max:无实测"
轻脆\FRA042\s0.png,轻脆,易碎,易碎,FRA042,brittle_snack,,,,f_min:无实测 | f_max:无实测
轻脆\FRA042\s1.png,轻脆,易碎,易碎,FRA042,brittle_snack,,,,f_min:无实测 | f_max:无实测
轻脆\FRA042\s10.png,轻脆,易碎,易碎,FRA042,brittle_snack,,,,f_min:无实测 | f_max:无实测
轻脆\FRA042\s11.png,轻脆,易碎,易碎,FRA042,brittle_snack,,,,f_min:无实测 | f_max:无实测
轻脆\FRA042\s12.png,轻脆,易碎,易碎,FRA042,brittle_snack,,,,f_min:无实测 | f_max:无实测
轻脆\FRA042\s13.png,轻脆,易碎,易碎,FRA042,brittle_snack,,,,f_min:无实测 | f_max:无实测
轻脆\FRA042\s14.png,轻脆,易碎,易碎,FRA042,brittle_snack,,,,f_min:无实测 | f_max:无实测
轻脆\FRA042\s2.png,轻脆,易碎,易碎,FRA042,brittle_snack,,,,f_min:无实测 | f_max:无实测
轻脆\FRA042\s3.png,轻脆,易碎,易碎,FRA042,brittle_snack,,,,f_min:无实测 | f_max:无实测
轻脆\FRA042\s4.png,轻脆,易碎,易碎,FRA042,brittle_snack,,,,f_min:无实测 | f_max:无实测
轻脆\FRA042\s5.png,轻脆,易碎,易碎,FRA042,brittle_snack,,,,f_min:无实测 | f_max:无实测
轻脆\FRA042\s6.png,轻脆,易碎,易碎,FRA042,brittle_snack,,,,f_min:无实测 | f_max:无实测
轻脆\FRA042\s7.png,轻脆,易碎,易碎,FRA042,brittle_snack,,,,f_min:无实测 | f_max:无实测
轻脆\FRA042\s8.png,轻脆,易碎,易碎,FRA042,brittle_snack,,,,f_min:无实测 | f_max:无实测
轻脆\FRA042\s9.png,轻脆,易碎,易碎,FRA042,brittle_snack,,,,f_min:无实测 | f_max:无实测
轻脆\FRA043\s0.png,轻脆,易碎,易碎,FRA043,brittle_snack,,,,f_min:无实测 | f_max:无实测
轻脆\FRA043\s1.png,轻脆,易碎,易碎,FRA043,brittle_snack,,,,f_min:无实测 | f_max:无实测
轻脆\FRA043\s10.png,轻脆,易碎,易碎,FRA043,brittle_snack,,,,f_min:无实测 | f_max:无实测
轻脆\FRA043\s11.png,轻脆,易碎,易碎,FRA043,brittle_snack,,,,f_min:无实测 | f_max:无实测
轻脆\FRA043\s12.png,轻脆,易碎,易碎,FRA043,brittle_snack,,,,f_min:无实测 | f_max:无实测
轻脆\FRA043\s13.png,轻脆,易碎,易碎,FRA043,brittle_snack,,,,f_min:无实测 | f_max:无实测
轻脆\FRA043\s14.png,轻脆,易碎,易碎,FRA043,brittle_snack,,,,f_min:无实测 | f_max:无实测
轻脆\FRA043\s2.png,轻脆,易碎,易碎,FRA043,brittle_snack,,,,f_min:无实测 | f_max:无实测
轻脆\FRA043\s3.png,轻脆,易碎,易碎,FRA043,brittle_snack,,,,f_min:无实测 | f_max:无实测
轻脆\FRA043\s4.png,轻脆,易碎,易碎,FRA043,brittle_snack,,,,f_min:无实测 | f_max:无实测
轻脆\FRA043\s5.png,轻脆,易碎,易碎,FRA043,brittle_snack,,,,f_min:无实测 | f_max:无实测
轻脆\FRA043\s6.png,轻脆,易碎,易碎,FRA043,brittle_snack,,,,f_min:无实测 | f_max:无实测
轻脆\FRA043\s7.png,轻脆,易碎,易碎,FRA043,brittle_snack,,,,f_min:无实测 | f_max:无实测
轻脆\FRA043\s8.png,轻脆,易碎,易碎,FRA043,brittle_snack,,,,f_min:无实测 | f_max:无实测
轻脆\FRA043\s9.png,轻脆,易碎,易碎,FRA043,brittle_snack,,,,f_min:无实测 | f_max:无实测
轻脆\FRA044\s0.png,轻脆,易碎,易碎,FRA044,brittle_snack,,,,f_min:无实测 | f_max:无实测
轻脆\FRA044\s1.png,轻脆,易碎,易碎,FRA044,brittle_snack,,,,f_min:无实测 | f_max:无实测
轻脆\FRA044\s10.png,轻脆,易碎,易碎,FRA044,brittle_snack,,,,f_min:无实测 | f_max:无实测
轻脆\FRA044\s11.png,轻脆,易碎,易碎,FRA044,brittle_snack,,,,f_min:无实测 | f_max:无实测
轻脆\FRA044\s12.png,轻脆,易碎,易碎,FRA044,brittle_snack,,,,f_min:无实测 | f_max:无实测
轻脆\FRA044\s13.png,轻脆,易碎,易碎,FRA044,brittle_snack,,,,f_min:无实测 | f_max:无实测
轻脆\FRA044\s14.png,轻脆,易碎,易碎,FRA044,brittle_snack,,,,f_min:无实测 | f_max:无实测
轻脆\FRA044\s2.png,轻脆,易碎,易碎,FRA044,brittle_snack,,,,f_min:无实测 | f_max:无实测
轻脆\FRA044\s3.png,轻脆,易碎,易碎,FRA044,brittle_snack,,,,f_min:无实测 | f_max:无实测
轻脆\FRA044\s4.png,轻脆,易碎,易碎,FRA044,brittle_snack,,,,f_min:无实测 | f_max:无实测
轻脆\FRA044\s5.png,轻脆,易碎,易碎,FRA044,brittle_snack,,,,f_min:无实测 | f_max:无实测
轻脆\FRA044\s6.png,轻脆,易碎,易碎,FRA044,brittle_snack,,,,f_min:无实测 | f_max:无实测
轻脆\FRA044\s7.png,轻脆,易碎,易碎,FRA044,brittle_snack,,,,f_min:无实测 | f_max:无实测
轻脆\FRA044\s8.png,轻脆,易碎,易碎,FRA044,brittle_snack,,,,f_min:无实测 | f_max:无实测
轻脆\FRA044\s9.png,轻脆,易碎,易碎,FRA044,brittle_snack,,,,f_min:无实测 | f_max:无实测
轻脆\FRA048\s0.png,轻脆,易碎,易碎,FRA048,brittle_snack,,1.0,,"f_min:ExpForce同型实测(Pocky snack box (Long-edge orientation); f_min=1.0N)(1.0N,两指合力) | f_max:无实测"
轻脆\FRA048\s1.png,轻脆,易碎,易碎,FRA048,brittle_snack,,1.0,,"f_min:ExpForce同型实测(Pocky snack box (Long-edge orientation); f_min=1.0N)(1.0N,两指合力) | f_max:无实测"
轻脆\FRA048\s10.png,轻脆,易碎,易碎,FRA048,brittle_snack,,1.0,,"f_min:ExpForce同型实测(Pocky snack box (Long-edge orientation); f_min=1.0N)(1.0N,两指合力) | f_max:无实测"
轻脆\FRA048\s11.png,轻脆,易碎,易碎,FRA048,brittle_snack,,1.0,,"f_min:ExpForce同型实测(Pocky snack box (Long-edge orientation); f_min=1.0N)(1.0N,两指合力) | f_max:无实测"
轻脆\FRA048\s12.png,轻脆,易碎,易碎,FRA048,brittle_snack,,1.0,,"f_min:ExpForce同型实测(Pocky snack box (Long-edge orientation); f_min=1.0N)(1.0N,两指合力) | f_max:无实测"
轻脆\FRA048\s13.png,轻脆,易碎,易碎,FRA048,brittle_snack,,1.0,,"f_min:ExpForce同型实测(Pocky snack box (Long-edge orientation); f_min=1.0N)(1.0N,两指合力) | f_max:无实测"
轻脆\FRA048\s14.png,轻脆,易碎,易碎,FRA048,brittle_snack,,1.0,,"f_min:ExpForce同型实测(Pocky snack box (Long-edge orientation); f_min=1.0N)(1.0N,两指合力) | f_max:无实测"
轻脆\FRA048\s2.png,轻脆,易碎,易碎,FRA048,brittle_snack,,1.0,,"f_min:ExpForce同型实测(Pocky snack box (Long-edge orientation); f_min=1.0N)(1.0N,两指合力) | f_max:无实测"
轻脆\FRA048\s3.png,轻脆,易碎,易碎,FRA048,brittle_snack,,1.0,,"f_min:ExpForce同型实测(Pocky snack box (Long-edge orientation); f_min=1.0N)(1.0N,两指合力) | f_max:无实测"
轻脆\FRA048\s4.png,轻脆,易碎,易碎,FRA048,brittle_snack,,1.0,,"f_min:ExpForce同型实测(Pocky snack box (Long-edge orientation); f_min=1.0N)(1.0N,两指合力) | f_max:无实测"
轻脆\FRA048\s5.png,轻脆,易碎,易碎,FRA048,brittle_snack,,1.0,,"f_min:ExpForce同型实测(Pocky snack box (Long-edge orientation); f_min=1.0N)(1.0N,两指合力) | f_max:无实测"
轻脆\FRA048\s6.png,轻脆,易碎,易碎,FRA048,brittle_snack,,1.0,,"f_min:ExpForce同型实测(Pocky snack box (Long-edge orientation); f_min=1.0N)(1.0N,两指合力) | f_max:无实测"
轻脆\FRA048\s7.png,轻脆,易碎,易碎,FRA048,brittle_snack,,1.0,,"f_min:ExpForce同型实测(Pocky snack box (Long-edge orientation); f_min=1.0N)(1.0N,两指合力) | f_max:无实测"
轻脆\FRA048\s8.png,轻脆,易碎,易碎,FRA048,brittle_snack,,1.0,,"f_min:ExpForce同型实测(Pocky snack box (Long-edge orientation); f_min=1.0N)(1.0N,两指合力) | f_max:无实测"
轻脆\FRA048\s9.png,轻脆,易碎,易碎,FRA048,brittle_snack,,1.0,,"f_min:ExpForce同型实测(Pocky snack box (Long-edge orientation); f_min=1.0N)(1.0N,两指合力) | f_max:无实测"
轻脆\FRA049\s0.png,轻脆,易碎,易碎,FRA049,brittle_snack,,,,f_min:无实测 | f_max:无实测
轻脆\FRA049\s1.png,轻脆,易碎,易碎,FRA049,brittle_snack,,,,f_min:无实测 | f_max:无实测
轻脆\FRA049\s10.png,轻脆,易碎,易碎,FRA049,brittle_snack,,,,f_min:无实测 | f_max:无实测
轻脆\FRA049\s11.png,轻脆,易碎,易碎,FRA049,brittle_snack,,,,f_min:无实测 | f_max:无实测
轻脆\FRA049\s12.png,轻脆,易碎,易碎,FRA049,brittle_snack,,,,f_min:无实测 | f_max:无实测
轻脆\FRA049\s13.png,轻脆,易碎,易碎,FRA049,brittle_snack,,,,f_min:无实测 | f_max:无实测
轻脆\FRA049\s14.png,轻脆,易碎,易碎,FRA049,brittle_snack,,,,f_min:无实测 | f_max:无实测
轻脆\FRA049\s2.png,轻脆,易碎,易碎,FRA049,brittle_snack,,,,f_min:无实测 | f_max:无实测
轻脆\FRA049\s3.png,轻脆,易碎,易碎,FRA049,brittle_snack,,,,f_min:无实测 | f_max:无实测
轻脆\FRA049\s4.png,轻脆,易碎,易碎,FRA049,brittle_snack,,,,f_min:无实测 | f_max:无实测
轻脆\FRA049\s5.png,轻脆,易碎,易碎,FRA049,brittle_snack,,,,f_min:无实测 | f_max:无实测
轻脆\FRA049\s6.png,轻脆,易碎,易碎,FRA049,brittle_snack,,,,f_min:无实测 | f_max:无实测
轻脆\FRA049\s7.png,轻脆,易碎,易碎,FRA049,brittle_snack,,,,f_min:无实测 | f_max:无实测
轻脆\FRA049\s8.png,轻脆,易碎,易碎,FRA049,brittle_snack,,,,f_min:无实测 | f_max:无实测
轻脆\FRA049\s9.png,轻脆,易碎,易碎,FRA049,brittle_snack,,,,f_min:无实测 | f_max:无实测
轻脆\FRA050\s0.png,轻脆,易碎,易碎,FRA050,brittle_snack,,,,f_min:无实测 | f_max:无实测
轻脆\FRA050\s1.png,轻脆,易碎,易碎,FRA050,brittle_snack,,,,f_min:无实测 | f_max:无实测
轻脆\FRA050\s10.png,轻脆,易碎,易碎,FRA050,brittle_snack,,,,f_min:无实测 | f_max:无实测
轻脆\FRA050\s11.png,轻脆,易碎,易碎,FRA050,brittle_snack,,,,f_min:无实测 | f_max:无实测
轻脆\FRA050\s12.png,轻脆,易碎,易碎,FRA050,brittle_snack,,,,f_min:无实测 | f_max:无实测
轻脆\FRA050\s13.png,轻脆,易碎,易碎,FRA050,brittle_snack,,,,f_min:无实测 | f_max:无实测
轻脆\FRA050\s14.png,轻脆,易碎,易碎,FRA050,brittle_snack,,,,f_min:无实测 | f_max:无实测
轻脆\FRA050\s15.png,轻脆,易碎,易碎,FRA050,brittle_snack,,,,f_min:无实测 | f_max:无实测
轻脆\FRA050\s2.png,轻脆,易碎,易碎,FRA050,brittle_snack,,,,f_min:无实测 | f_max:无实测
轻脆\FRA050\s3.png,轻脆,易碎,易碎,FRA050,brittle_snack,,,,f_min:无实测 | f_max:无实测
轻脆\FRA050\s5.png,轻脆,易碎,易碎,FRA050,brittle_snack,,,,f_min:无实测 | f_max:无实测
轻脆\FRA050\s6.png,轻脆,易碎,易碎,FRA050,brittle_snack,,,,f_min:无实测 | f_max:无实测
轻脆\FRA050\s7.png,轻脆,易碎,易碎,FRA050,brittle_snack,,,,f_min:无实测 | f_max:无实测
轻脆\FRA050\s8.png,轻脆,易碎,易碎,FRA050,brittle_snack,,,,f_min:无实测 | f_max:无实测
轻脆\FRA050\s9.png,轻脆,易碎,易碎,FRA050,brittle_snack,,,,f_min:无实测 | f_max:无实测
轻脆\FRA051\s0.png,轻脆,易碎,易碎,FRA051,egg,,0.5,,"f_min:同型转移(蛋类)(0.5N,两指合力) | f_max:无实测"
轻脆\FRA051\s1.png,轻脆,易碎,易碎,FRA051,egg,,0.5,,"f_min:同型转移(蛋类)(0.5N,两指合力) | f_max:无实测"
轻脆\FRA051\s10.png,轻脆,易碎,易碎,FRA051,egg,,0.5,,"f_min:同型转移(蛋类)(0.5N,两指合力) | f_max:无实测"
轻脆\FRA051\s11.png,轻脆,易碎,易碎,FRA051,egg,,0.5,,"f_min:同型转移(蛋类)(0.5N,两指合力) | f_max:无实测"
轻脆\FRA051\s12.png,轻脆,易碎,易碎,FRA051,egg,,0.5,,"f_min:同型转移(蛋类)(0.5N,两指合力) | f_max:无实测"
轻脆\FRA051\s13.png,轻脆,易碎,易碎,FRA051,egg,,0.5,,"f_min:同型转移(蛋类)(0.5N,两指合力) | f_max:无实测"
轻脆\FRA051\s14.png,轻脆,易碎,易碎,FRA051,egg,,0.5,,"f_min:同型转移(蛋类)(0.5N,两指合力) | f_max:无实测"
轻脆\FRA051\s2.png,轻脆,易碎,易碎,FRA051,egg,,0.5,,"f_min:同型转移(蛋类)(0.5N,两指合力) | f_max:无实测"
轻脆\FRA051\s3.png,轻脆,易碎,易碎,FRA051,egg,,0.5,,"f_min:同型转移(蛋类)(0.5N,两指合力) | f_max:无实测"
轻脆\FRA051\s4.png,轻脆,易碎,易碎,FRA051,egg,,0.5,,"f_min:同型转移(蛋类)(0.5N,两指合力) | f_max:无实测"
轻脆\FRA051\s5.png,轻脆,易碎,易碎,FRA051,egg,,0.5,,"f_min:同型转移(蛋类)(0.5N,两指合力) | f_max:无实测"
轻脆\FRA051\s6.png,轻脆,易碎,易碎,FRA051,egg,,0.5,,"f_min:同型转移(蛋类)(0.5N,两指合力) | f_max:无实测"
轻脆\FRA051\s7.png,轻脆,易碎,易碎,FRA051,egg,,0.5,,"f_min:同型转移(蛋类)(0.5N,两指合力) | f_max:无实测"
轻脆\FRA051\s8.png,轻脆,易碎,易碎,FRA051,egg,,0.5,,"f_min:同型转移(蛋类)(0.5N,两指合力) | f_max:无实测"
轻脆\FRA051\s9.png,轻脆,易碎,易碎,FRA051,egg,,0.5,,"f_min:同型转移(蛋类)(0.5N,两指合力) | f_max:无实测"
轻脆\FRA055\s0.png,轻脆,易碎,易碎,FRA055,natural_brittle,,,,f_min:无实测 | f_max:无实测
轻脆\FRA055\s1.png,轻脆,易碎,易碎,FRA055,natural_brittle,,,,f_min:无实测 | f_max:无实测
轻脆\FRA055\s10.png,轻脆,易碎,易碎,FRA055,natural_brittle,,,,f_min:无实测 | f_max:无实测
轻脆\FRA055\s11.png,轻脆,易碎,易碎,FRA055,natural_brittle,,,,f_min:无实测 | f_max:无实测
轻脆\FRA055\s12.png,轻脆,易碎,易碎,FRA055,natural_brittle,,,,f_min:无实测 | f_max:无实测
轻脆\FRA055\s13.png,轻脆,易碎,易碎,FRA055,natural_brittle,,,,f_min:无实测 | f_max:无实测
轻脆\FRA055\s14.png,轻脆,易碎,易碎,FRA055,natural_brittle,,,,f_min:无实测 | f_max:无实测
轻脆\FRA055\s2.png,轻脆,易碎,易碎,FRA055,natural_brittle,,,,f_min:无实测 | f_max:无实测
轻脆\FRA055\s3.png,轻脆,易碎,易碎,FRA055,natural_brittle,,,,f_min:无实测 | f_max:无实测
轻脆\FRA055\s4.png,轻脆,易碎,易碎,FRA055,natural_brittle,,,,f_min:无实测 | f_max:无实测
轻脆\FRA055\s5.png,轻脆,易碎,易碎,FRA055,natural_brittle,,,,f_min:无实测 | f_max:无实测
轻脆\FRA055\s6.png,轻脆,易碎,易碎,FRA055,natural_brittle,,,,f_min:无实测 | f_max:无实测
轻脆\FRA055\s7.png,轻脆,易碎,易碎,FRA055,natural_brittle,,,,f_min:无实测 | f_max:无实测
轻脆\FRA055\s8.png,轻脆,易碎,易碎,FRA055,natural_brittle,,,,f_min:无实测 | f_max:无实测
轻脆\FRA055\s9.png,轻脆,易碎,易碎,FRA055,natural_brittle,,,,f_min:无实测 | f_max:无实测
轻脆\FRA056\s0.png,轻脆,易碎,易碎,FRA056,egg,,0.5,,"f_min:同型转移(蛋壳,同型)(0.5N,两指合力) | f_max:无实测"
轻脆\FRA056\s1.png,轻脆,易碎,易碎,FRA056,egg,,0.5,,"f_min:同型转移(蛋壳,同型)(0.5N,两指合力) | f_max:无实测"
轻脆\FRA056\s10.png,轻脆,易碎,易碎,FRA056,egg,,0.5,,"f_min:同型转移(蛋壳,同型)(0.5N,两指合力) | f_max:无实测"
轻脆\FRA056\s11.png,轻脆,易碎,易碎,FRA056,egg,,0.5,,"f_min:同型转移(蛋壳,同型)(0.5N,两指合力) | f_max:无实测"
轻脆\FRA056\s12.png,轻脆,易碎,易碎,FRA056,egg,,0.5,,"f_min:同型转移(蛋壳,同型)(0.5N,两指合力) | f_max:无实测"
轻脆\FRA056\s13.png,轻脆,易碎,易碎,FRA056,egg,,0.5,,"f_min:同型转移(蛋壳,同型)(0.5N,两指合力) | f_max:无实测"
轻脆\FRA056\s14.png,轻脆,易碎,易碎,FRA056,egg,,0.5,,"f_min:同型转移(蛋壳,同型)(0.5N,两指合力) | f_max:无实测"
轻脆\FRA056\s2.png,轻脆,易碎,易碎,FRA056,egg,,0.5,,"f_min:同型转移(蛋壳,同型)(0.5N,两指合力) | f_max:无实测"
轻脆\FRA056\s3.png,轻脆,易碎,易碎,FRA056,egg,,0.5,,"f_min:同型转移(蛋壳,同型)(0.5N,两指合力) | f_max:无实测"
轻脆\FRA056\s4.png,轻脆,易碎,易碎,FRA056,egg,,0.5,,"f_min:同型转移(蛋壳,同型)(0.5N,两指合力) | f_max:无实测"
轻脆\FRA056\s5.png,轻脆,易碎,易碎,FRA056,egg,,0.5,,"f_min:同型转移(蛋壳,同型)(0.5N,两指合力) | f_max:无实测"
轻脆\FRA056\s6.png,轻脆,易碎,易碎,FRA056,egg,,0.5,,"f_min:同型转移(蛋壳,同型)(0.5N,两指合力) | f_max:无实测"
轻脆\FRA056\s7.png,轻脆,易碎,易碎,FRA056,egg,,0.5,,"f_min:同型转移(蛋壳,同型)(0.5N,两指合力) | f_max:无实测"
轻脆\FRA056\s8.png,轻脆,易碎,易碎,FRA056,egg,,0.5,,"f_min:同型转移(蛋壳,同型)(0.5N,两指合力) | f_max:无实测"
轻脆\FRA056\s9.png,轻脆,易碎,易碎,FRA056,egg,,0.5,,"f_min:同型转移(蛋壳,同型)(0.5N,两指合力) | f_max:无实测"
轻脆\FRA057\s0.png,轻脆,易碎,易碎,FRA057,brittle_stationery,,,,f_min:无实测 | f_max:无实测
轻脆\FRA057\s1.png,轻脆,易碎,易碎,FRA057,brittle_stationery,,,,f_min:无实测 | f_max:无实测
轻脆\FRA057\s10.png,轻脆,易碎,易碎,FRA057,brittle_stationery,,,,f_min:无实测 | f_max:无实测
轻脆\FRA057\s11.png,轻脆,易碎,易碎,FRA057,brittle_stationery,,,,f_min:无实测 | f_max:无实测
轻脆\FRA057\s12.png,轻脆,易碎,易碎,FRA057,brittle_stationery,,,,f_min:无实测 | f_max:无实测
轻脆\FRA057\s13.png,轻脆,易碎,易碎,FRA057,brittle_stationery,,,,f_min:无实测 | f_max:无实测
轻脆\FRA057\s14.png,轻脆,易碎,易碎,FRA057,brittle_stationery,,,,f_min:无实测 | f_max:无实测
轻脆\FRA057\s2.png,轻脆,易碎,易碎,FRA057,brittle_stationery,,,,f_min:无实测 | f_max:无实测
轻脆\FRA057\s3.png,轻脆,易碎,易碎,FRA057,brittle_stationery,,,,f_min:无实测 | f_max:无实测
轻脆\FRA057\s4.png,轻脆,易碎,易碎,FRA057,brittle_stationery,,,,f_min:无实测 | f_max:无实测
轻脆\FRA057\s5.png,轻脆,易碎,易碎,FRA057,brittle_stationery,,,,f_min:无实测 | f_max:无实测
轻脆\FRA057\s6.png,轻脆,易碎,易碎,FRA057,brittle_stationery,,,,f_min:无实测 | f_max:无实测
轻脆\FRA057\s7.png,轻脆,易碎,易碎,FRA057,brittle_stationery,,,,f_min:无实测 | f_max:无实测
轻脆\FRA057\s8.png,轻脆,易碎,易碎,FRA057,brittle_stationery,,,,f_min:无实测 | f_max:无实测
轻脆\FRA057\s9.png,轻脆,易碎,易碎,FRA057,brittle_stationery,,,,f_min:无实测 | f_max:无实测
轻脆\FRA067\s0.png,轻脆,易碎,易碎,FRA067,wafer_cone,,,,f_min:无实测 | f_max:无实测
轻脆\FRA067\s1.png,轻脆,易碎,易碎,FRA067,wafer_cone,,,,f_min:无实测 | f_max:无实测
轻脆\FRA067\s10.png,轻脆,易碎,易碎,FRA067,wafer_cone,,,,f_min:无实测 | f_max:无实测
轻脆\FRA067\s11.png,轻脆,易碎,易碎,FRA067,wafer_cone,,,,f_min:无实测 | f_max:无实测
轻脆\FRA067\s12.png,轻脆,易碎,易碎,FRA067,wafer_cone,,,,f_min:无实测 | f_max:无实测
轻脆\FRA067\s13.png,轻脆,易碎,易碎,FRA067,wafer_cone,,,,f_min:无实测 | f_max:无实测
轻脆\FRA067\s14.png,轻脆,易碎,易碎,FRA067,wafer_cone,,,,f_min:无实测 | f_max:无实测
轻脆\FRA067\s2.png,轻脆,易碎,易碎,FRA067,wafer_cone,,,,f_min:无实测 | f_max:无实测
轻脆\FRA067\s3.png,轻脆,易碎,易碎,FRA067,wafer_cone,,,,f_min:无实测 | f_max:无实测
轻脆\FRA067\s4.png,轻脆,易碎,易碎,FRA067,wafer_cone,,,,f_min:无实测 | f_max:无实测
轻脆\FRA067\s5.png,轻脆,易碎,易碎,FRA067,wafer_cone,,,,f_min:无实测 | f_max:无实测
轻脆\FRA067\s6.png,轻脆,易碎,易碎,FRA067,wafer_cone,,,,f_min:无实测 | f_max:无实测
轻脆\FRA067\s7.png,轻脆,易碎,易碎,FRA067,wafer_cone,,,,f_min:无实测 | f_max:无实测
轻脆\FRA067\s8.png,轻脆,易碎,易碎,FRA067,wafer_cone,,,,f_min:无实测 | f_max:无实测
轻脆\FRA067\s9.png,轻脆,易碎,易碎,FRA067,wafer_cone,,,,f_min:无实测 | f_max:无实测
轻脆\FRA068\s0.png,轻脆,易碎,易碎,FRA068,gingerbread,,,,f_min:无实测 | f_max:无实测
轻脆\FRA068\s1.png,轻脆,易碎,易碎,FRA068,gingerbread,,,,f_min:无实测 | f_max:无实测
轻脆\FRA068\s10.png,轻脆,易碎,易碎,FRA068,gingerbread,,,,f_min:无实测 | f_max:无实测
轻脆\FRA068\s11.png,轻脆,易碎,易碎,FRA068,gingerbread,,,,f_min:无实测 | f_max:无实测
轻脆\FRA068\s12.png,轻脆,易碎,易碎,FRA068,gingerbread,,,,f_min:无实测 | f_max:无实测
轻脆\FRA068\s13.png,轻脆,易碎,易碎,FRA068,gingerbread,,,,f_min:无实测 | f_max:无实测
轻脆\FRA068\s14.png,轻脆,易碎,易碎,FRA068,gingerbread,,,,f_min:无实测 | f_max:无实测
轻脆\FRA068\s2.png,轻脆,易碎,易碎,FRA068,gingerbread,,,,f_min:无实测 | f_max:无实测
轻脆\FRA068\s3.png,轻脆,易碎,易碎,FRA068,gingerbread,,,,f_min:无实测 | f_max:无实测
轻脆\FRA068\s4.png,轻脆,易碎,易碎,FRA068,gingerbread,,,,f_min:无实测 | f_max:无实测
轻脆\FRA068\s5.png,轻脆,易碎,易碎,FRA068,gingerbread,,,,f_min:无实测 | f_max:无实测
轻脆\FRA068\s6.png,轻脆,易碎,易碎,FRA068,gingerbread,,,,f_min:无实测 | f_max:无实测
轻脆\FRA068\s7.png,轻脆,易碎,易碎,FRA068,gingerbread,,,,f_min:无实测 | f_max:无实测
轻脆\FRA068\s8.png,轻脆,易碎,易碎,FRA068,gingerbread,,,,f_min:无实测 | f_max:无实测
轻脆\FRA068\s9.png,轻脆,易碎,易碎,FRA068,gingerbread,,,,f_min:无实测 | f_max:无实测
轻脆\FRA069\s0.png,轻脆,易碎,易碎,FRA069,grissini,,,,f_min:无实测 | f_max:无实测
轻脆\FRA069\s1.png,轻脆,易碎,易碎,FRA069,grissini,,,,f_min:无实测 | f_max:无实测
轻脆\FRA069\s10.png,轻脆,易碎,易碎,FRA069,grissini,,,,f_min:无实测 | f_max:无实测
轻脆\FRA069\s11.png,轻脆,易碎,易碎,FRA069,grissini,,,,f_min:无实测 | f_max:无实测
轻脆\FRA069\s12.png,轻脆,易碎,易碎,FRA069,grissini,,,,f_min:无实测 | f_max:无实测
轻脆\FRA069\s13.png,轻脆,易碎,易碎,FRA069,grissini,,,,f_min:无实测 | f_max:无实测
轻脆\FRA069\s14.png,轻脆,易碎,易碎,FRA069,grissini,,,,f_min:无实测 | f_max:无实测
轻脆\FRA069\s2.png,轻脆,易碎,易碎,FRA069,grissini,,,,f_min:无实测 | f_max:无实测
轻脆\FRA069\s3.png,轻脆,易碎,易碎,FRA069,grissini,,,,f_min:无实测 | f_max:无实测
轻脆\FRA069\s4.png,轻脆,易碎,易碎,FRA069,grissini,,,,f_min:无实测 | f_max:无实测
轻脆\FRA069\s5.png,轻脆,易碎,易碎,FRA069,grissini,,,,f_min:无实测 | f_max:无实测
轻脆\FRA069\s6.png,轻脆,易碎,易碎,FRA069,grissini,,,,f_min:无实测 | f_max:无实测
轻脆\FRA069\s7.png,轻脆,易碎,易碎,FRA069,grissini,,,,f_min:无实测 | f_max:无实测
轻脆\FRA069\s8.png,轻脆,易碎,易碎,FRA069,grissini,,,,f_min:无实测 | f_max:无实测
轻脆\FRA069\s9.png,轻脆,易碎,易碎,FRA069,grissini,,,,f_min:无实测 | f_max:无实测
轻脆\FRA070\s0.png,轻脆,易碎,易碎,FRA070,rice_cracker,,,,f_min:无实测 | f_max:无实测
轻脆\FRA070\s1.png,轻脆,易碎,易碎,FRA070,rice_cracker,,,,f_min:无实测 | f_max:无实测
轻脆\FRA070\s10.png,轻脆,易碎,易碎,FRA070,rice_cracker,,,,f_min:无实测 | f_max:无实测
轻脆\FRA070\s11.png,轻脆,易碎,易碎,FRA070,rice_cracker,,,,f_min:无实测 | f_max:无实测
轻脆\FRA070\s12.png,轻脆,易碎,易碎,FRA070,rice_cracker,,,,f_min:无实测 | f_max:无实测
轻脆\FRA070\s13.png,轻脆,易碎,易碎,FRA070,rice_cracker,,,,f_min:无实测 | f_max:无实测
轻脆\FRA070\s14.png,轻脆,易碎,易碎,FRA070,rice_cracker,,,,f_min:无实测 | f_max:无实测
轻脆\FRA070\s2.png,轻脆,易碎,易碎,FRA070,rice_cracker,,,,f_min:无实测 | f_max:无实测
轻脆\FRA070\s3.png,轻脆,易碎,易碎,FRA070,rice_cracker,,,,f_min:无实测 | f_max:无实测
轻脆\FRA070\s4.png,轻脆,易碎,易碎,FRA070,rice_cracker,,,,f_min:无实测 | f_max:无实测
轻脆\FRA070\s5.png,轻脆,易碎,易碎,FRA070,rice_cracker,,,,f_min:无实测 | f_max:无实测
轻脆\FRA070\s6.png,轻脆,易碎,易碎,FRA070,rice_cracker,,,,f_min:无实测 | f_max:无实测
轻脆\FRA070\s7.png,轻脆,易碎,易碎,FRA070,rice_cracker,,,,f_min:无实测 | f_max:无实测
轻脆\FRA070\s8.png,轻脆,易碎,易碎,FRA070,rice_cracker,,,,f_min:无实测 | f_max:无实测
轻脆\FRA070\s9.png,轻脆,易碎,易碎,FRA070,rice_cracker,,,,f_min:无实测 | f_max:无实测
重脆\E008\Blueberry_jam_jar_Empty.png,重脆,易碎,易碎,E008,glass_bottle,,0.75,,"f_min:ExpForce本物实测(0.75N,两指合力) | f_max:无实测"
重脆\E008\s1.png,重脆,易碎,易碎,E008,glass_bottle,,0.75,,"f_min:ExpForce本物实测(0.75N,两指合力) | f_max:无实测"
重脆\E008\s10.png,重脆,易碎,易碎,E008,glass_bottle,,0.75,,"f_min:ExpForce本物实测(0.75N,两指合力) | f_max:无实测"
重脆\E008\s11.png,重脆,易碎,易碎,E008,glass_bottle,,0.75,,"f_min:ExpForce本物实测(0.75N,两指合力) | f_max:无实测"
重脆\E008\s12.png,重脆,易碎,易碎,E008,glass_bottle,,0.75,,"f_min:ExpForce本物实测(0.75N,两指合力) | f_max:无实测"
重脆\E008\s13.png,重脆,易碎,易碎,E008,glass_bottle,,0.75,,"f_min:ExpForce本物实测(0.75N,两指合力) | f_max:无实测"
重脆\E008\s14.png,重脆,易碎,易碎,E008,glass_bottle,,0.75,,"f_min:ExpForce本物实测(0.75N,两指合力) | f_max:无实测"
重脆\E008\s2.png,重脆,易碎,易碎,E008,glass_bottle,,0.75,,"f_min:ExpForce本物实测(0.75N,两指合力) | f_max:无实测"
重脆\E008\s3.png,重脆,易碎,易碎,E008,glass_bottle,,0.75,,"f_min:ExpForce本物实测(0.75N,两指合力) | f_max:无实测"
重脆\E008\s4.png,重脆,易碎,易碎,E008,glass_bottle,,0.75,,"f_min:ExpForce本物实测(0.75N,两指合力) | f_max:无实测"
重脆\E008\s5.png,重脆,易碎,易碎,E008,glass_bottle,,0.75,,"f_min:ExpForce本物实测(0.75N,两指合力) | f_max:无实测"
重脆\E008\s6.png,重脆,易碎,易碎,E008,glass_bottle,,0.75,,"f_min:ExpForce本物实测(0.75N,两指合力) | f_max:无实测"
重脆\E008\s7.png,重脆,易碎,易碎,E008,glass_bottle,,0.75,,"f_min:ExpForce本物实测(0.75N,两指合力) | f_max:无实测"
重脆\E008\s8.png,重脆,易碎,易碎,E008,glass_bottle,,0.75,,"f_min:ExpForce本物实测(0.75N,两指合力) | f_max:无实测"
重脆\E008\s9.png,重脆,易碎,易碎,E008,glass_bottle,,0.75,,"f_min:ExpForce本物实测(0.75N,两指合力) | f_max:无实测"
重脆\E041\Glass_whiskey_cup.png,重脆,易碎,易碎,E041,glass_cup,,1.5,,"f_min:ExpForce本物实测(1.5N,两指合力) | f_max:无实测"
重脆\E041\s1.png,重脆,易碎,易碎,E041,glass_cup,,1.5,,"f_min:ExpForce本物实测(1.5N,两指合力) | f_max:无实测"
重脆\E041\s10.png,重脆,易碎,易碎,E041,glass_cup,,1.5,,"f_min:ExpForce本物实测(1.5N,两指合力) | f_max:无实测"
重脆\E041\s11.png,重脆,易碎,易碎,E041,glass_cup,,1.5,,"f_min:ExpForce本物实测(1.5N,两指合力) | f_max:无实测"
重脆\E041\s12.png,重脆,易碎,易碎,E041,glass_cup,,1.5,,"f_min:ExpForce本物实测(1.5N,两指合力) | f_max:无实测"
重脆\E041\s13.png,重脆,易碎,易碎,E041,glass_cup,,1.5,,"f_min:ExpForce本物实测(1.5N,两指合力) | f_max:无实测"
重脆\E041\s14.png,重脆,易碎,易碎,E041,glass_cup,,1.5,,"f_min:ExpForce本物实测(1.5N,两指合力) | f_max:无实测"
重脆\E041\s2.png,重脆,易碎,易碎,E041,glass_cup,,1.5,,"f_min:ExpForce本物实测(1.5N,两指合力) | f_max:无实测"
重脆\E041\s3.png,重脆,易碎,易碎,E041,glass_cup,,1.5,,"f_min:ExpForce本物实测(1.5N,两指合力) | f_max:无实测"
重脆\E041\s4.png,重脆,易碎,易碎,E041,glass_cup,,1.5,,"f_min:ExpForce本物实测(1.5N,两指合力) | f_max:无实测"
重脆\E041\s5.png,重脆,易碎,易碎,E041,glass_cup,,1.5,,"f_min:ExpForce本物实测(1.5N,两指合力) | f_max:无实测"
重脆\E041\s6.png,重脆,易碎,易碎,E041,glass_cup,,1.5,,"f_min:ExpForce本物实测(1.5N,两指合力) | f_max:无实测"
重脆\E041\s7.png,重脆,易碎,易碎,E041,glass_cup,,1.5,,"f_min:ExpForce本物实测(1.5N,两指合力) | f_max:无实测"
重脆\E041\s8.png,重脆,易碎,易碎,E041,glass_cup,,1.5,,"f_min:ExpForce本物实测(1.5N,两指合力) | f_max:无实测"
重脆\E041\s9.png,重脆,易碎,易碎,E041,glass_cup,,1.5,,"f_min:ExpForce本物实测(1.5N,两指合力) | f_max:无实测"
重脆\E108\Glass_Coca-Cola_bottle.png,重脆,易碎,易碎,E108,glass_bottle,,2.5,,"f_min:ExpForce本物实测(2.5N,两指合力) | f_max:无实测"
重脆\E108\s1.png,重脆,易碎,易碎,E108,glass_bottle,,2.5,,"f_min:ExpForce本物实测(2.5N,两指合力) | f_max:无实测"
重脆\E108\s10.png,重脆,易碎,易碎,E108,glass_bottle,,2.5,,"f_min:ExpForce本物实测(2.5N,两指合力) | f_max:无实测"
重脆\E108\s12.png,重脆,易碎,易碎,E108,glass_bottle,,2.5,,"f_min:ExpForce本物实测(2.5N,两指合力) | f_max:无实测"
重脆\E108\s13.png,重脆,易碎,易碎,E108,glass_bottle,,2.5,,"f_min:ExpForce本物实测(2.5N,两指合力) | f_max:无实测"
重脆\E108\s14.png,重脆,易碎,易碎,E108,glass_bottle,,2.5,,"f_min:ExpForce本物实测(2.5N,两指合力) | f_max:无实测"
重脆\E108\s15.png,重脆,易碎,易碎,E108,glass_bottle,,2.5,,"f_min:ExpForce本物实测(2.5N,两指合力) | f_max:无实测"
重脆\E108\s16.png,重脆,易碎,易碎,E108,glass_bottle,,2.5,,"f_min:ExpForce本物实测(2.5N,两指合力) | f_max:无实测"
重脆\E108\s17.png,重脆,易碎,易碎,E108,glass_bottle,,2.5,,"f_min:ExpForce本物实测(2.5N,两指合力) | f_max:无实测"
重脆\E108\s2.png,重脆,易碎,易碎,E108,glass_bottle,,2.5,,"f_min:ExpForce本物实测(2.5N,两指合力) | f_max:无实测"
重脆\E108\s3.png,重脆,易碎,易碎,E108,glass_bottle,,2.5,,"f_min:ExpForce本物实测(2.5N,两指合力) | f_max:无实测"
重脆\E108\s4.png,重脆,易碎,易碎,E108,glass_bottle,,2.5,,"f_min:ExpForce本物实测(2.5N,两指合力) | f_max:无实测"
重脆\E108\s5.png,重脆,易碎,易碎,E108,glass_bottle,,2.5,,"f_min:ExpForce本物实测(2.5N,两指合力) | f_max:无实测"
重脆\E108\s6.png,重脆,易碎,易碎,E108,glass_bottle,,2.5,,"f_min:ExpForce本物实测(2.5N,两指合力) | f_max:无实测"
重脆\E108\s8.png,重脆,易碎,易碎,E108,glass_bottle,,2.5,,"f_min:ExpForce本物实测(2.5N,两指合力) | f_max:无实测"
重脆\E116\Glass_tumbler.png,重脆,易碎,易碎,E116,glass_cup,,1.5,,"f_min:ExpForce本物实测(1.5N,两指合力) | f_max:无实测"
重脆\E116\s1.png,重脆,易碎,易碎,E116,glass_cup,,1.5,,"f_min:ExpForce本物实测(1.5N,两指合力) | f_max:无实测"
重脆\E116\s10.png,重脆,易碎,易碎,E116,glass_cup,,1.5,,"f_min:ExpForce本物实测(1.5N,两指合力) | f_max:无实测"
重脆\E116\s11.png,重脆,易碎,易碎,E116,glass_cup,,1.5,,"f_min:ExpForce本物实测(1.5N,两指合力) | f_max:无实测"
重脆\E116\s12.png,重脆,易碎,易碎,E116,glass_cup,,1.5,,"f_min:ExpForce本物实测(1.5N,两指合力) | f_max:无实测"
重脆\E116\s14.png,重脆,易碎,易碎,E116,glass_cup,,1.5,,"f_min:ExpForce本物实测(1.5N,两指合力) | f_max:无实测"
重脆\E116\s15.png,重脆,易碎,易碎,E116,glass_cup,,1.5,,"f_min:ExpForce本物实测(1.5N,两指合力) | f_max:无实测"
重脆\E116\s2.png,重脆,易碎,易碎,E116,glass_cup,,1.5,,"f_min:ExpForce本物实测(1.5N,两指合力) | f_max:无实测"
重脆\E116\s3.png,重脆,易碎,易碎,E116,glass_cup,,1.5,,"f_min:ExpForce本物实测(1.5N,两指合力) | f_max:无实测"
重脆\E116\s4.png,重脆,易碎,易碎,E116,glass_cup,,1.5,,"f_min:ExpForce本物实测(1.5N,两指合力) | f_max:无实测"
重脆\E116\s5.png,重脆,易碎,易碎,E116,glass_cup,,1.5,,"f_min:ExpForce本物实测(1.5N,两指合力) | f_max:无实测"
重脆\E116\s6.png,重脆,易碎,易碎,E116,glass_cup,,1.5,,"f_min:ExpForce本物实测(1.5N,两指合力) | f_max:无实测"
重脆\E116\s7.png,重脆,易碎,易碎,E116,glass_cup,,1.5,,"f_min:ExpForce本物实测(1.5N,两指合力) | f_max:无实测"
重脆\E116\s8.png,重脆,易碎,易碎,E116,glass_cup,,1.5,,"f_min:ExpForce本物实测(1.5N,两指合力) | f_max:无实测"
重脆\E116\s9.png,重脆,易碎,易碎,E116,glass_cup,,1.5,,"f_min:ExpForce本物实测(1.5N,两指合力) | f_max:无实测"
重脆\E117\Margarita_glass.png,重脆,易碎,易碎,E117,glass_stemware,,1.0,,"f_min:ExpForce本物实测(1.0N,两指合力) | f_max:无实测"
重脆\E117\s1.png,重脆,易碎,易碎,E117,glass_stemware,,1.0,,"f_min:ExpForce本物实测(1.0N,两指合力) | f_max:无实测"
重脆\E117\s10.png,重脆,易碎,易碎,E117,glass_stemware,,1.0,,"f_min:ExpForce本物实测(1.0N,两指合力) | f_max:无实测"
重脆\E117\s11.png,重脆,易碎,易碎,E117,glass_stemware,,1.0,,"f_min:ExpForce本物实测(1.0N,两指合力) | f_max:无实测"
重脆\E117\s12.png,重脆,易碎,易碎,E117,glass_stemware,,1.0,,"f_min:ExpForce本物实测(1.0N,两指合力) | f_max:无实测"
重脆\E117\s13.png,重脆,易碎,易碎,E117,glass_stemware,,1.0,,"f_min:ExpForce本物实测(1.0N,两指合力) | f_max:无实测"
重脆\E117\s14.png,重脆,易碎,易碎,E117,glass_stemware,,1.0,,"f_min:ExpForce本物实测(1.0N,两指合力) | f_max:无实测"
重脆\E117\s2.png,重脆,易碎,易碎,E117,glass_stemware,,1.0,,"f_min:ExpForce本物实测(1.0N,两指合力) | f_max:无实测"
重脆\E117\s3.png,重脆,易碎,易碎,E117,glass_stemware,,1.0,,"f_min:ExpForce本物实测(1.0N,两指合力) | f_max:无实测"
重脆\E117\s4.png,重脆,易碎,易碎,E117,glass_stemware,,1.0,,"f_min:ExpForce本物实测(1.0N,两指合力) | f_max:无实测"
重脆\E117\s5.png,重脆,易碎,易碎,E117,glass_stemware,,1.0,,"f_min:ExpForce本物实测(1.0N,两指合力) | f_max:无实测"
重脆\E117\s6.png,重脆,易碎,易碎,E117,glass_stemware,,1.0,,"f_min:ExpForce本物实测(1.0N,两指合力) | f_max:无实测"
重脆\E117\s7.png,重脆,易碎,易碎,E117,glass_stemware,,1.0,,"f_min:ExpForce本物实测(1.0N,两指合力) | f_max:无实测"
重脆\E117\s8.png,重脆,易碎,易碎,E117,glass_stemware,,1.0,,"f_min:ExpForce本物实测(1.0N,两指合力) | f_max:无实测"
重脆\E117\s9.png,重脆,易碎,易碎,E117,glass_stemware,,1.0,,"f_min:ExpForce本物实测(1.0N,两指合力) | f_max:无实测"
重脆\E118\Champagne_glass.png,重脆,易碎,易碎,E118,glass_stemware,,1.0,,"f_min:ExpForce本物实测(1.0N,两指合力) | f_max:无实测"
重脆\E118\s1.png,重脆,易碎,易碎,E118,glass_stemware,,1.0,,"f_min:ExpForce本物实测(1.0N,两指合力) | f_max:无实测"
重脆\E118\s10.png,重脆,易碎,易碎,E118,glass_stemware,,1.0,,"f_min:ExpForce本物实测(1.0N,两指合力) | f_max:无实测"
重脆\E118\s11.png,重脆,易碎,易碎,E118,glass_stemware,,1.0,,"f_min:ExpForce本物实测(1.0N,两指合力) | f_max:无实测"
重脆\E118\s12.png,重脆,易碎,易碎,E118,glass_stemware,,1.0,,"f_min:ExpForce本物实测(1.0N,两指合力) | f_max:无实测"
重脆\E118\s13.png,重脆,易碎,易碎,E118,glass_stemware,,1.0,,"f_min:ExpForce本物实测(1.0N,两指合力) | f_max:无实测"
重脆\E118\s14.png,重脆,易碎,易碎,E118,glass_stemware,,1.0,,"f_min:ExpForce本物实测(1.0N,两指合力) | f_max:无实测"
重脆\E118\s2.png,重脆,易碎,易碎,E118,glass_stemware,,1.0,,"f_min:ExpForce本物实测(1.0N,两指合力) | f_max:无实测"
重脆\E118\s3.png,重脆,易碎,易碎,E118,glass_stemware,,1.0,,"f_min:ExpForce本物实测(1.0N,两指合力) | f_max:无实测"
重脆\E118\s4.png,重脆,易碎,易碎,E118,glass_stemware,,1.0,,"f_min:ExpForce本物实测(1.0N,两指合力) | f_max:无实测"
重脆\E118\s5.png,重脆,易碎,易碎,E118,glass_stemware,,1.0,,"f_min:ExpForce本物实测(1.0N,两指合力) | f_max:无实测"
重脆\E118\s6.png,重脆,易碎,易碎,E118,glass_stemware,,1.0,,"f_min:ExpForce本物实测(1.0N,两指合力) | f_max:无实测"
重脆\E118\s7.png,重脆,易碎,易碎,E118,glass_stemware,,1.0,,"f_min:ExpForce本物实测(1.0N,两指合力) | f_max:无实测"
重脆\E118\s8.png,重脆,易碎,易碎,E118,glass_stemware,,1.0,,"f_min:ExpForce本物实测(1.0N,两指合力) | f_max:无实测"
重脆\E118\s9.png,重脆,易碎,易碎,E118,glass_stemware,,1.0,,"f_min:ExpForce本物实测(1.0N,两指合力) | f_max:无实测"
重脆\E119\Wine_glass.png,重脆,易碎,易碎,E119,glass_stemware,,1.0,,"f_min:ExpForce本物实测(1.0N,两指合力) | f_max:无实测"
重脆\E119\s1.png,重脆,易碎,易碎,E119,glass_stemware,,1.0,,"f_min:ExpForce本物实测(1.0N,两指合力) | f_max:无实测"
重脆\E119\s10.png,重脆,易碎,易碎,E119,glass_stemware,,1.0,,"f_min:ExpForce本物实测(1.0N,两指合力) | f_max:无实测"
重脆\E119\s11.png,重脆,易碎,易碎,E119,glass_stemware,,1.0,,"f_min:ExpForce本物实测(1.0N,两指合力) | f_max:无实测"
重脆\E119\s12.png,重脆,易碎,易碎,E119,glass_stemware,,1.0,,"f_min:ExpForce本物实测(1.0N,两指合力) | f_max:无实测"
重脆\E119\s13.png,重脆,易碎,易碎,E119,glass_stemware,,1.0,,"f_min:ExpForce本物实测(1.0N,两指合力) | f_max:无实测"
重脆\E119\s14.png,重脆,易碎,易碎,E119,glass_stemware,,1.0,,"f_min:ExpForce本物实测(1.0N,两指合力) | f_max:无实测"
重脆\E119\s2.png,重脆,易碎,易碎,E119,glass_stemware,,1.0,,"f_min:ExpForce本物实测(1.0N,两指合力) | f_max:无实测"
重脆\E119\s3.png,重脆,易碎,易碎,E119,glass_stemware,,1.0,,"f_min:ExpForce本物实测(1.0N,两指合力) | f_max:无实测"
重脆\E119\s4.png,重脆,易碎,易碎,E119,glass_stemware,,1.0,,"f_min:ExpForce本物实测(1.0N,两指合力) | f_max:无实测"
重脆\E119\s5.png,重脆,易碎,易碎,E119,glass_stemware,,1.0,,"f_min:ExpForce本物实测(1.0N,两指合力) | f_max:无实测"
重脆\E119\s6.png,重脆,易碎,易碎,E119,glass_stemware,,1.0,,"f_min:ExpForce本物实测(1.0N,两指合力) | f_max:无实测"
重脆\E119\s7.png,重脆,易碎,易碎,E119,glass_stemware,,1.0,,"f_min:ExpForce本物实测(1.0N,两指合力) | f_max:无实测"
重脆\E119\s8.png,重脆,易碎,易碎,E119,glass_stemware,,1.0,,"f_min:ExpForce本物实测(1.0N,两指合力) | f_max:无实测"
重脆\E119\s9.png,重脆,易碎,易碎,E119,glass_stemware,,1.0,,"f_min:ExpForce本物实测(1.0N,两指合力) | f_max:无实测"
重脆\E120\Ceramic_mug.png,重脆,易碎,易碎,E120,ceramic_cup,,1.5,,"f_min:ExpForce本物实测(1.5N,两指合力) | f_max:无实测"
重脆\E120\s1.png,重脆,易碎,易碎,E120,ceramic_cup,,1.5,,"f_min:ExpForce本物实测(1.5N,两指合力) | f_max:无实测"
重脆\E120\s10.png,重脆,易碎,易碎,E120,ceramic_cup,,1.5,,"f_min:ExpForce本物实测(1.5N,两指合力) | f_max:无实测"
重脆\E120\s11.png,重脆,易碎,易碎,E120,ceramic_cup,,1.5,,"f_min:ExpForce本物实测(1.5N,两指合力) | f_max:无实测"
重脆\E120\s12.png,重脆,易碎,易碎,E120,ceramic_cup,,1.5,,"f_min:ExpForce本物实测(1.5N,两指合力) | f_max:无实测"
重脆\E120\s13.png,重脆,易碎,易碎,E120,ceramic_cup,,1.5,,"f_min:ExpForce本物实测(1.5N,两指合力) | f_max:无实测"
重脆\E120\s14.png,重脆,易碎,易碎,E120,ceramic_cup,,1.5,,"f_min:ExpForce本物实测(1.5N,两指合力) | f_max:无实测"
重脆\E120\s2.png,重脆,易碎,易碎,E120,ceramic_cup,,1.5,,"f_min:ExpForce本物实测(1.5N,两指合力) | f_max:无实测"
重脆\E120\s3.png,重脆,易碎,易碎,E120,ceramic_cup,,1.5,,"f_min:ExpForce本物实测(1.5N,两指合力) | f_max:无实测"
重脆\E120\s4.png,重脆,易碎,易碎,E120,ceramic_cup,,1.5,,"f_min:ExpForce本物实测(1.5N,两指合力) | f_max:无实测"
重脆\E120\s5.png,重脆,易碎,易碎,E120,ceramic_cup,,1.5,,"f_min:ExpForce本物实测(1.5N,两指合力) | f_max:无实测"
重脆\E120\s6.png,重脆,易碎,易碎,E120,ceramic_cup,,1.5,,"f_min:ExpForce本物实测(1.5N,两指合力) | f_max:无实测"
重脆\E120\s7.png,重脆,易碎,易碎,E120,ceramic_cup,,1.5,,"f_min:ExpForce本物实测(1.5N,两指合力) | f_max:无实测"
重脆\E120\s8.png,重脆,易碎,易碎,E120,ceramic_cup,,1.5,,"f_min:ExpForce本物实测(1.5N,两指合力) | f_max:无实测"
重脆\E120\s9.png,重脆,易碎,易碎,E120,ceramic_cup,,1.5,,"f_min:ExpForce本物实测(1.5N,两指合力) | f_max:无实测"
重脆\FRA001\s0.png,重脆,易碎,易碎,FRA001,glass_cup,,1.5,,"f_min:ExpForce同型实测(Glass tumbler; f_min=1.5N)(1.5N,两指合力) | f_max:无实测"
重脆\FRA001\s1.png,重脆,易碎,易碎,FRA001,glass_cup,,1.5,,"f_min:ExpForce同型实测(Glass tumbler; f_min=1.5N)(1.5N,两指合力) | f_max:无实测"
重脆\FRA001\s10.png,重脆,易碎,易碎,FRA001,glass_cup,,1.5,,"f_min:ExpForce同型实测(Glass tumbler; f_min=1.5N)(1.5N,两指合力) | f_max:无实测"
重脆\FRA001\s11.png,重脆,易碎,易碎,FRA001,glass_cup,,1.5,,"f_min:ExpForce同型实测(Glass tumbler; f_min=1.5N)(1.5N,两指合力) | f_max:无实测"
重脆\FRA001\s12.png,重脆,易碎,易碎,FRA001,glass_cup,,1.5,,"f_min:ExpForce同型实测(Glass tumbler; f_min=1.5N)(1.5N,两指合力) | f_max:无实测"
重脆\FRA001\s13.png,重脆,易碎,易碎,FRA001,glass_cup,,1.5,,"f_min:ExpForce同型实测(Glass tumbler; f_min=1.5N)(1.5N,两指合力) | f_max:无实测"
重脆\FRA001\s14.png,重脆,易碎,易碎,FRA001,glass_cup,,1.5,,"f_min:ExpForce同型实测(Glass tumbler; f_min=1.5N)(1.5N,两指合力) | f_max:无实测"
重脆\FRA001\s2.png,重脆,易碎,易碎,FRA001,glass_cup,,1.5,,"f_min:ExpForce同型实测(Glass tumbler; f_min=1.5N)(1.5N,两指合力) | f_max:无实测"
重脆\FRA001\s3.png,重脆,易碎,易碎,FRA001,glass_cup,,1.5,,"f_min:ExpForce同型实测(Glass tumbler; f_min=1.5N)(1.5N,两指合力) | f_max:无实测"
重脆\FRA001\s4.png,重脆,易碎,易碎,FRA001,glass_cup,,1.5,,"f_min:ExpForce同型实测(Glass tumbler; f_min=1.5N)(1.5N,两指合力) | f_max:无实测"
重脆\FRA001\s5.png,重脆,易碎,易碎,FRA001,glass_cup,,1.5,,"f_min:ExpForce同型实测(Glass tumbler; f_min=1.5N)(1.5N,两指合力) | f_max:无实测"
重脆\FRA001\s6.png,重脆,易碎,易碎,FRA001,glass_cup,,1.5,,"f_min:ExpForce同型实测(Glass tumbler; f_min=1.5N)(1.5N,两指合力) | f_max:无实测"
重脆\FRA001\s7.png,重脆,易碎,易碎,FRA001,glass_cup,,1.5,,"f_min:ExpForce同型实测(Glass tumbler; f_min=1.5N)(1.5N,两指合力) | f_max:无实测"
重脆\FRA001\s8.png,重脆,易碎,易碎,FRA001,glass_cup,,1.5,,"f_min:ExpForce同型实测(Glass tumbler; f_min=1.5N)(1.5N,两指合力) | f_max:无实测"
重脆\FRA001\s9.png,重脆,易碎,易碎,FRA001,glass_cup,,1.5,,"f_min:ExpForce同型实测(Glass tumbler; f_min=1.5N)(1.5N,两指合力) | f_max:无实测"
重脆\FRA002\s0.png,重脆,易碎,易碎,FRA002,glass_cup,,1.5,69.0,"f_min:同型转移(玻璃杯)(1.5N,两指合力) | f_max:文献近似(GraspSense玻璃杯碗69N,薄壁直筒杯近似)(69.0N,夹持实测,单/总未确认保守按合力)"
重脆\FRA002\s1.png,重脆,易碎,易碎,FRA002,glass_cup,,1.5,69.0,"f_min:同型转移(玻璃杯)(1.5N,两指合力) | f_max:文献近似(GraspSense玻璃杯碗69N,薄壁直筒杯近似)(69.0N,夹持实测,单/总未确认保守按合力)"
重脆\FRA002\s10.png,重脆,易碎,易碎,FRA002,glass_cup,,1.5,69.0,"f_min:同型转移(玻璃杯)(1.5N,两指合力) | f_max:文献近似(GraspSense玻璃杯碗69N,薄壁直筒杯近似)(69.0N,夹持实测,单/总未确认保守按合力)"
重脆\FRA002\s11.png,重脆,易碎,易碎,FRA002,glass_cup,,1.5,69.0,"f_min:同型转移(玻璃杯)(1.5N,两指合力) | f_max:文献近似(GraspSense玻璃杯碗69N,薄壁直筒杯近似)(69.0N,夹持实测,单/总未确认保守按合力)"
重脆\FRA002\s12.png,重脆,易碎,易碎,FRA002,glass_cup,,1.5,69.0,"f_min:同型转移(玻璃杯)(1.5N,两指合力) | f_max:文献近似(GraspSense玻璃杯碗69N,薄壁直筒杯近似)(69.0N,夹持实测,单/总未确认保守按合力)"
重脆\FRA002\s13.png,重脆,易碎,易碎,FRA002,glass_cup,,1.5,69.0,"f_min:同型转移(玻璃杯)(1.5N,两指合力) | f_max:文献近似(GraspSense玻璃杯碗69N,薄壁直筒杯近似)(69.0N,夹持实测,单/总未确认保守按合力)"
重脆\FRA002\s14.png,重脆,易碎,易碎,FRA002,glass_cup,,1.5,69.0,"f_min:同型转移(玻璃杯)(1.5N,两指合力) | f_max:文献近似(GraspSense玻璃杯碗69N,薄壁直筒杯近似)(69.0N,夹持实测,单/总未确认保守按合力)"
重脆\FRA002\s2.png,重脆,易碎,易碎,FRA002,glass_cup,,1.5,69.0,"f_min:同型转移(玻璃杯)(1.5N,两指合力) | f_max:文献近似(GraspSense玻璃杯碗69N,薄壁直筒杯近似)(69.0N,夹持实测,单/总未确认保守按合力)"
重脆\FRA002\s3.png,重脆,易碎,易碎,FRA002,glass_cup,,1.5,69.0,"f_min:同型转移(玻璃杯)(1.5N,两指合力) | f_max:文献近似(GraspSense玻璃杯碗69N,薄壁直筒杯近似)(69.0N,夹持实测,单/总未确认保守按合力)"
重脆\FRA002\s4.png,重脆,易碎,易碎,FRA002,glass_cup,,1.5,69.0,"f_min:同型转移(玻璃杯)(1.5N,两指合力) | f_max:文献近似(GraspSense玻璃杯碗69N,薄壁直筒杯近似)(69.0N,夹持实测,单/总未确认保守按合力)"
重脆\FRA002\s5.png,重脆,易碎,易碎,FRA002,glass_cup,,1.5,69.0,"f_min:同型转移(玻璃杯)(1.5N,两指合力) | f_max:文献近似(GraspSense玻璃杯碗69N,薄壁直筒杯近似)(69.0N,夹持实测,单/总未确认保守按合力)"
重脆\FRA002\s6.png,重脆,易碎,易碎,FRA002,glass_cup,,1.5,69.0,"f_min:同型转移(玻璃杯)(1.5N,两指合力) | f_max:文献近似(GraspSense玻璃杯碗69N,薄壁直筒杯近似)(69.0N,夹持实测,单/总未确认保守按合力)"
重脆\FRA002\s7.png,重脆,易碎,易碎,FRA002,glass_cup,,1.5,69.0,"f_min:同型转移(玻璃杯)(1.5N,两指合力) | f_max:文献近似(GraspSense玻璃杯碗69N,薄壁直筒杯近似)(69.0N,夹持实测,单/总未确认保守按合力)"
重脆\FRA002\s8.png,重脆,易碎,易碎,FRA002,glass_cup,,1.5,69.0,"f_min:同型转移(玻璃杯)(1.5N,两指合力) | f_max:文献近似(GraspSense玻璃杯碗69N,薄壁直筒杯近似)(69.0N,夹持实测,单/总未确认保守按合力)"
重脆\FRA002\s9.png,重脆,易碎,易碎,FRA002,glass_cup,,1.5,69.0,"f_min:同型转移(玻璃杯)(1.5N,两指合力) | f_max:文献近似(GraspSense玻璃杯碗69N,薄壁直筒杯近似)(69.0N,夹持实测,单/总未确认保守按合力)"
重脆\FRA003\s0.png,重脆,易碎,易碎,FRA003,glass_stemware,,1.0,69.0,"f_min:ExpForce同型实测(Wine glass; f_min=1.0N)(1.0N,两指合力) | f_max:文献实测(GraspSense玻璃高脚杯杯碗接触最大安全夹持力)(69.0N,夹持实测,单/总未确认保守按合力)"
重脆\FRA003\s1.png,重脆,易碎,易碎,FRA003,glass_stemware,,1.0,69.0,"f_min:ExpForce同型实测(Wine glass; f_min=1.0N)(1.0N,两指合力) | f_max:文献实测(GraspSense玻璃高脚杯杯碗接触最大安全夹持力)(69.0N,夹持实测,单/总未确认保守按合力)"
重脆\FRA003\s10.png,重脆,易碎,易碎,FRA003,glass_stemware,,1.0,69.0,"f_min:ExpForce同型实测(Wine glass; f_min=1.0N)(1.0N,两指合力) | f_max:文献实测(GraspSense玻璃高脚杯杯碗接触最大安全夹持力)(69.0N,夹持实测,单/总未确认保守按合力)"
重脆\FRA003\s11.png,重脆,易碎,易碎,FRA003,glass_stemware,,1.0,69.0,"f_min:ExpForce同型实测(Wine glass; f_min=1.0N)(1.0N,两指合力) | f_max:文献实测(GraspSense玻璃高脚杯杯碗接触最大安全夹持力)(69.0N,夹持实测,单/总未确认保守按合力)"
重脆\FRA003\s12.png,重脆,易碎,易碎,FRA003,glass_stemware,,1.0,69.0,"f_min:ExpForce同型实测(Wine glass; f_min=1.0N)(1.0N,两指合力) | f_max:文献实测(GraspSense玻璃高脚杯杯碗接触最大安全夹持力)(69.0N,夹持实测,单/总未确认保守按合力)"
重脆\FRA003\s13.png,重脆,易碎,易碎,FRA003,glass_stemware,,1.0,69.0,"f_min:ExpForce同型实测(Wine glass; f_min=1.0N)(1.0N,两指合力) | f_max:文献实测(GraspSense玻璃高脚杯杯碗接触最大安全夹持力)(69.0N,夹持实测,单/总未确认保守按合力)"
重脆\FRA003\s14.png,重脆,易碎,易碎,FRA003,glass_stemware,,1.0,69.0,"f_min:ExpForce同型实测(Wine glass; f_min=1.0N)(1.0N,两指合力) | f_max:文献实测(GraspSense玻璃高脚杯杯碗接触最大安全夹持力)(69.0N,夹持实测,单/总未确认保守按合力)"
重脆\FRA003\s2.png,重脆,易碎,易碎,FRA003,glass_stemware,,1.0,69.0,"f_min:ExpForce同型实测(Wine glass; f_min=1.0N)(1.0N,两指合力) | f_max:文献实测(GraspSense玻璃高脚杯杯碗接触最大安全夹持力)(69.0N,夹持实测,单/总未确认保守按合力)"
重脆\FRA003\s3.png,重脆,易碎,易碎,FRA003,glass_stemware,,1.0,69.0,"f_min:ExpForce同型实测(Wine glass; f_min=1.0N)(1.0N,两指合力) | f_max:文献实测(GraspSense玻璃高脚杯杯碗接触最大安全夹持力)(69.0N,夹持实测,单/总未确认保守按合力)"
重脆\FRA003\s4.png,重脆,易碎,易碎,FRA003,glass_stemware,,1.0,69.0,"f_min:ExpForce同型实测(Wine glass; f_min=1.0N)(1.0N,两指合力) | f_max:文献实测(GraspSense玻璃高脚杯杯碗接触最大安全夹持力)(69.0N,夹持实测,单/总未确认保守按合力)"
重脆\FRA003\s5.png,重脆,易碎,易碎,FRA003,glass_stemware,,1.0,69.0,"f_min:ExpForce同型实测(Wine glass; f_min=1.0N)(1.0N,两指合力) | f_max:文献实测(GraspSense玻璃高脚杯杯碗接触最大安全夹持力)(69.0N,夹持实测,单/总未确认保守按合力)"
重脆\FRA003\s6.png,重脆,易碎,易碎,FRA003,glass_stemware,,1.0,69.0,"f_min:ExpForce同型实测(Wine glass; f_min=1.0N)(1.0N,两指合力) | f_max:文献实测(GraspSense玻璃高脚杯杯碗接触最大安全夹持力)(69.0N,夹持实测,单/总未确认保守按合力)"
重脆\FRA003\s7.png,重脆,易碎,易碎,FRA003,glass_stemware,,1.0,69.0,"f_min:ExpForce同型实测(Wine glass; f_min=1.0N)(1.0N,两指合力) | f_max:文献实测(GraspSense玻璃高脚杯杯碗接触最大安全夹持力)(69.0N,夹持实测,单/总未确认保守按合力)"
重脆\FRA003\s8.png,重脆,易碎,易碎,FRA003,glass_stemware,,1.0,69.0,"f_min:ExpForce同型实测(Wine glass; f_min=1.0N)(1.0N,两指合力) | f_max:文献实测(GraspSense玻璃高脚杯杯碗接触最大安全夹持力)(69.0N,夹持实测,单/总未确认保守按合力)"
重脆\FRA003\s9.png,重脆,易碎,易碎,FRA003,glass_stemware,,1.0,69.0,"f_min:ExpForce同型实测(Wine glass; f_min=1.0N)(1.0N,两指合力) | f_max:文献实测(GraspSense玻璃高脚杯杯碗接触最大安全夹持力)(69.0N,夹持实测,单/总未确认保守按合力)"
重脆\FRA004\s0.png,重脆,易碎,易碎,FRA004,glass_tableware,,,,f_min:无实测 | f_max:无实测
重脆\FRA004\s1.png,重脆,易碎,易碎,FRA004,glass_tableware,,,,f_min:无实测 | f_max:无实测
重脆\FRA004\s10.png,重脆,易碎,易碎,FRA004,glass_tableware,,,,f_min:无实测 | f_max:无实测
重脆\FRA004\s11.png,重脆,易碎,易碎,FRA004,glass_tableware,,,,f_min:无实测 | f_max:无实测
重脆\FRA004\s13.png,重脆,易碎,易碎,FRA004,glass_tableware,,,,f_min:无实测 | f_max:无实测
重脆\FRA004\s14.png,重脆,易碎,易碎,FRA004,glass_tableware,,,,f_min:无实测 | f_max:无实测
重脆\FRA004\s15.png,重脆,易碎,易碎,FRA004,glass_tableware,,,,f_min:无实测 | f_max:无实测
重脆\FRA004\s2.png,重脆,易碎,易碎,FRA004,glass_tableware,,,,f_min:无实测 | f_max:无实测
重脆\FRA004\s3.png,重脆,易碎,易碎,FRA004,glass_tableware,,,,f_min:无实测 | f_max:无实测
重脆\FRA004\s4.png,重脆,易碎,易碎,FRA004,glass_tableware,,,,f_min:无实测 | f_max:无实测
重脆\FRA004\s5.png,重脆,易碎,易碎,FRA004,glass_tableware,,,,f_min:无实测 | f_max:无实测
重脆\FRA004\s6.png,重脆,易碎,易碎,FRA004,glass_tableware,,,,f_min:无实测 | f_max:无实测
重脆\FRA004\s7.png,重脆,易碎,易碎,FRA004,glass_tableware,,,,f_min:无实测 | f_max:无实测
重脆\FRA004\s8.png,重脆,易碎,易碎,FRA004,glass_tableware,,,,f_min:无实测 | f_max:无实测
重脆\FRA004\s9.png,重脆,易碎,易碎,FRA004,glass_tableware,,,,f_min:无实测 | f_max:无实测
重脆\FRA005\s0.png,重脆,易碎,易碎,FRA005,glass_bottle,,2.5,,"f_min:同型转移(玻璃汽水瓶)(2.5N,两指合力) | f_max:无实测"
重脆\FRA005\s1.png,重脆,易碎,易碎,FRA005,glass_bottle,,2.5,,"f_min:同型转移(玻璃汽水瓶)(2.5N,两指合力) | f_max:无实测"
重脆\FRA005\s10.png,重脆,易碎,易碎,FRA005,glass_bottle,,2.5,,"f_min:同型转移(玻璃汽水瓶)(2.5N,两指合力) | f_max:无实测"
重脆\FRA005\s11.png,重脆,易碎,易碎,FRA005,glass_bottle,,2.5,,"f_min:同型转移(玻璃汽水瓶)(2.5N,两指合力) | f_max:无实测"
重脆\FRA005\s13.png,重脆,易碎,易碎,FRA005,glass_bottle,,2.5,,"f_min:同型转移(玻璃汽水瓶)(2.5N,两指合力) | f_max:无实测"
重脆\FRA005\s14.png,重脆,易碎,易碎,FRA005,glass_bottle,,2.5,,"f_min:同型转移(玻璃汽水瓶)(2.5N,两指合力) | f_max:无实测"
重脆\FRA005\s15.png,重脆,易碎,易碎,FRA005,glass_bottle,,2.5,,"f_min:同型转移(玻璃汽水瓶)(2.5N,两指合力) | f_max:无实测"
重脆\FRA005\s16.png,重脆,易碎,易碎,FRA005,glass_bottle,,2.5,,"f_min:同型转移(玻璃汽水瓶)(2.5N,两指合力) | f_max:无实测"
重脆\FRA005\s17.png,重脆,易碎,易碎,FRA005,glass_bottle,,2.5,,"f_min:同型转移(玻璃汽水瓶)(2.5N,两指合力) | f_max:无实测"
重脆\FRA005\s18.png,重脆,易碎,易碎,FRA005,glass_bottle,,2.5,,"f_min:同型转移(玻璃汽水瓶)(2.5N,两指合力) | f_max:无实测"
重脆\FRA005\s19.png,重脆,易碎,易碎,FRA005,glass_bottle,,2.5,,"f_min:同型转移(玻璃汽水瓶)(2.5N,两指合力) | f_max:无实测"
重脆\FRA005\s2.png,重脆,易碎,易碎,FRA005,glass_bottle,,2.5,,"f_min:同型转移(玻璃汽水瓶)(2.5N,两指合力) | f_max:无实测"
重脆\FRA005\s20.png,重脆,易碎,易碎,FRA005,glass_bottle,,2.5,,"f_min:同型转移(玻璃汽水瓶)(2.5N,两指合力) | f_max:无实测"
重脆\FRA005\s6.png,重脆,易碎,易碎,FRA005,glass_bottle,,2.5,,"f_min:同型转移(玻璃汽水瓶)(2.5N,两指合力) | f_max:无实测"
重脆\FRA005\s8.png,重脆,易碎,易碎,FRA005,glass_bottle,,2.5,,"f_min:同型转移(玻璃汽水瓶)(2.5N,两指合力) | f_max:无实测"
重脆\FRA006\s0.png,重脆,易碎,易碎,FRA006,glass_bottle,,0.75,,"f_min:ExpForce同型实测(Blueberry jam jar (Empty); f_min=0.75N)(0.75N,两指合力) | f_max:无实测"
重脆\FRA006\s1.png,重脆,易碎,易碎,FRA006,glass_bottle,,0.75,,"f_min:ExpForce同型实测(Blueberry jam jar (Empty); f_min=0.75N)(0.75N,两指合力) | f_max:无实测"
重脆\FRA006\s10.png,重脆,易碎,易碎,FRA006,glass_bottle,,0.75,,"f_min:ExpForce同型实测(Blueberry jam jar (Empty); f_min=0.75N)(0.75N,两指合力) | f_max:无实测"
重脆\FRA006\s11.png,重脆,易碎,易碎,FRA006,glass_bottle,,0.75,,"f_min:ExpForce同型实测(Blueberry jam jar (Empty); f_min=0.75N)(0.75N,两指合力) | f_max:无实测"
重脆\FRA006\s12.png,重脆,易碎,易碎,FRA006,glass_bottle,,0.75,,"f_min:ExpForce同型实测(Blueberry jam jar (Empty); f_min=0.75N)(0.75N,两指合力) | f_max:无实测"
重脆\FRA006\s13.png,重脆,易碎,易碎,FRA006,glass_bottle,,0.75,,"f_min:ExpForce同型实测(Blueberry jam jar (Empty); f_min=0.75N)(0.75N,两指合力) | f_max:无实测"
重脆\FRA006\s14.png,重脆,易碎,易碎,FRA006,glass_bottle,,0.75,,"f_min:ExpForce同型实测(Blueberry jam jar (Empty); f_min=0.75N)(0.75N,两指合力) | f_max:无实测"
重脆\FRA006\s2.png,重脆,易碎,易碎,FRA006,glass_bottle,,0.75,,"f_min:ExpForce同型实测(Blueberry jam jar (Empty); f_min=0.75N)(0.75N,两指合力) | f_max:无实测"
重脆\FRA006\s3.png,重脆,易碎,易碎,FRA006,glass_bottle,,0.75,,"f_min:ExpForce同型实测(Blueberry jam jar (Empty); f_min=0.75N)(0.75N,两指合力) | f_max:无实测"
重脆\FRA006\s4.png,重脆,易碎,易碎,FRA006,glass_bottle,,0.75,,"f_min:ExpForce同型实测(Blueberry jam jar (Empty); f_min=0.75N)(0.75N,两指合力) | f_max:无实测"
重脆\FRA006\s5.png,重脆,易碎,易碎,FRA006,glass_bottle,,0.75,,"f_min:ExpForce同型实测(Blueberry jam jar (Empty); f_min=0.75N)(0.75N,两指合力) | f_max:无实测"
重脆\FRA006\s6.png,重脆,易碎,易碎,FRA006,glass_bottle,,0.75,,"f_min:ExpForce同型实测(Blueberry jam jar (Empty); f_min=0.75N)(0.75N,两指合力) | f_max:无实测"
重脆\FRA006\s7.png,重脆,易碎,易碎,FRA006,glass_bottle,,0.75,,"f_min:ExpForce同型实测(Blueberry jam jar (Empty); f_min=0.75N)(0.75N,两指合力) | f_max:无实测"
重脆\FRA006\s8.png,重脆,易碎,易碎,FRA006,glass_bottle,,0.75,,"f_min:ExpForce同型实测(Blueberry jam jar (Empty); f_min=0.75N)(0.75N,两指合力) | f_max:无实测"
重脆\FRA006\s9.png,重脆,易碎,易碎,FRA006,glass_bottle,,0.75,,"f_min:ExpForce同型实测(Blueberry jam jar (Empty); f_min=0.75N)(0.75N,两指合力) | f_max:无实测"
重脆\FRA008\s0.png,重脆,易碎,易碎,FRA008,glass_decor,,,,f_min:无实测 | f_max:无实测
重脆\FRA008\s1.png,重脆,易碎,易碎,FRA008,glass_decor,,,,f_min:无实测 | f_max:无实测
重脆\FRA008\s10.png,重脆,易碎,易碎,FRA008,glass_decor,,,,f_min:无实测 | f_max:无实测
重脆\FRA008\s11.png,重脆,易碎,易碎,FRA008,glass_decor,,,,f_min:无实测 | f_max:无实测
重脆\FRA008\s12.png,重脆,易碎,易碎,FRA008,glass_decor,,,,f_min:无实测 | f_max:无实测
重脆\FRA008\s13.png,重脆,易碎,易碎,FRA008,glass_decor,,,,f_min:无实测 | f_max:无实测
重脆\FRA008\s14.png,重脆,易碎,易碎,FRA008,glass_decor,,,,f_min:无实测 | f_max:无实测
重脆\FRA008\s2.png,重脆,易碎,易碎,FRA008,glass_decor,,,,f_min:无实测 | f_max:无实测
重脆\FRA008\s3.png,重脆,易碎,易碎,FRA008,glass_decor,,,,f_min:无实测 | f_max:无实测
重脆\FRA008\s4.png,重脆,易碎,易碎,FRA008,glass_decor,,,,f_min:无实测 | f_max:无实测
重脆\FRA008\s5.png,重脆,易碎,易碎,FRA008,glass_decor,,,,f_min:无实测 | f_max:无实测
重脆\FRA008\s6.png,重脆,易碎,易碎,FRA008,glass_decor,,,,f_min:无实测 | f_max:无实测
重脆\FRA008\s7.png,重脆,易碎,易碎,FRA008,glass_decor,,,,f_min:无实测 | f_max:无实测
重脆\FRA008\s8.png,重脆,易碎,易碎,FRA008,glass_decor,,,,f_min:无实测 | f_max:无实测
重脆\FRA008\s9.png,重脆,易碎,易碎,FRA008,glass_decor,,,,f_min:无实测 | f_max:无实测
重脆\FRA010\s0.png,重脆,易碎,易碎,FRA010,ceramic_cup,,1.5,,"f_min:ExpForce同型实测(Ceramic mug; f_min=1.5N)(1.5N,两指合力) | f_max:无实测"
重脆\FRA010\s1.png,重脆,易碎,易碎,FRA010,ceramic_cup,,1.5,,"f_min:ExpForce同型实测(Ceramic mug; f_min=1.5N)(1.5N,两指合力) | f_max:无实测"
重脆\FRA010\s10.png,重脆,易碎,易碎,FRA010,ceramic_cup,,1.5,,"f_min:ExpForce同型实测(Ceramic mug; f_min=1.5N)(1.5N,两指合力) | f_max:无实测"
重脆\FRA010\s11.png,重脆,易碎,易碎,FRA010,ceramic_cup,,1.5,,"f_min:ExpForce同型实测(Ceramic mug; f_min=1.5N)(1.5N,两指合力) | f_max:无实测"
重脆\FRA010\s12.png,重脆,易碎,易碎,FRA010,ceramic_cup,,1.5,,"f_min:ExpForce同型实测(Ceramic mug; f_min=1.5N)(1.5N,两指合力) | f_max:无实测"
重脆\FRA010\s13.png,重脆,易碎,易碎,FRA010,ceramic_cup,,1.5,,"f_min:ExpForce同型实测(Ceramic mug; f_min=1.5N)(1.5N,两指合力) | f_max:无实测"
重脆\FRA010\s14.png,重脆,易碎,易碎,FRA010,ceramic_cup,,1.5,,"f_min:ExpForce同型实测(Ceramic mug; f_min=1.5N)(1.5N,两指合力) | f_max:无实测"
重脆\FRA010\s2.png,重脆,易碎,易碎,FRA010,ceramic_cup,,1.5,,"f_min:ExpForce同型实测(Ceramic mug; f_min=1.5N)(1.5N,两指合力) | f_max:无实测"
重脆\FRA010\s3.png,重脆,易碎,易碎,FRA010,ceramic_cup,,1.5,,"f_min:ExpForce同型实测(Ceramic mug; f_min=1.5N)(1.5N,两指合力) | f_max:无实测"
重脆\FRA010\s4.png,重脆,易碎,易碎,FRA010,ceramic_cup,,1.5,,"f_min:ExpForce同型实测(Ceramic mug; f_min=1.5N)(1.5N,两指合力) | f_max:无实测"
重脆\FRA010\s5.png,重脆,易碎,易碎,FRA010,ceramic_cup,,1.5,,"f_min:ExpForce同型实测(Ceramic mug; f_min=1.5N)(1.5N,两指合力) | f_max:无实测"
重脆\FRA010\s6.png,重脆,易碎,易碎,FRA010,ceramic_cup,,1.5,,"f_min:ExpForce同型实测(Ceramic mug; f_min=1.5N)(1.5N,两指合力) | f_max:无实测"
重脆\FRA010\s7.png,重脆,易碎,易碎,FRA010,ceramic_cup,,1.5,,"f_min:ExpForce同型实测(Ceramic mug; f_min=1.5N)(1.5N,两指合力) | f_max:无实测"
重脆\FRA010\s8.png,重脆,易碎,易碎,FRA010,ceramic_cup,,1.5,,"f_min:ExpForce同型实测(Ceramic mug; f_min=1.5N)(1.5N,两指合力) | f_max:无实测"
重脆\FRA010\s9.png,重脆,易碎,易碎,FRA010,ceramic_cup,,1.5,,"f_min:ExpForce同型实测(Ceramic mug; f_min=1.5N)(1.5N,两指合力) | f_max:无实测"
重脆\FRA011\s0.png,重脆,易碎,易碎,FRA011,ceramic_cup,,1.5,,"f_min:同型转移(陶瓷杯)(1.5N,两指合力) | f_max:无实测"
重脆\FRA011\s1.png,重脆,易碎,易碎,FRA011,ceramic_cup,,1.5,,"f_min:同型转移(陶瓷杯)(1.5N,两指合力) | f_max:无实测"
重脆\FRA011\s10.png,重脆,易碎,易碎,FRA011,ceramic_cup,,1.5,,"f_min:同型转移(陶瓷杯)(1.5N,两指合力) | f_max:无实测"
重脆\FRA011\s11.png,重脆,易碎,易碎,FRA011,ceramic_cup,,1.5,,"f_min:同型转移(陶瓷杯)(1.5N,两指合力) | f_max:无实测"
重脆\FRA011\s12.png,重脆,易碎,易碎,FRA011,ceramic_cup,,1.5,,"f_min:同型转移(陶瓷杯)(1.5N,两指合力) | f_max:无实测"
重脆\FRA011\s13.png,重脆,易碎,易碎,FRA011,ceramic_cup,,1.5,,"f_min:同型转移(陶瓷杯)(1.5N,两指合力) | f_max:无实测"
重脆\FRA011\s14.png,重脆,易碎,易碎,FRA011,ceramic_cup,,1.5,,"f_min:同型转移(陶瓷杯)(1.5N,两指合力) | f_max:无实测"
重脆\FRA011\s2.png,重脆,易碎,易碎,FRA011,ceramic_cup,,1.5,,"f_min:同型转移(陶瓷杯)(1.5N,两指合力) | f_max:无实测"
重脆\FRA011\s3.png,重脆,易碎,易碎,FRA011,ceramic_cup,,1.5,,"f_min:同型转移(陶瓷杯)(1.5N,两指合力) | f_max:无实测"
重脆\FRA011\s4.png,重脆,易碎,易碎,FRA011,ceramic_cup,,1.5,,"f_min:同型转移(陶瓷杯)(1.5N,两指合力) | f_max:无实测"
重脆\FRA011\s5.png,重脆,易碎,易碎,FRA011,ceramic_cup,,1.5,,"f_min:同型转移(陶瓷杯)(1.5N,两指合力) | f_max:无实测"
重脆\FRA011\s6.png,重脆,易碎,易碎,FRA011,ceramic_cup,,1.5,,"f_min:同型转移(陶瓷杯)(1.5N,两指合力) | f_max:无实测"
重脆\FRA011\s7.png,重脆,易碎,易碎,FRA011,ceramic_cup,,1.5,,"f_min:同型转移(陶瓷杯)(1.5N,两指合力) | f_max:无实测"
重脆\FRA011\s8.png,重脆,易碎,易碎,FRA011,ceramic_cup,,1.5,,"f_min:同型转移(陶瓷杯)(1.5N,两指合力) | f_max:无实测"
重脆\FRA011\s9.png,重脆,易碎,易碎,FRA011,ceramic_cup,,1.5,,"f_min:同型转移(陶瓷杯)(1.5N,两指合力) | f_max:无实测"
重脆\FRA014\s0.png,重脆,易碎,易碎,FRA014,ceramic_decor,,,,f_min:无实测 | f_max:无实测
重脆\FRA014\s1.png,重脆,易碎,易碎,FRA014,ceramic_decor,,,,f_min:无实测 | f_max:无实测
重脆\FRA014\s10.png,重脆,易碎,易碎,FRA014,ceramic_decor,,,,f_min:无实测 | f_max:无实测
重脆\FRA014\s11.png,重脆,易碎,易碎,FRA014,ceramic_decor,,,,f_min:无实测 | f_max:无实测
重脆\FRA014\s12.png,重脆,易碎,易碎,FRA014,ceramic_decor,,,,f_min:无实测 | f_max:无实测
重脆\FRA014\s13.png,重脆,易碎,易碎,FRA014,ceramic_decor,,,,f_min:无实测 | f_max:无实测
重脆\FRA014\s14.png,重脆,易碎,易碎,FRA014,ceramic_decor,,,,f_min:无实测 | f_max:无实测
重脆\FRA014\s2.png,重脆,易碎,易碎,FRA014,ceramic_decor,,,,f_min:无实测 | f_max:无实测
重脆\FRA014\s3.png,重脆,易碎,易碎,FRA014,ceramic_decor,,,,f_min:无实测 | f_max:无实测
重脆\FRA014\s4.png,重脆,易碎,易碎,FRA014,ceramic_decor,,,,f_min:无实测 | f_max:无实测
重脆\FRA014\s5.png,重脆,易碎,易碎,FRA014,ceramic_decor,,,,f_min:无实测 | f_max:无实测
重脆\FRA014\s6.png,重脆,易碎,易碎,FRA014,ceramic_decor,,,,f_min:无实测 | f_max:无实测
重脆\FRA014\s7.png,重脆,易碎,易碎,FRA014,ceramic_decor,,,,f_min:无实测 | f_max:无实测
重脆\FRA014\s8.png,重脆,易碎,易碎,FRA014,ceramic_decor,,,,f_min:无实测 | f_max:无实测
重脆\FRA014\s9.png,重脆,易碎,易碎,FRA014,ceramic_decor,,,,f_min:无实测 | f_max:无实测
重脆\FRA015\s0.png,重脆,易碎,易碎,FRA015,ceramic_decor,,,,f_min:无实测 | f_max:无实测
重脆\FRA015\s1.png,重脆,易碎,易碎,FRA015,ceramic_decor,,,,f_min:无实测 | f_max:无实测
重脆\FRA015\s10.png,重脆,易碎,易碎,FRA015,ceramic_decor,,,,f_min:无实测 | f_max:无实测
重脆\FRA015\s11.png,重脆,易碎,易碎,FRA015,ceramic_decor,,,,f_min:无实测 | f_max:无实测
重脆\FRA015\s12.png,重脆,易碎,易碎,FRA015,ceramic_decor,,,,f_min:无实测 | f_max:无实测
重脆\FRA015\s13.png,重脆,易碎,易碎,FRA015,ceramic_decor,,,,f_min:无实测 | f_max:无实测
重脆\FRA015\s14.png,重脆,易碎,易碎,FRA015,ceramic_decor,,,,f_min:无实测 | f_max:无实测
重脆\FRA015\s2.png,重脆,易碎,易碎,FRA015,ceramic_decor,,,,f_min:无实测 | f_max:无实测
重脆\FRA015\s3.png,重脆,易碎,易碎,FRA015,ceramic_decor,,,,f_min:无实测 | f_max:无实测
重脆\FRA015\s4.png,重脆,易碎,易碎,FRA015,ceramic_decor,,,,f_min:无实测 | f_max:无实测
重脆\FRA015\s5.png,重脆,易碎,易碎,FRA015,ceramic_decor,,,,f_min:无实测 | f_max:无实测
重脆\FRA015\s6.png,重脆,易碎,易碎,FRA015,ceramic_decor,,,,f_min:无实测 | f_max:无实测
重脆\FRA015\s7.png,重脆,易碎,易碎,FRA015,ceramic_decor,,,,f_min:无实测 | f_max:无实测
重脆\FRA015\s8.png,重脆,易碎,易碎,FRA015,ceramic_decor,,,,f_min:无实测 | f_max:无实测
重脆\FRA015\s9.png,重脆,易碎,易碎,FRA015,ceramic_decor,,,,f_min:无实测 | f_max:无实测
重脆\FRA031\s0.png,重脆,易碎,易碎,FRA031,glass_cup,,1.5,,"f_min:同型转移(玻璃杯)(1.5N,两指合力) | f_max:无实测"
重脆\FRA031\s1.png,重脆,易碎,易碎,FRA031,glass_cup,,1.5,,"f_min:同型转移(玻璃杯)(1.5N,两指合力) | f_max:无实测"
重脆\FRA031\s10.png,重脆,易碎,易碎,FRA031,glass_cup,,1.5,,"f_min:同型转移(玻璃杯)(1.5N,两指合力) | f_max:无实测"
重脆\FRA031\s11.png,重脆,易碎,易碎,FRA031,glass_cup,,1.5,,"f_min:同型转移(玻璃杯)(1.5N,两指合力) | f_max:无实测"
重脆\FRA031\s12.png,重脆,易碎,易碎,FRA031,glass_cup,,1.5,,"f_min:同型转移(玻璃杯)(1.5N,两指合力) | f_max:无实测"
重脆\FRA031\s13.png,重脆,易碎,易碎,FRA031,glass_cup,,1.5,,"f_min:同型转移(玻璃杯)(1.5N,两指合力) | f_max:无实测"
重脆\FRA031\s14.png,重脆,易碎,易碎,FRA031,glass_cup,,1.5,,"f_min:同型转移(玻璃杯)(1.5N,两指合力) | f_max:无实测"
重脆\FRA031\s2.png,重脆,易碎,易碎,FRA031,glass_cup,,1.5,,"f_min:同型转移(玻璃杯)(1.5N,两指合力) | f_max:无实测"
重脆\FRA031\s3.png,重脆,易碎,易碎,FRA031,glass_cup,,1.5,,"f_min:同型转移(玻璃杯)(1.5N,两指合力) | f_max:无实测"
重脆\FRA031\s4.png,重脆,易碎,易碎,FRA031,glass_cup,,1.5,,"f_min:同型转移(玻璃杯)(1.5N,两指合力) | f_max:无实测"
重脆\FRA031\s5.png,重脆,易碎,易碎,FRA031,glass_cup,,1.5,,"f_min:同型转移(玻璃杯)(1.5N,两指合力) | f_max:无实测"
重脆\FRA031\s6.png,重脆,易碎,易碎,FRA031,glass_cup,,1.5,,"f_min:同型转移(玻璃杯)(1.5N,两指合力) | f_max:无实测"
重脆\FRA031\s7.png,重脆,易碎,易碎,FRA031,glass_cup,,1.5,,"f_min:同型转移(玻璃杯)(1.5N,两指合力) | f_max:无实测"
重脆\FRA031\s8.png,重脆,易碎,易碎,FRA031,glass_cup,,1.5,,"f_min:同型转移(玻璃杯)(1.5N,两指合力) | f_max:无实测"
重脆\FRA031\s9.png,重脆,易碎,易碎,FRA031,glass_cup,,1.5,,"f_min:同型转移(玻璃杯)(1.5N,两指合力) | f_max:无实测"
重脆\FRA032\s0.png,重脆,易碎,易碎,FRA032,glass_bottle,,0.75,,"f_min:同型转移(玻璃罐)(0.75N,两指合力) | f_max:无实测"
重脆\FRA032\s1.png,重脆,易碎,易碎,FRA032,glass_bottle,,0.75,,"f_min:同型转移(玻璃罐)(0.75N,两指合力) | f_max:无实测"
重脆\FRA032\s10.png,重脆,易碎,易碎,FRA032,glass_bottle,,0.75,,"f_min:同型转移(玻璃罐)(0.75N,两指合力) | f_max:无实测"
重脆\FRA032\s11.png,重脆,易碎,易碎,FRA032,glass_bottle,,0.75,,"f_min:同型转移(玻璃罐)(0.75N,两指合力) | f_max:无实测"
重脆\FRA032\s12.png,重脆,易碎,易碎,FRA032,glass_bottle,,0.75,,"f_min:同型转移(玻璃罐)(0.75N,两指合力) | f_max:无实测"
重脆\FRA032\s13.png,重脆,易碎,易碎,FRA032,glass_bottle,,0.75,,"f_min:同型转移(玻璃罐)(0.75N,两指合力) | f_max:无实测"
重脆\FRA032\s14.png,重脆,易碎,易碎,FRA032,glass_bottle,,0.75,,"f_min:同型转移(玻璃罐)(0.75N,两指合力) | f_max:无实测"
重脆\FRA032\s2.png,重脆,易碎,易碎,FRA032,glass_bottle,,0.75,,"f_min:同型转移(玻璃罐)(0.75N,两指合力) | f_max:无实测"
重脆\FRA032\s3.png,重脆,易碎,易碎,FRA032,glass_bottle,,0.75,,"f_min:同型转移(玻璃罐)(0.75N,两指合力) | f_max:无实测"
重脆\FRA032\s4.png,重脆,易碎,易碎,FRA032,glass_bottle,,0.75,,"f_min:同型转移(玻璃罐)(0.75N,两指合力) | f_max:无实测"
重脆\FRA032\s5.png,重脆,易碎,易碎,FRA032,glass_bottle,,0.75,,"f_min:同型转移(玻璃罐)(0.75N,两指合力) | f_max:无实测"
重脆\FRA032\s6.png,重脆,易碎,易碎,FRA032,glass_bottle,,0.75,,"f_min:同型转移(玻璃罐)(0.75N,两指合力) | f_max:无实测"
重脆\FRA032\s7.png,重脆,易碎,易碎,FRA032,glass_bottle,,0.75,,"f_min:同型转移(玻璃罐)(0.75N,两指合力) | f_max:无实测"
重脆\FRA032\s8.png,重脆,易碎,易碎,FRA032,glass_bottle,,0.75,,"f_min:同型转移(玻璃罐)(0.75N,两指合力) | f_max:无实测"
重脆\FRA032\s9.png,重脆,易碎,易碎,FRA032,glass_bottle,,0.75,,"f_min:同型转移(玻璃罐)(0.75N,两指合力) | f_max:无实测"
重脆\FRA033\s0.png,重脆,易碎,易碎,FRA033,glass_decor,,,,f_min:无实测 | f_max:无实测
重脆\FRA033\s1.png,重脆,易碎,易碎,FRA033,glass_decor,,,,f_min:无实测 | f_max:无实测
重脆\FRA033\s10.png,重脆,易碎,易碎,FRA033,glass_decor,,,,f_min:无实测 | f_max:无实测
重脆\FRA033\s11.png,重脆,易碎,易碎,FRA033,glass_decor,,,,f_min:无实测 | f_max:无实测
重脆\FRA033\s12.png,重脆,易碎,易碎,FRA033,glass_decor,,,,f_min:无实测 | f_max:无实测
重脆\FRA033\s13.png,重脆,易碎,易碎,FRA033,glass_decor,,,,f_min:无实测 | f_max:无实测
重脆\FRA033\s14.png,重脆,易碎,易碎,FRA033,glass_decor,,,,f_min:无实测 | f_max:无实测
重脆\FRA033\s2.png,重脆,易碎,易碎,FRA033,glass_decor,,,,f_min:无实测 | f_max:无实测
重脆\FRA033\s3.png,重脆,易碎,易碎,FRA033,glass_decor,,,,f_min:无实测 | f_max:无实测
重脆\FRA033\s4.png,重脆,易碎,易碎,FRA033,glass_decor,,,,f_min:无实测 | f_max:无实测
重脆\FRA033\s5.png,重脆,易碎,易碎,FRA033,glass_decor,,,,f_min:无实测 | f_max:无实测
重脆\FRA033\s6.png,重脆,易碎,易碎,FRA033,glass_decor,,,,f_min:无实测 | f_max:无实测
重脆\FRA033\s7.png,重脆,易碎,易碎,FRA033,glass_decor,,,,f_min:无实测 | f_max:无实测
重脆\FRA033\s8.png,重脆,易碎,易碎,FRA033,glass_decor,,,,f_min:无实测 | f_max:无实测
重脆\FRA033\s9.png,重脆,易碎,易碎,FRA033,glass_decor,,,,f_min:无实测 | f_max:无实测
重脆\FRA034\s0.png,重脆,易碎,易碎,FRA034,ceramic_cup,,1.5,,"f_min:同型转移(陶瓷咖啡杯)(1.5N,两指合力) | f_max:无实测"
重脆\FRA034\s1.png,重脆,易碎,易碎,FRA034,ceramic_cup,,1.5,,"f_min:同型转移(陶瓷咖啡杯)(1.5N,两指合力) | f_max:无实测"
重脆\FRA034\s10.png,重脆,易碎,易碎,FRA034,ceramic_cup,,1.5,,"f_min:同型转移(陶瓷咖啡杯)(1.5N,两指合力) | f_max:无实测"
重脆\FRA034\s11.png,重脆,易碎,易碎,FRA034,ceramic_cup,,1.5,,"f_min:同型转移(陶瓷咖啡杯)(1.5N,两指合力) | f_max:无实测"
重脆\FRA034\s12.png,重脆,易碎,易碎,FRA034,ceramic_cup,,1.5,,"f_min:同型转移(陶瓷咖啡杯)(1.5N,两指合力) | f_max:无实测"
重脆\FRA034\s13.png,重脆,易碎,易碎,FRA034,ceramic_cup,,1.5,,"f_min:同型转移(陶瓷咖啡杯)(1.5N,两指合力) | f_max:无实测"
重脆\FRA034\s14.png,重脆,易碎,易碎,FRA034,ceramic_cup,,1.5,,"f_min:同型转移(陶瓷咖啡杯)(1.5N,两指合力) | f_max:无实测"
重脆\FRA034\s2.png,重脆,易碎,易碎,FRA034,ceramic_cup,,1.5,,"f_min:同型转移(陶瓷咖啡杯)(1.5N,两指合力) | f_max:无实测"
重脆\FRA034\s3.png,重脆,易碎,易碎,FRA034,ceramic_cup,,1.5,,"f_min:同型转移(陶瓷咖啡杯)(1.5N,两指合力) | f_max:无实测"
重脆\FRA034\s4.png,重脆,易碎,易碎,FRA034,ceramic_cup,,1.5,,"f_min:同型转移(陶瓷咖啡杯)(1.5N,两指合力) | f_max:无实测"
重脆\FRA034\s5.png,重脆,易碎,易碎,FRA034,ceramic_cup,,1.5,,"f_min:同型转移(陶瓷咖啡杯)(1.5N,两指合力) | f_max:无实测"
重脆\FRA034\s6.png,重脆,易碎,易碎,FRA034,ceramic_cup,,1.5,,"f_min:同型转移(陶瓷咖啡杯)(1.5N,两指合力) | f_max:无实测"
重脆\FRA034\s7.png,重脆,易碎,易碎,FRA034,ceramic_cup,,1.5,,"f_min:同型转移(陶瓷咖啡杯)(1.5N,两指合力) | f_max:无实测"
重脆\FRA034\s8.png,重脆,易碎,易碎,FRA034,ceramic_cup,,1.5,,"f_min:同型转移(陶瓷咖啡杯)(1.5N,两指合力) | f_max:无实测"
重脆\FRA034\s9.png,重脆,易碎,易碎,FRA034,ceramic_cup,,1.5,,"f_min:同型转移(陶瓷咖啡杯)(1.5N,两指合力) | f_max:无实测"
重脆\FRA035\s0.png,重脆,易碎,易碎,FRA035,ceramic_bowl,,,,f_min:无实测 | f_max:无实测
重脆\FRA035\s1.png,重脆,易碎,易碎,FRA035,ceramic_bowl,,,,f_min:无实测 | f_max:无实测
重脆\FRA035\s10.png,重脆,易碎,易碎,FRA035,ceramic_bowl,,,,f_min:无实测 | f_max:无实测
重脆\FRA035\s11.png,重脆,易碎,易碎,FRA035,ceramic_bowl,,,,f_min:无实测 | f_max:无实测
重脆\FRA035\s12.png,重脆,易碎,易碎,FRA035,ceramic_bowl,,,,f_min:无实测 | f_max:无实测
重脆\FRA035\s13.png,重脆,易碎,易碎,FRA035,ceramic_bowl,,,,f_min:无实测 | f_max:无实测
重脆\FRA035\s14.png,重脆,易碎,易碎,FRA035,ceramic_bowl,,,,f_min:无实测 | f_max:无实测
重脆\FRA035\s2.png,重脆,易碎,易碎,FRA035,ceramic_bowl,,,,f_min:无实测 | f_max:无实测
重脆\FRA035\s3.png,重脆,易碎,易碎,FRA035,ceramic_bowl,,,,f_min:无实测 | f_max:无实测
重脆\FRA035\s4.png,重脆,易碎,易碎,FRA035,ceramic_bowl,,,,f_min:无实测 | f_max:无实测
重脆\FRA035\s5.png,重脆,易碎,易碎,FRA035,ceramic_bowl,,,,f_min:无实测 | f_max:无实测
重脆\FRA035\s6.png,重脆,易碎,易碎,FRA035,ceramic_bowl,,,,f_min:无实测 | f_max:无实测
重脆\FRA035\s7.png,重脆,易碎,易碎,FRA035,ceramic_bowl,,,,f_min:无实测 | f_max:无实测
重脆\FRA035\s8.png,重脆,易碎,易碎,FRA035,ceramic_bowl,,,,f_min:无实测 | f_max:无实测
重脆\FRA035\s9.png,重脆,易碎,易碎,FRA035,ceramic_bowl,,,,f_min:无实测 | f_max:无实测
重脆\FRA037\s0.png,重脆,易碎,易碎,FRA037,ceramic_tableware,,,,f_min:无实测 | f_max:无实测
重脆\FRA037\s1.png,重脆,易碎,易碎,FRA037,ceramic_tableware,,,,f_min:无实测 | f_max:无实测
重脆\FRA037\s10.png,重脆,易碎,易碎,FRA037,ceramic_tableware,,,,f_min:无实测 | f_max:无实测
重脆\FRA037\s11.png,重脆,易碎,易碎,FRA037,ceramic_tableware,,,,f_min:无实测 | f_max:无实测
重脆\FRA037\s12.png,重脆,易碎,易碎,FRA037,ceramic_tableware,,,,f_min:无实测 | f_max:无实测
重脆\FRA037\s13.png,重脆,易碎,易碎,FRA037,ceramic_tableware,,,,f_min:无实测 | f_max:无实测
重脆\FRA037\s14.png,重脆,易碎,易碎,FRA037,ceramic_tableware,,,,f_min:无实测 | f_max:无实测
重脆\FRA037\s2.png,重脆,易碎,易碎,FRA037,ceramic_tableware,,,,f_min:无实测 | f_max:无实测
重脆\FRA037\s3.png,重脆,易碎,易碎,FRA037,ceramic_tableware,,,,f_min:无实测 | f_max:无实测
重脆\FRA037\s4.png,重脆,易碎,易碎,FRA037,ceramic_tableware,,,,f_min:无实测 | f_max:无实测
重脆\FRA037\s5.png,重脆,易碎,易碎,FRA037,ceramic_tableware,,,,f_min:无实测 | f_max:无实测
重脆\FRA037\s6.png,重脆,易碎,易碎,FRA037,ceramic_tableware,,,,f_min:无实测 | f_max:无实测
重脆\FRA037\s7.png,重脆,易碎,易碎,FRA037,ceramic_tableware,,,,f_min:无实测 | f_max:无实测
重脆\FRA037\s8.png,重脆,易碎,易碎,FRA037,ceramic_tableware,,,,f_min:无实测 | f_max:无实测
重脆\FRA037\s9.png,重脆,易碎,易碎,FRA037,ceramic_tableware,,,,f_min:无实测 | f_max:无实测
重脆\FRA038\s0.png,重脆,易碎,易碎,FRA038,ceramic_decor,,,,f_min:无实测 | f_max:无实测
重脆\FRA038\s1.png,重脆,易碎,易碎,FRA038,ceramic_decor,,,,f_min:无实测 | f_max:无实测
重脆\FRA038\s10.png,重脆,易碎,易碎,FRA038,ceramic_decor,,,,f_min:无实测 | f_max:无实测
重脆\FRA038\s11.png,重脆,易碎,易碎,FRA038,ceramic_decor,,,,f_min:无实测 | f_max:无实测
重脆\FRA038\s12.png,重脆,易碎,易碎,FRA038,ceramic_decor,,,,f_min:无实测 | f_max:无实测
重脆\FRA038\s13.png,重脆,易碎,易碎,FRA038,ceramic_decor,,,,f_min:无实测 | f_max:无实测
重脆\FRA038\s14.png,重脆,易碎,易碎,FRA038,ceramic_decor,,,,f_min:无实测 | f_max:无实测
重脆\FRA038\s2.png,重脆,易碎,易碎,FRA038,ceramic_decor,,,,f_min:无实测 | f_max:无实测
重脆\FRA038\s3.png,重脆,易碎,易碎,FRA038,ceramic_decor,,,,f_min:无实测 | f_max:无实测
重脆\FRA038\s4.png,重脆,易碎,易碎,FRA038,ceramic_decor,,,,f_min:无实测 | f_max:无实测
重脆\FRA038\s5.png,重脆,易碎,易碎,FRA038,ceramic_decor,,,,f_min:无实测 | f_max:无实测
重脆\FRA038\s6.png,重脆,易碎,易碎,FRA038,ceramic_decor,,,,f_min:无实测 | f_max:无实测
重脆\FRA038\s7.png,重脆,易碎,易碎,FRA038,ceramic_decor,,,,f_min:无实测 | f_max:无实测
重脆\FRA038\s8.png,重脆,易碎,易碎,FRA038,ceramic_decor,,,,f_min:无实测 | f_max:无实测
重脆\FRA038\s9.png,重脆,易碎,易碎,FRA038,ceramic_decor,,,,f_min:无实测 | f_max:无实测
重脆\FRA060\s0.png,重脆,易碎,易碎,FRA060,glass_decor,,,,f_min:无实测 | f_max:无实测
重脆\FRA060\s1.png,重脆,易碎,易碎,FRA060,glass_decor,,,,f_min:无实测 | f_max:无实测
重脆\FRA060\s10.png,重脆,易碎,易碎,FRA060,glass_decor,,,,f_min:无实测 | f_max:无实测
重脆\FRA060\s11.png,重脆,易碎,易碎,FRA060,glass_decor,,,,f_min:无实测 | f_max:无实测
重脆\FRA060\s12.png,重脆,易碎,易碎,FRA060,glass_decor,,,,f_min:无实测 | f_max:无实测
重脆\FRA060\s13.png,重脆,易碎,易碎,FRA060,glass_decor,,,,f_min:无实测 | f_max:无实测
重脆\FRA060\s14.png,重脆,易碎,易碎,FRA060,glass_decor,,,,f_min:无实测 | f_max:无实测
重脆\FRA060\s2.png,重脆,易碎,易碎,FRA060,glass_decor,,,,f_min:无实测 | f_max:无实测
重脆\FRA060\s3.png,重脆,易碎,易碎,FRA060,glass_decor,,,,f_min:无实测 | f_max:无实测
重脆\FRA060\s4.png,重脆,易碎,易碎,FRA060,glass_decor,,,,f_min:无实测 | f_max:无实测
重脆\FRA060\s5.png,重脆,易碎,易碎,FRA060,glass_decor,,,,f_min:无实测 | f_max:无实测
重脆\FRA060\s6.png,重脆,易碎,易碎,FRA060,glass_decor,,,,f_min:无实测 | f_max:无实测
重脆\FRA060\s7.png,重脆,易碎,易碎,FRA060,glass_decor,,,,f_min:无实测 | f_max:无实测
重脆\FRA060\s8.png,重脆,易碎,易碎,FRA060,glass_decor,,,,f_min:无实测 | f_max:无实测
重脆\FRA060\s9.png,重脆,易碎,易碎,FRA060,glass_decor,,,,f_min:无实测 | f_max:无实测
重脆\FRA062\s0.png,重脆,易碎,易碎,FRA062,glass_bowl,,,,f_min:无实测 | f_max:无实测
重脆\FRA062\s1.png,重脆,易碎,易碎,FRA062,glass_bowl,,,,f_min:无实测 | f_max:无实测
重脆\FRA062\s10.png,重脆,易碎,易碎,FRA062,glass_bowl,,,,f_min:无实测 | f_max:无实测
重脆\FRA062\s11.png,重脆,易碎,易碎,FRA062,glass_bowl,,,,f_min:无实测 | f_max:无实测
重脆\FRA062\s12.png,重脆,易碎,易碎,FRA062,glass_bowl,,,,f_min:无实测 | f_max:无实测
重脆\FRA062\s13.png,重脆,易碎,易碎,FRA062,glass_bowl,,,,f_min:无实测 | f_max:无实测
重脆\FRA062\s14.png,重脆,易碎,易碎,FRA062,glass_bowl,,,,f_min:无实测 | f_max:无实测
重脆\FRA062\s2.png,重脆,易碎,易碎,FRA062,glass_bowl,,,,f_min:无实测 | f_max:无实测
重脆\FRA062\s3.png,重脆,易碎,易碎,FRA062,glass_bowl,,,,f_min:无实测 | f_max:无实测
重脆\FRA062\s4.png,重脆,易碎,易碎,FRA062,glass_bowl,,,,f_min:无实测 | f_max:无实测
重脆\FRA062\s5.png,重脆,易碎,易碎,FRA062,glass_bowl,,,,f_min:无实测 | f_max:无实测
重脆\FRA062\s6.png,重脆,易碎,易碎,FRA062,glass_bowl,,,,f_min:无实测 | f_max:无实测
重脆\FRA062\s7.png,重脆,易碎,易碎,FRA062,glass_bowl,,,,f_min:无实测 | f_max:无实测
重脆\FRA062\s8.png,重脆,易碎,易碎,FRA062,glass_bowl,,,,f_min:无实测 | f_max:无实测
重脆\FRA062\s9.png,重脆,易碎,易碎,FRA062,glass_bowl,,,,f_min:无实测 | f_max:无实测
重脆\FRA063\s0.png,重脆,易碎,易碎,FRA063,ceramic_teapot,,,,f_min:无实测 | f_max:无实测
重脆\FRA063\s1.png,重脆,易碎,易碎,FRA063,ceramic_teapot,,,,f_min:无实测 | f_max:无实测
重脆\FRA063\s10.png,重脆,易碎,易碎,FRA063,ceramic_teapot,,,,f_min:无实测 | f_max:无实测
重脆\FRA063\s11.png,重脆,易碎,易碎,FRA063,ceramic_teapot,,,,f_min:无实测 | f_max:无实测
重脆\FRA063\s12.png,重脆,易碎,易碎,FRA063,ceramic_teapot,,,,f_min:无实测 | f_max:无实测
重脆\FRA063\s13.png,重脆,易碎,易碎,FRA063,ceramic_teapot,,,,f_min:无实测 | f_max:无实测
重脆\FRA063\s14.png,重脆,易碎,易碎,FRA063,ceramic_teapot,,,,f_min:无实测 | f_max:无实测
重脆\FRA063\s2.png,重脆,易碎,易碎,FRA063,ceramic_teapot,,,,f_min:无实测 | f_max:无实测
重脆\FRA063\s3.png,重脆,易碎,易碎,FRA063,ceramic_teapot,,,,f_min:无实测 | f_max:无实测
重脆\FRA063\s4.png,重脆,易碎,易碎,FRA063,ceramic_teapot,,,,f_min:无实测 | f_max:无实测
重脆\FRA063\s5.png,重脆,易碎,易碎,FRA063,ceramic_teapot,,,,f_min:无实测 | f_max:无实测
重脆\FRA063\s6.png,重脆,易碎,易碎,FRA063,ceramic_teapot,,,,f_min:无实测 | f_max:无实测
重脆\FRA063\s7.png,重脆,易碎,易碎,FRA063,ceramic_teapot,,,,f_min:无实测 | f_max:无实测
重脆\FRA063\s8.png,重脆,易碎,易碎,FRA063,ceramic_teapot,,,,f_min:无实测 | f_max:无实测
重脆\FRA063\s9.png,重脆,易碎,易碎,FRA063,ceramic_teapot,,,,f_min:无实测 | f_max:无实测
重脆\FRA066\s0.png,重脆,易碎,易碎,FRA066,glass_bottle,,,,f_min:无实测 | f_max:无实测
重脆\FRA066\s1.png,重脆,易碎,易碎,FRA066,glass_bottle,,,,f_min:无实测 | f_max:无实测
重脆\FRA066\s10.png,重脆,易碎,易碎,FRA066,glass_bottle,,,,f_min:无实测 | f_max:无实测
重脆\FRA066\s11.png,重脆,易碎,易碎,FRA066,glass_bottle,,,,f_min:无实测 | f_max:无实测
重脆\FRA066\s12.png,重脆,易碎,易碎,FRA066,glass_bottle,,,,f_min:无实测 | f_max:无实测
重脆\FRA066\s13.png,重脆,易碎,易碎,FRA066,glass_bottle,,,,f_min:无实测 | f_max:无实测
重脆\FRA066\s14.png,重脆,易碎,易碎,FRA066,glass_bottle,,,,f_min:无实测 | f_max:无实测
重脆\FRA066\s2.png,重脆,易碎,易碎,FRA066,glass_bottle,,,,f_min:无实测 | f_max:无实测
重脆\FRA066\s3.png,重脆,易碎,易碎,FRA066,glass_bottle,,,,f_min:无实测 | f_max:无实测
重脆\FRA066\s4.png,重脆,易碎,易碎,FRA066,glass_bottle,,,,f_min:无实测 | f_max:无实测
重脆\FRA066\s5.png,重脆,易碎,易碎,FRA066,glass_bottle,,,,f_min:无实测 | f_max:无实测
重脆\FRA066\s6.png,重脆,易碎,易碎,FRA066,glass_bottle,,,,f_min:无实测 | f_max:无实测
重脆\FRA066\s7.png,重脆,易碎,易碎,FRA066,glass_bottle,,,,f_min:无实测 | f_max:无实测
重脆\FRA066\s8.png,重脆,易碎,易碎,FRA066,glass_bottle,,,,f_min:无实测 | f_max:无实测
重脆\FRA066\s9.png,重脆,易碎,易碎,FRA066,glass_bottle,,,,f_min:无实测 | f_max:无实测
刚体\E001\Black_chocolate_candy_ball.png,刚体,刚体,非易碎,E001,black_chocolate_candy_ball,,0.25,,"f_min:ExpForce本物实测(0.25N,两指合力) | f_max:无实测"
刚体\E002\Pringles_can.png,刚体,刚体,非易碎,E002,pringles_can,,1.5,,"f_min:ExpForce本物实测(1.5N,两指合力) | f_max:无实测"
刚体\E002\s1.png,刚体,刚体,非易碎,E002,pringles_can,,1.5,,"f_min:ExpForce本物实测(1.5N,两指合力) | f_max:无实测"
刚体\E002\s10.png,刚体,刚体,非易碎,E002,pringles_can,,1.5,,"f_min:ExpForce本物实测(1.5N,两指合力) | f_max:无实测"
刚体\E002\s11.png,刚体,刚体,非易碎,E002,pringles_can,,1.5,,"f_min:ExpForce本物实测(1.5N,两指合力) | f_max:无实测"
刚体\E002\s12.png,刚体,刚体,非易碎,E002,pringles_can,,1.5,,"f_min:ExpForce本物实测(1.5N,两指合力) | f_max:无实测"
刚体\E002\s13.png,刚体,刚体,非易碎,E002,pringles_can,,1.5,,"f_min:ExpForce本物实测(1.5N,两指合力) | f_max:无实测"
刚体\E002\s14.png,刚体,刚体,非易碎,E002,pringles_can,,1.5,,"f_min:ExpForce本物实测(1.5N,两指合力) | f_max:无实测"
刚体\E002\s2.png,刚体,刚体,非易碎,E002,pringles_can,,1.5,,"f_min:ExpForce本物实测(1.5N,两指合力) | f_max:无实测"
刚体\E002\s3.png,刚体,刚体,非易碎,E002,pringles_can,,1.5,,"f_min:ExpForce本物实测(1.5N,两指合力) | f_max:无实测"
刚体\E002\s4.png,刚体,刚体,非易碎,E002,pringles_can,,1.5,,"f_min:ExpForce本物实测(1.5N,两指合力) | f_max:无实测"
刚体\E002\s5.png,刚体,刚体,非易碎,E002,pringles_can,,1.5,,"f_min:ExpForce本物实测(1.5N,两指合力) | f_max:无实测"
刚体\E002\s6.png,刚体,刚体,非易碎,E002,pringles_can,,1.5,,"f_min:ExpForce本物实测(1.5N,两指合力) | f_max:无实测"
刚体\E002\s7.png,刚体,刚体,非易碎,E002,pringles_can,,1.5,,"f_min:ExpForce本物实测(1.5N,两指合力) | f_max:无实测"
刚体\E002\s8.png,刚体,刚体,非易碎,E002,pringles_can,,1.5,,"f_min:ExpForce本物实测(1.5N,两指合力) | f_max:无实测"
刚体\E002\s9.png,刚体,刚体,非易碎,E002,pringles_can,,1.5,,"f_min:ExpForce本物实测(1.5N,两指合力) | f_max:无实测"
刚体\E003\Spam_canned_meat.png,刚体,刚体,非易碎,E003,spam_canned_meat,,2.5,,"f_min:ExpForce本物实测(2.5N,两指合力) | f_max:无实测"
刚体\E003\s1.png,刚体,刚体,非易碎,E003,spam_canned_meat,,2.5,,"f_min:ExpForce本物实测(2.5N,两指合力) | f_max:无实测"
刚体\E003\s10.png,刚体,刚体,非易碎,E003,spam_canned_meat,,2.5,,"f_min:ExpForce本物实测(2.5N,两指合力) | f_max:无实测"
刚体\E003\s11.png,刚体,刚体,非易碎,E003,spam_canned_meat,,2.5,,"f_min:ExpForce本物实测(2.5N,两指合力) | f_max:无实测"
刚体\E003\s12.png,刚体,刚体,非易碎,E003,spam_canned_meat,,2.5,,"f_min:ExpForce本物实测(2.5N,两指合力) | f_max:无实测"
刚体\E003\s13.png,刚体,刚体,非易碎,E003,spam_canned_meat,,2.5,,"f_min:ExpForce本物实测(2.5N,两指合力) | f_max:无实测"
刚体\E003\s14.png,刚体,刚体,非易碎,E003,spam_canned_meat,,2.5,,"f_min:ExpForce本物实测(2.5N,两指合力) | f_max:无实测"
刚体\E003\s2.png,刚体,刚体,非易碎,E003,spam_canned_meat,,2.5,,"f_min:ExpForce本物实测(2.5N,两指合力) | f_max:无实测"
刚体\E003\s3.png,刚体,刚体,非易碎,E003,spam_canned_meat,,2.5,,"f_min:ExpForce本物实测(2.5N,两指合力) | f_max:无实测"
刚体\E003\s4.png,刚体,刚体,非易碎,E003,spam_canned_meat,,2.5,,"f_min:ExpForce本物实测(2.5N,两指合力) | f_max:无实测"
刚体\E003\s5.png,刚体,刚体,非易碎,E003,spam_canned_meat,,2.5,,"f_min:ExpForce本物实测(2.5N,两指合力) | f_max:无实测"
刚体\E003\s6.png,刚体,刚体,非易碎,E003,spam_canned_meat,,2.5,,"f_min:ExpForce本物实测(2.5N,两指合力) | f_max:无实测"
刚体\E003\s7.png,刚体,刚体,非易碎,E003,spam_canned_meat,,2.5,,"f_min:ExpForce本物实测(2.5N,两指合力) | f_max:无实测"
刚体\E003\s8.png,刚体,刚体,非易碎,E003,spam_canned_meat,,2.5,,"f_min:ExpForce本物实测(2.5N,两指合力) | f_max:无实测"
刚体\E003\s9.png,刚体,刚体,非易碎,E003,spam_canned_meat,,2.5,,"f_min:ExpForce本物实测(2.5N,两指合力) | f_max:无实测"
刚体\E010\Supplement_bottle_Fish_oil.png,刚体,刚体,非易碎,E010,supplement_bottle_fish_oil,,2.0,,"f_min:ExpForce本物实测(2.0N,两指合力) | f_max:无实测"
刚体\E011\Supplement_bottle_CoQ10.png,刚体,刚体,非易碎,E011,supplement_bottle_coq10,,1.5,,"f_min:ExpForce本物实测(1.5N,两指合力) | f_max:无实测"
刚体\E014\Power_adapter.png,刚体,刚体,非易碎,E014,power_adapter,,5.0,,"f_min:ExpForce本物实测(5.0N,两指合力) | f_max:无实测"
刚体\E015\Tabletop_mobile_phone_stand.png,刚体,刚体,非易碎,E015,tabletop_mobile_phone_stand,,2.0,,"f_min:ExpForce本物实测(2.0N,两指合力) | f_max:无实测"
刚体\E016\Monster_Energy_drink_zero.png,刚体,刚体,非易碎,E016,monster_energy_drink,,1.75,,"f_min:ExpForce本物实测(1.75N,两指合力) | f_max:无实测"
刚体\E016\s1.png,刚体,刚体,非易碎,E016,monster_energy_drink,,1.75,,"f_min:ExpForce本物实测(1.75N,两指合力) | f_max:无实测"
刚体\E016\s10.png,刚体,刚体,非易碎,E016,monster_energy_drink,,1.75,,"f_min:ExpForce本物实测(1.75N,两指合力) | f_max:无实测"
刚体\E016\s11.png,刚体,刚体,非易碎,E016,monster_energy_drink,,1.75,,"f_min:ExpForce本物实测(1.75N,两指合力) | f_max:无实测"
刚体\E016\s13.png,刚体,刚体,非易碎,E016,monster_energy_drink,,1.75,,"f_min:ExpForce本物实测(1.75N,两指合力) | f_max:无实测"
刚体\E016\s14.png,刚体,刚体,非易碎,E016,monster_energy_drink,,1.75,,"f_min:ExpForce本物实测(1.75N,两指合力) | f_max:无实测"
刚体\E016\s15.png,刚体,刚体,非易碎,E016,monster_energy_drink,,1.75,,"f_min:ExpForce本物实测(1.75N,两指合力) | f_max:无实测"
刚体\E016\s2.png,刚体,刚体,非易碎,E016,monster_energy_drink,,1.75,,"f_min:ExpForce本物实测(1.75N,两指合力) | f_max:无实测"
刚体\E016\s3.png,刚体,刚体,非易碎,E016,monster_energy_drink,,1.75,,"f_min:ExpForce本物实测(1.75N,两指合力) | f_max:无实测"
刚体\E016\s4.png,刚体,刚体,非易碎,E016,monster_energy_drink,,1.75,,"f_min:ExpForce本物实测(1.75N,两指合力) | f_max:无实测"
刚体\E016\s5.png,刚体,刚体,非易碎,E016,monster_energy_drink,,1.75,,"f_min:ExpForce本物实测(1.75N,两指合力) | f_max:无实测"
刚体\E016\s6.png,刚体,刚体,非易碎,E016,monster_energy_drink,,1.75,,"f_min:ExpForce本物实测(1.75N,两指合力) | f_max:无实测"
刚体\E016\s7.png,刚体,刚体,非易碎,E016,monster_energy_drink,,1.75,,"f_min:ExpForce本物实测(1.75N,两指合力) | f_max:无实测"
刚体\E016\s8.png,刚体,刚体,非易碎,E016,monster_energy_drink,,1.75,,"f_min:ExpForce本物实测(1.75N,两指合力) | f_max:无实测"
刚体\E016\s9.png,刚体,刚体,非易碎,E016,monster_energy_drink,,1.75,,"f_min:ExpForce本物实测(1.75N,两指合力) | f_max:无实测"
刚体\E017\Red_Bull_can_355_ml.png,刚体,刚体,非易碎,E017,red_bull_can,,2.5,,"f_min:ExpForce本物实测(2.5N,两指合力) | f_max:无实测"
刚体\E017\s1.png,刚体,刚体,非易碎,E017,red_bull_can,,2.5,,"f_min:ExpForce本物实测(2.5N,两指合力) | f_max:无实测"
刚体\E017\s10.png,刚体,刚体,非易碎,E017,red_bull_can,,2.5,,"f_min:ExpForce本物实测(2.5N,两指合力) | f_max:无实测"
刚体\E017\s11.png,刚体,刚体,非易碎,E017,red_bull_can,,2.5,,"f_min:ExpForce本物实测(2.5N,两指合力) | f_max:无实测"
刚体\E017\s12.png,刚体,刚体,非易碎,E017,red_bull_can,,2.5,,"f_min:ExpForce本物实测(2.5N,两指合力) | f_max:无实测"
刚体\E017\s13.png,刚体,刚体,非易碎,E017,red_bull_can,,2.5,,"f_min:ExpForce本物实测(2.5N,两指合力) | f_max:无实测"
刚体\E017\s14.png,刚体,刚体,非易碎,E017,red_bull_can,,2.5,,"f_min:ExpForce本物实测(2.5N,两指合力) | f_max:无实测"
刚体\E017\s2.png,刚体,刚体,非易碎,E017,red_bull_can,,2.5,,"f_min:ExpForce本物实测(2.5N,两指合力) | f_max:无实测"
刚体\E017\s3.png,刚体,刚体,非易碎,E017,red_bull_can,,2.5,,"f_min:ExpForce本物实测(2.5N,两指合力) | f_max:无实测"
刚体\E017\s4.png,刚体,刚体,非易碎,E017,red_bull_can,,2.5,,"f_min:ExpForce本物实测(2.5N,两指合力) | f_max:无实测"
刚体\E017\s5.png,刚体,刚体,非易碎,E017,red_bull_can,,2.5,,"f_min:ExpForce本物实测(2.5N,两指合力) | f_max:无实测"
刚体\E017\s6.png,刚体,刚体,非易碎,E017,red_bull_can,,2.5,,"f_min:ExpForce本物实测(2.5N,两指合力) | f_max:无实测"
刚体\E017\s7.png,刚体,刚体,非易碎,E017,red_bull_can,,2.5,,"f_min:ExpForce本物实测(2.5N,两指合力) | f_max:无实测"
刚体\E017\s8.png,刚体,刚体,非易碎,E017,red_bull_can,,2.5,,"f_min:ExpForce本物实测(2.5N,两指合力) | f_max:无实测"
刚体\E017\s9.png,刚体,刚体,非易碎,E017,red_bull_can,,2.5,,"f_min:ExpForce本物实测(2.5N,两指合力) | f_max:无实测"
刚体\E018\Multivitamin_bottle_One_A_Day.png,刚体,刚体,非易碎,E018,multivitamin_bottle,,2.0,,"f_min:ExpForce本物实测(2.0N,两指合力) | f_max:无实测"
刚体\E019\Green_power_bank.png,刚体,刚体,非易碎,E019,green_power_bank,,2.0,,"f_min:ExpForce本物实测(2.0N,两指合力) | f_max:无实测"
刚体\E037\White_chocolate_candy_ball.png,刚体,刚体,非易碎,E037,white_chocolate_candy_ball,,0.25,,"f_min:ExpForce本物实测(0.25N,两指合力) | f_max:无实测"
刚体\E038\Pocky_snack_box_Long-edge_orientation.png,刚体,刚体,非易碎,E038,brittle_snack,,1.0,,"f_min:ExpForce本物实测(1.0N,两指合力) | f_max:无实测"
刚体\E042\H-E-B_Texas_steak_seasoning.png,刚体,刚体,非易碎,E042,heb_texas_steak_seasoning,,1.0,,"f_min:ExpForce本物实测(1.0N,两指合力) | f_max:无实测"
刚体\E043\7UP_Tropical_soda_zero.png,刚体,刚体,非易碎,E043,7up_tropical_soda,,2.0,,"f_min:ExpForce本物实测(2.0N,两指合力) | f_max:无实测"
刚体\E043\s1.png,刚体,刚体,非易碎,E043,7up_tropical_soda,,2.0,,"f_min:ExpForce本物实测(2.0N,两指合力) | f_max:无实测"
刚体\E043\s10.png,刚体,刚体,非易碎,E043,7up_tropical_soda,,2.0,,"f_min:ExpForce本物实测(2.0N,两指合力) | f_max:无实测"
刚体\E043\s11.png,刚体,刚体,非易碎,E043,7up_tropical_soda,,2.0,,"f_min:ExpForce本物实测(2.0N,两指合力) | f_max:无实测"
刚体\E043\s12.png,刚体,刚体,非易碎,E043,7up_tropical_soda,,2.0,,"f_min:ExpForce本物实测(2.0N,两指合力) | f_max:无实测"
刚体\E043\s13.png,刚体,刚体,非易碎,E043,7up_tropical_soda,,2.0,,"f_min:ExpForce本物实测(2.0N,两指合力) | f_max:无实测"
刚体\E043\s14.png,刚体,刚体,非易碎,E043,7up_tropical_soda,,2.0,,"f_min:ExpForce本物实测(2.0N,两指合力) | f_max:无实测"
刚体\E043\s2.png,刚体,刚体,非易碎,E043,7up_tropical_soda,,2.0,,"f_min:ExpForce本物实测(2.0N,两指合力) | f_max:无实测"
刚体\E043\s3.png,刚体,刚体,非易碎,E043,7up_tropical_soda,,2.0,,"f_min:ExpForce本物实测(2.0N,两指合力) | f_max:无实测"
刚体\E043\s4.png,刚体,刚体,非易碎,E043,7up_tropical_soda,,2.0,,"f_min:ExpForce本物实测(2.0N,两指合力) | f_max:无实测"
刚体\E043\s5.png,刚体,刚体,非易碎,E043,7up_tropical_soda,,2.0,,"f_min:ExpForce本物实测(2.0N,两指合力) | f_max:无实测"
刚体\E043\s6.png,刚体,刚体,非易碎,E043,7up_tropical_soda,,2.0,,"f_min:ExpForce本物实测(2.0N,两指合力) | f_max:无实测"
刚体\E043\s7.png,刚体,刚体,非易碎,E043,7up_tropical_soda,,2.0,,"f_min:ExpForce本物实测(2.0N,两指合力) | f_max:无实测"
刚体\E043\s8.png,刚体,刚体,非易碎,E043,7up_tropical_soda,,2.0,,"f_min:ExpForce本物实测(2.0N,两指合力) | f_max:无实测"
刚体\E043\s9.png,刚体,刚体,非易碎,E043,7up_tropical_soda,,2.0,,"f_min:ExpForce本物实测(2.0N,两指合力) | f_max:无实测"
刚体\E044\Diet_Coke_can.png,刚体,刚体,非易碎,E044,diet_coke_can,,2.0,,"f_min:ExpForce本物实测(2.0N,两指合力) | f_max:无实测"
刚体\E044\s1.png,刚体,刚体,非易碎,E044,diet_coke_can,,2.0,,"f_min:ExpForce本物实测(2.0N,两指合力) | f_max:无实测"
刚体\E044\s10.png,刚体,刚体,非易碎,E044,diet_coke_can,,2.0,,"f_min:ExpForce本物实测(2.0N,两指合力) | f_max:无实测"
刚体\E044\s11.png,刚体,刚体,非易碎,E044,diet_coke_can,,2.0,,"f_min:ExpForce本物实测(2.0N,两指合力) | f_max:无实测"
刚体\E044\s12.png,刚体,刚体,非易碎,E044,diet_coke_can,,2.0,,"f_min:ExpForce本物实测(2.0N,两指合力) | f_max:无实测"
刚体\E044\s13.png,刚体,刚体,非易碎,E044,diet_coke_can,,2.0,,"f_min:ExpForce本物实测(2.0N,两指合力) | f_max:无实测"
刚体\E044\s14.png,刚体,刚体,非易碎,E044,diet_coke_can,,2.0,,"f_min:ExpForce本物实测(2.0N,两指合力) | f_max:无实测"
刚体\E044\s2.png,刚体,刚体,非易碎,E044,diet_coke_can,,2.0,,"f_min:ExpForce本物实测(2.0N,两指合力) | f_max:无实测"
刚体\E044\s3.png,刚体,刚体,非易碎,E044,diet_coke_can,,2.0,,"f_min:ExpForce本物实测(2.0N,两指合力) | f_max:无实测"
刚体\E044\s4.png,刚体,刚体,非易碎,E044,diet_coke_can,,2.0,,"f_min:ExpForce本物实测(2.0N,两指合力) | f_max:无实测"
刚体\E044\s5.png,刚体,刚体,非易碎,E044,diet_coke_can,,2.0,,"f_min:ExpForce本物实测(2.0N,两指合力) | f_max:无实测"
刚体\E044\s6.png,刚体,刚体,非易碎,E044,diet_coke_can,,2.0,,"f_min:ExpForce本物实测(2.0N,两指合力) | f_max:无实测"
刚体\E044\s7.png,刚体,刚体,非易碎,E044,diet_coke_can,,2.0,,"f_min:ExpForce本物实测(2.0N,两指合力) | f_max:无实测"
刚体\E044\s8.png,刚体,刚体,非易碎,E044,diet_coke_can,,2.0,,"f_min:ExpForce本物实测(2.0N,两指合力) | f_max:无实测"
刚体\E044\s9.png,刚体,刚体,非易碎,E044,diet_coke_can,,2.0,,"f_min:ExpForce本物实测(2.0N,两指合力) | f_max:无实测"
刚体\E045\Pringles_can_side_orientation.png,刚体,刚体,非易碎,E045,pringles_can,,3.0,,"f_min:ExpForce本物实测(3.0N,两指合力) | f_max:无实测"
刚体\E046\Sweet_bean_paste_regular.png,刚体,刚体,非易碎,E046,sweet_bean_paste,,2.0,,"f_min:ExpForce本物实测(2.0N,两指合力) | f_max:无实测"
刚体\E047\Protein_shaker_bottle.png,刚体,刚体,非易碎,E047,protein_shaker_bottle,,2.0,,"f_min:ExpForce本物实测(2.0N,两指合力) | f_max:无实测"
刚体\E050\TV_remote_control.png,刚体,刚体,非易碎,E050,tv_remote_control,,1.0,,"f_min:ExpForce本物实测(1.0N,两指合力) | f_max:无实测"
刚体\E050\s1.png,刚体,刚体,非易碎,E050,tv_remote_control,,1.0,,"f_min:ExpForce本物实测(1.0N,两指合力) | f_max:无实测"
刚体\E050\s10.png,刚体,刚体,非易碎,E050,tv_remote_control,,1.0,,"f_min:ExpForce本物实测(1.0N,两指合力) | f_max:无实测"
刚体\E050\s11.png,刚体,刚体,非易碎,E050,tv_remote_control,,1.0,,"f_min:ExpForce本物实测(1.0N,两指合力) | f_max:无实测"
刚体\E050\s12.png,刚体,刚体,非易碎,E050,tv_remote_control,,1.0,,"f_min:ExpForce本物实测(1.0N,两指合力) | f_max:无实测"
刚体\E050\s13.png,刚体,刚体,非易碎,E050,tv_remote_control,,1.0,,"f_min:ExpForce本物实测(1.0N,两指合力) | f_max:无实测"
刚体\E050\s14.png,刚体,刚体,非易碎,E050,tv_remote_control,,1.0,,"f_min:ExpForce本物实测(1.0N,两指合力) | f_max:无实测"
刚体\E050\s2.png,刚体,刚体,非易碎,E050,tv_remote_control,,1.0,,"f_min:ExpForce本物实测(1.0N,两指合力) | f_max:无实测"
刚体\E050\s3.png,刚体,刚体,非易碎,E050,tv_remote_control,,1.0,,"f_min:ExpForce本物实测(1.0N,两指合力) | f_max:无实测"
刚体\E050\s4.png,刚体,刚体,非易碎,E050,tv_remote_control,,1.0,,"f_min:ExpForce本物实测(1.0N,两指合力) | f_max:无实测"
刚体\E050\s5.png,刚体,刚体,非易碎,E050,tv_remote_control,,1.0,,"f_min:ExpForce本物实测(1.0N,两指合力) | f_max:无实测"
刚体\E050\s6.png,刚体,刚体,非易碎,E050,tv_remote_control,,1.0,,"f_min:ExpForce本物实测(1.0N,两指合力) | f_max:无实测"
刚体\E050\s7.png,刚体,刚体,非易碎,E050,tv_remote_control,,1.0,,"f_min:ExpForce本物实测(1.0N,两指合力) | f_max:无实测"
刚体\E050\s8.png,刚体,刚体,非易碎,E050,tv_remote_control,,1.0,,"f_min:ExpForce本物实测(1.0N,两指合力) | f_max:无实测"
刚体\E050\s9.png,刚体,刚体,非易碎,E050,tv_remote_control,,1.0,,"f_min:ExpForce本物实测(1.0N,两指合力) | f_max:无实测"
刚体\E051\5V_power_adapter.png,刚体,刚体,非易碎,E051,5v_power_adapter,,1.0,,"f_min:ExpForce本物实测(1.0N,两指合力) | f_max:无实测"
刚体\E052\Magic_tape_roll.png,刚体,刚体,非易碎,E052,magic_tape_roll,,2.0,,"f_min:ExpForce本物实测(2.0N,两指合力) | f_max:无实测"
刚体\E052\s1.png,刚体,刚体,非易碎,E052,magic_tape_roll,,2.0,,"f_min:ExpForce本物实测(2.0N,两指合力) | f_max:无实测"
刚体\E052\s10.png,刚体,刚体,非易碎,E052,magic_tape_roll,,2.0,,"f_min:ExpForce本物实测(2.0N,两指合力) | f_max:无实测"
刚体\E052\s11.png,刚体,刚体,非易碎,E052,magic_tape_roll,,2.0,,"f_min:ExpForce本物实测(2.0N,两指合力) | f_max:无实测"
刚体\E052\s12.png,刚体,刚体,非易碎,E052,magic_tape_roll,,2.0,,"f_min:ExpForce本物实测(2.0N,两指合力) | f_max:无实测"
刚体\E052\s13.png,刚体,刚体,非易碎,E052,magic_tape_roll,,2.0,,"f_min:ExpForce本物实测(2.0N,两指合力) | f_max:无实测"
刚体\E052\s14.png,刚体,刚体,非易碎,E052,magic_tape_roll,,2.0,,"f_min:ExpForce本物实测(2.0N,两指合力) | f_max:无实测"
刚体\E052\s2.png,刚体,刚体,非易碎,E052,magic_tape_roll,,2.0,,"f_min:ExpForce本物实测(2.0N,两指合力) | f_max:无实测"
刚体\E052\s3.png,刚体,刚体,非易碎,E052,magic_tape_roll,,2.0,,"f_min:ExpForce本物实测(2.0N,两指合力) | f_max:无实测"
刚体\E052\s4.png,刚体,刚体,非易碎,E052,magic_tape_roll,,2.0,,"f_min:ExpForce本物实测(2.0N,两指合力) | f_max:无实测"
刚体\E052\s5.png,刚体,刚体,非易碎,E052,magic_tape_roll,,2.0,,"f_min:ExpForce本物实测(2.0N,两指合力) | f_max:无实测"
刚体\E052\s6.png,刚体,刚体,非易碎,E052,magic_tape_roll,,2.0,,"f_min:ExpForce本物实测(2.0N,两指合力) | f_max:无实测"
刚体\E052\s7.png,刚体,刚体,非易碎,E052,magic_tape_roll,,2.0,,"f_min:ExpForce本物实测(2.0N,两指合力) | f_max:无实测"
刚体\E052\s8.png,刚体,刚体,非易碎,E052,magic_tape_roll,,2.0,,"f_min:ExpForce本物实测(2.0N,两指合力) | f_max:无实测"
刚体\E052\s9.png,刚体,刚体,非易碎,E052,magic_tape_roll,,2.0,,"f_min:ExpForce本物实测(2.0N,两指合力) | f_max:无实测"
刚体\E053\Peeler.png,刚体,刚体,非易碎,E053,peeler,,5.0,,"f_min:ExpForce本物实测(5.0N,两指合力) | f_max:无实测"
刚体\E053\s1.png,刚体,刚体,非易碎,E053,peeler,,5.0,,"f_min:ExpForce本物实测(5.0N,两指合力) | f_max:无实测"
刚体\E053\s10.png,刚体,刚体,非易碎,E053,peeler,,5.0,,"f_min:ExpForce本物实测(5.0N,两指合力) | f_max:无实测"
刚体\E053\s11.png,刚体,刚体,非易碎,E053,peeler,,5.0,,"f_min:ExpForce本物实测(5.0N,两指合力) | f_max:无实测"
刚体\E053\s12.png,刚体,刚体,非易碎,E053,peeler,,5.0,,"f_min:ExpForce本物实测(5.0N,两指合力) | f_max:无实测"
刚体\E053\s13.png,刚体,刚体,非易碎,E053,peeler,,5.0,,"f_min:ExpForce本物实测(5.0N,两指合力) | f_max:无实测"
刚体\E053\s14.png,刚体,刚体,非易碎,E053,peeler,,5.0,,"f_min:ExpForce本物实测(5.0N,两指合力) | f_max:无实测"
刚体\E053\s2.png,刚体,刚体,非易碎,E053,peeler,,5.0,,"f_min:ExpForce本物实测(5.0N,两指合力) | f_max:无实测"
刚体\E053\s3.png,刚体,刚体,非易碎,E053,peeler,,5.0,,"f_min:ExpForce本物实测(5.0N,两指合力) | f_max:无实测"
刚体\E053\s4.png,刚体,刚体,非易碎,E053,peeler,,5.0,,"f_min:ExpForce本物实测(5.0N,两指合力) | f_max:无实测"
刚体\E053\s5.png,刚体,刚体,非易碎,E053,peeler,,5.0,,"f_min:ExpForce本物实测(5.0N,两指合力) | f_max:无实测"
刚体\E053\s6.png,刚体,刚体,非易碎,E053,peeler,,5.0,,"f_min:ExpForce本物实测(5.0N,两指合力) | f_max:无实测"
刚体\E053\s7.png,刚体,刚体,非易碎,E053,peeler,,5.0,,"f_min:ExpForce本物实测(5.0N,两指合力) | f_max:无实测"
刚体\E053\s8.png,刚体,刚体,非易碎,E053,peeler,,5.0,,"f_min:ExpForce本物实测(5.0N,两指合力) | f_max:无实测"
刚体\E053\s9.png,刚体,刚体,非易碎,E053,peeler,,5.0,,"f_min:ExpForce本物实测(5.0N,两指合力) | f_max:无实测"
刚体\E054\Skippy_creamy_peanut_butter.png,刚体,刚体,非易碎,E054,skippy_creamy_peanut_butter,,1.75,,"f_min:ExpForce本物实测(1.75N,两指合力) | f_max:无实测"
刚体\E055\Goodbye_Stress_gummies_42_count.png,刚体,刚体,非易碎,E055,goodbye_stress_gummies,,0.75,,"f_min:ExpForce本物实测(0.75N,两指合力) | f_max:无实测"
刚体\E057\Barbasol_shaving_cream_aloe.png,刚体,刚体,非易碎,E057,barbasol_shaving_cream,,1.0,,"f_min:ExpForce本物实测(1.0N,两指合力) | f_max:无实测"
刚体\E058\Sticky_lint_roller.png,刚体,刚体,非易碎,E058,sticky_lint_roller,,1.25,,"f_min:ExpForce本物实测(1.25N,两指合力) | f_max:无实测"
刚体\E058\s1.png,刚体,刚体,非易碎,E058,sticky_lint_roller,,1.25,,"f_min:ExpForce本物实测(1.25N,两指合力) | f_max:无实测"
刚体\E058\s10.png,刚体,刚体,非易碎,E058,sticky_lint_roller,,1.25,,"f_min:ExpForce本物实测(1.25N,两指合力) | f_max:无实测"
刚体\E058\s11.png,刚体,刚体,非易碎,E058,sticky_lint_roller,,1.25,,"f_min:ExpForce本物实测(1.25N,两指合力) | f_max:无实测"
刚体\E058\s12.png,刚体,刚体,非易碎,E058,sticky_lint_roller,,1.25,,"f_min:ExpForce本物实测(1.25N,两指合力) | f_max:无实测"
刚体\E058\s13.png,刚体,刚体,非易碎,E058,sticky_lint_roller,,1.25,,"f_min:ExpForce本物实测(1.25N,两指合力) | f_max:无实测"
刚体\E058\s14.png,刚体,刚体,非易碎,E058,sticky_lint_roller,,1.25,,"f_min:ExpForce本物实测(1.25N,两指合力) | f_max:无实测"
刚体\E058\s2.png,刚体,刚体,非易碎,E058,sticky_lint_roller,,1.25,,"f_min:ExpForce本物实测(1.25N,两指合力) | f_max:无实测"
刚体\E058\s3.png,刚体,刚体,非易碎,E058,sticky_lint_roller,,1.25,,"f_min:ExpForce本物实测(1.25N,两指合力) | f_max:无实测"
刚体\E058\s4.png,刚体,刚体,非易碎,E058,sticky_lint_roller,,1.25,,"f_min:ExpForce本物实测(1.25N,两指合力) | f_max:无实测"
刚体\E058\s5.png,刚体,刚体,非易碎,E058,sticky_lint_roller,,1.25,,"f_min:ExpForce本物实测(1.25N,两指合力) | f_max:无实测"
刚体\E058\s6.png,刚体,刚体,非易碎,E058,sticky_lint_roller,,1.25,,"f_min:ExpForce本物实测(1.25N,两指合力) | f_max:无实测"
刚体\E058\s7.png,刚体,刚体,非易碎,E058,sticky_lint_roller,,1.25,,"f_min:ExpForce本物实测(1.25N,两指合力) | f_max:无实测"
刚体\E058\s8.png,刚体,刚体,非易碎,E058,sticky_lint_roller,,1.25,,"f_min:ExpForce本物实测(1.25N,两指合力) | f_max:无实测"
刚体\E058\s9.png,刚体,刚体,非易碎,E058,sticky_lint_roller,,1.25,,"f_min:ExpForce本物实测(1.25N,两指合力) | f_max:无实测"
刚体\E059\Crest_3D_White_toothpaste_box.png,刚体,刚体,非易碎,E059,crest_3d_white_toothpaste,,2.0,,"f_min:ExpForce本物实测(2.0N,两指合力) | f_max:无实测"
刚体\E062\Olly_Sleep_Melatonin_Gummies.png,刚体,刚体,非易碎,E062,olly_sleep_melatonin_gummies,,3.0,,"f_min:ExpForce本物实测(3.0N,两指合力) | f_max:无实测"
刚体\E063\Gatsby_hair_wax.png,刚体,刚体,非易碎,E063,gatsby_hair_wax,,1.25,,"f_min:ExpForce本物实测(1.25N,两指合力) | f_max:无实测"
刚体\E089\Sunkist_Orange_soda_zero.png,刚体,刚体,非易碎,E089,sunkist_orange_soda,,2.0,,"f_min:ExpForce本物实测(2.0N,两指合力) | f_max:无实测"
刚体\E090\Muffin_mix_box.png,刚体,刚体,非易碎,E090,muffin_mix_box,,2.0,,"f_min:ExpForce本物实测(2.0N,两指合力) | f_max:无实测"
刚体\E090\s1.png,刚体,刚体,非易碎,E090,muffin_mix_box,,2.0,,"f_min:ExpForce本物实测(2.0N,两指合力) | f_max:无实测"
刚体\E090\s10.png,刚体,刚体,非易碎,E090,muffin_mix_box,,2.0,,"f_min:ExpForce本物实测(2.0N,两指合力) | f_max:无实测"
刚体\E090\s11.png,刚体,刚体,非易碎,E090,muffin_mix_box,,2.0,,"f_min:ExpForce本物实测(2.0N,两指合力) | f_max:无实测"
刚体\E090\s12.png,刚体,刚体,非易碎,E090,muffin_mix_box,,2.0,,"f_min:ExpForce本物实测(2.0N,两指合力) | f_max:无实测"
刚体\E090\s13.png,刚体,刚体,非易碎,E090,muffin_mix_box,,2.0,,"f_min:ExpForce本物实测(2.0N,两指合力) | f_max:无实测"
刚体\E090\s14.png,刚体,刚体,非易碎,E090,muffin_mix_box,,2.0,,"f_min:ExpForce本物实测(2.0N,两指合力) | f_max:无实测"
刚体\E090\s2.png,刚体,刚体,非易碎,E090,muffin_mix_box,,2.0,,"f_min:ExpForce本物实测(2.0N,两指合力) | f_max:无实测"
刚体\E090\s3.png,刚体,刚体,非易碎,E090,muffin_mix_box,,2.0,,"f_min:ExpForce本物实测(2.0N,两指合力) | f_max:无实测"
刚体\E090\s4.png,刚体,刚体,非易碎,E090,muffin_mix_box,,2.0,,"f_min:ExpForce本物实测(2.0N,两指合力) | f_max:无实测"
刚体\E090\s5.png,刚体,刚体,非易碎,E090,muffin_mix_box,,2.0,,"f_min:ExpForce本物实测(2.0N,两指合力) | f_max:无实测"
刚体\E090\s6.png,刚体,刚体,非易碎,E090,muffin_mix_box,,2.0,,"f_min:ExpForce本物实测(2.0N,两指合力) | f_max:无实测"
刚体\E090\s7.png,刚体,刚体,非易碎,E090,muffin_mix_box,,2.0,,"f_min:ExpForce本物实测(2.0N,两指合力) | f_max:无实测"
刚体\E090\s8.png,刚体,刚体,非易碎,E090,muffin_mix_box,,2.0,,"f_min:ExpForce本物实测(2.0N,两指合力) | f_max:无实测"
刚体\E090\s9.png,刚体,刚体,非易碎,E090,muffin_mix_box,,2.0,,"f_min:ExpForce本物实测(2.0N,两指合力) | f_max:无实测"
刚体\E091\Cheez-It_crackers_box.png,刚体,刚体,非易碎,E091,cheezit_crackers_box,,2.0,,"f_min:ExpForce本物实测(2.0N,两指合力) | f_max:无实测"
刚体\E091\s1.png,刚体,刚体,非易碎,E091,cheezit_crackers_box,,2.0,,"f_min:ExpForce本物实测(2.0N,两指合力) | f_max:无实测"
刚体\E091\s10.png,刚体,刚体,非易碎,E091,cheezit_crackers_box,,2.0,,"f_min:ExpForce本物实测(2.0N,两指合力) | f_max:无实测"
刚体\E091\s11.png,刚体,刚体,非易碎,E091,cheezit_crackers_box,,2.0,,"f_min:ExpForce本物实测(2.0N,两指合力) | f_max:无实测"
刚体\E091\s12.png,刚体,刚体,非易碎,E091,cheezit_crackers_box,,2.0,,"f_min:ExpForce本物实测(2.0N,两指合力) | f_max:无实测"
刚体\E091\s13.png,刚体,刚体,非易碎,E091,cheezit_crackers_box,,2.0,,"f_min:ExpForce本物实测(2.0N,两指合力) | f_max:无实测"
刚体\E091\s14.png,刚体,刚体,非易碎,E091,cheezit_crackers_box,,2.0,,"f_min:ExpForce本物实测(2.0N,两指合力) | f_max:无实测"
刚体\E091\s2.png,刚体,刚体,非易碎,E091,cheezit_crackers_box,,2.0,,"f_min:ExpForce本物实测(2.0N,两指合力) | f_max:无实测"
刚体\E091\s3.png,刚体,刚体,非易碎,E091,cheezit_crackers_box,,2.0,,"f_min:ExpForce本物实测(2.0N,两指合力) | f_max:无实测"
刚体\E091\s4.png,刚体,刚体,非易碎,E091,cheezit_crackers_box,,2.0,,"f_min:ExpForce本物实测(2.0N,两指合力) | f_max:无实测"
刚体\E091\s5.png,刚体,刚体,非易碎,E091,cheezit_crackers_box,,2.0,,"f_min:ExpForce本物实测(2.0N,两指合力) | f_max:无实测"
刚体\E091\s6.png,刚体,刚体,非易碎,E091,cheezit_crackers_box,,2.0,,"f_min:ExpForce本物实测(2.0N,两指合力) | f_max:无实测"
刚体\E091\s7.png,刚体,刚体,非易碎,E091,cheezit_crackers_box,,2.0,,"f_min:ExpForce本物实测(2.0N,两指合力) | f_max:无实测"
刚体\E091\s8.png,刚体,刚体,非易碎,E091,cheezit_crackers_box,,2.0,,"f_min:ExpForce本物实测(2.0N,两指合力) | f_max:无实测"
刚体\E091\s9.png,刚体,刚体,非易碎,E091,cheezit_crackers_box,,2.0,,"f_min:ExpForce本物实测(2.0N,两指合力) | f_max:无实测"
刚体\E092\CeraVe_Moisturizing_Lotion.png,刚体,刚体,非易碎,E092,cerave_moisturizing_lotion,,2.25,,"f_min:ExpForce本物实测(2.25N,两指合力) | f_max:无实测"
刚体\E093\Yellow_mustard_bottle.png,刚体,刚体,非易碎,E093,yellow_mustard_bottle,,3.25,,"f_min:ExpForce本物实测(3.25N,两指合力) | f_max:无实测"
刚体\E093\s1.png,刚体,刚体,非易碎,E093,yellow_mustard_bottle,,3.25,,"f_min:ExpForce本物实测(3.25N,两指合力) | f_max:无实测"
刚体\E093\s10.png,刚体,刚体,非易碎,E093,yellow_mustard_bottle,,3.25,,"f_min:ExpForce本物实测(3.25N,两指合力) | f_max:无实测"
刚体\E093\s11.png,刚体,刚体,非易碎,E093,yellow_mustard_bottle,,3.25,,"f_min:ExpForce本物实测(3.25N,两指合力) | f_max:无实测"
刚体\E093\s12.png,刚体,刚体,非易碎,E093,yellow_mustard_bottle,,3.25,,"f_min:ExpForce本物实测(3.25N,两指合力) | f_max:无实测"
刚体\E093\s13.png,刚体,刚体,非易碎,E093,yellow_mustard_bottle,,3.25,,"f_min:ExpForce本物实测(3.25N,两指合力) | f_max:无实测"
刚体\E093\s14.png,刚体,刚体,非易碎,E093,yellow_mustard_bottle,,3.25,,"f_min:ExpForce本物实测(3.25N,两指合力) | f_max:无实测"
刚体\E093\s15.png,刚体,刚体,非易碎,E093,yellow_mustard_bottle,,3.25,,"f_min:ExpForce本物实测(3.25N,两指合力) | f_max:无实测"
刚体\E093\s16.png,刚体,刚体,非易碎,E093,yellow_mustard_bottle,,3.25,,"f_min:ExpForce本物实测(3.25N,两指合力) | f_max:无实测"
刚体\E093\s2.png,刚体,刚体,非易碎,E093,yellow_mustard_bottle,,3.25,,"f_min:ExpForce本物实测(3.25N,两指合力) | f_max:无实测"
刚体\E093\s3.png,刚体,刚体,非易碎,E093,yellow_mustard_bottle,,3.25,,"f_min:ExpForce本物实测(3.25N,两指合力) | f_max:无实测"
刚体\E093\s4.png,刚体,刚体,非易碎,E093,yellow_mustard_bottle,,3.25,,"f_min:ExpForce本物实测(3.25N,两指合力) | f_max:无实测"
刚体\E093\s5.png,刚体,刚体,非易碎,E093,yellow_mustard_bottle,,3.25,,"f_min:ExpForce本物实测(3.25N,两指合力) | f_max:无实测"
刚体\E093\s8.png,刚体,刚体,非易碎,E093,yellow_mustard_bottle,,3.25,,"f_min:ExpForce本物实测(3.25N,两指合力) | f_max:无实测"
刚体\E093\s9.png,刚体,刚体,非易碎,E093,yellow_mustard_bottle,,3.25,,"f_min:ExpForce本物实测(3.25N,两指合力) | f_max:无实测"
刚体\E094\H-E-B_Pink_Salt_refill.png,刚体,刚体,非易碎,E094,heb_pink_salt_refill,,2.5,,"f_min:ExpForce本物实测(2.5N,两指合力) | f_max:无实测"
刚体\E095\Tomato_soup_can.png,刚体,刚体,非易碎,E095,tomato_soup_can,,2.5,,"f_min:ExpForce本物实测(2.5N,两指合力) | f_max:无实测"
刚体\E095\s1.png,刚体,刚体,非易碎,E095,tomato_soup_can,,2.5,,"f_min:ExpForce本物实测(2.5N,两指合力) | f_max:无实测"
刚体\E095\s10.png,刚体,刚体,非易碎,E095,tomato_soup_can,,2.5,,"f_min:ExpForce本物实测(2.5N,两指合力) | f_max:无实测"
刚体\E095\s11.png,刚体,刚体,非易碎,E095,tomato_soup_can,,2.5,,"f_min:ExpForce本物实测(2.5N,两指合力) | f_max:无实测"
刚体\E095\s12.png,刚体,刚体,非易碎,E095,tomato_soup_can,,2.5,,"f_min:ExpForce本物实测(2.5N,两指合力) | f_max:无实测"
刚体\E095\s13.png,刚体,刚体,非易碎,E095,tomato_soup_can,,2.5,,"f_min:ExpForce本物实测(2.5N,两指合力) | f_max:无实测"
刚体\E095\s14.png,刚体,刚体,非易碎,E095,tomato_soup_can,,2.5,,"f_min:ExpForce本物实测(2.5N,两指合力) | f_max:无实测"
刚体\E095\s2.png,刚体,刚体,非易碎,E095,tomato_soup_can,,2.5,,"f_min:ExpForce本物实测(2.5N,两指合力) | f_max:无实测"
刚体\E095\s3.png,刚体,刚体,非易碎,E095,tomato_soup_can,,2.5,,"f_min:ExpForce本物实测(2.5N,两指合力) | f_max:无实测"
刚体\E095\s4.png,刚体,刚体,非易碎,E095,tomato_soup_can,,2.5,,"f_min:ExpForce本物实测(2.5N,两指合力) | f_max:无实测"
刚体\E095\s5.png,刚体,刚体,非易碎,E095,tomato_soup_can,,2.5,,"f_min:ExpForce本物实测(2.5N,两指合力) | f_max:无实测"
刚体\E095\s6.png,刚体,刚体,非易碎,E095,tomato_soup_can,,2.5,,"f_min:ExpForce本物实测(2.5N,两指合力) | f_max:无实测"
刚体\E095\s7.png,刚体,刚体,非易碎,E095,tomato_soup_can,,2.5,,"f_min:ExpForce本物实测(2.5N,两指合力) | f_max:无实测"
刚体\E095\s8.png,刚体,刚体,非易碎,E095,tomato_soup_can,,2.5,,"f_min:ExpForce本物实测(2.5N,两指合力) | f_max:无实测"
刚体\E095\s9.png,刚体,刚体,非易碎,E095,tomato_soup_can,,2.5,,"f_min:ExpForce本物实测(2.5N,两指合力) | f_max:无实测"
刚体\E096\H-E-B_Vitamins_Melatonin_5_mg_Gummies_-_Strawberry.png,刚体,刚体,非易碎,E096,heb_vitamins_melatonin_5_mg_gummies_strawberry,,1.5,,"f_min:ExpForce本物实测(1.5N,两指合力) | f_max:无实测"
刚体\E097\Nutella_jar.png,刚体,刚体,非易碎,E097,nutella_jar,,2.0,,"f_min:ExpForce本物实测(2.0N,两指合力) | f_max:无实测"
刚体\E097\s1.png,刚体,刚体,非易碎,E097,nutella_jar,,2.0,,"f_min:ExpForce本物实测(2.0N,两指合力) | f_max:无实测"
刚体\E097\s10.png,刚体,刚体,非易碎,E097,nutella_jar,,2.0,,"f_min:ExpForce本物实测(2.0N,两指合力) | f_max:无实测"
刚体\E097\s11.png,刚体,刚体,非易碎,E097,nutella_jar,,2.0,,"f_min:ExpForce本物实测(2.0N,两指合力) | f_max:无实测"
刚体\E097\s12.png,刚体,刚体,非易碎,E097,nutella_jar,,2.0,,"f_min:ExpForce本物实测(2.0N,两指合力) | f_max:无实测"
刚体\E097\s13.png,刚体,刚体,非易碎,E097,nutella_jar,,2.0,,"f_min:ExpForce本物实测(2.0N,两指合力) | f_max:无实测"
刚体\E097\s14.png,刚体,刚体,非易碎,E097,nutella_jar,,2.0,,"f_min:ExpForce本物实测(2.0N,两指合力) | f_max:无实测"
刚体\E097\s2.png,刚体,刚体,非易碎,E097,nutella_jar,,2.0,,"f_min:ExpForce本物实测(2.0N,两指合力) | f_max:无实测"
刚体\E097\s3.png,刚体,刚体,非易碎,E097,nutella_jar,,2.0,,"f_min:ExpForce本物实测(2.0N,两指合力) | f_max:无实测"
刚体\E097\s4.png,刚体,刚体,非易碎,E097,nutella_jar,,2.0,,"f_min:ExpForce本物实测(2.0N,两指合力) | f_max:无实测"
刚体\E097\s5.png,刚体,刚体,非易碎,E097,nutella_jar,,2.0,,"f_min:ExpForce本物实测(2.0N,两指合力) | f_max:无实测"
刚体\E097\s6.png,刚体,刚体,非易碎,E097,nutella_jar,,2.0,,"f_min:ExpForce本物实测(2.0N,两指合力) | f_max:无实测"
刚体\E097\s7.png,刚体,刚体,非易碎,E097,nutella_jar,,2.0,,"f_min:ExpForce本物实测(2.0N,两指合力) | f_max:无实测"
刚体\E097\s8.png,刚体,刚体,非易碎,E097,nutella_jar,,2.0,,"f_min:ExpForce本物实测(2.0N,两指合力) | f_max:无实测"
刚体\E097\s9.png,刚体,刚体,非易碎,E097,nutella_jar,,2.0,,"f_min:ExpForce本物实测(2.0N,两指合力) | f_max:无实测"
刚体\E098\Morton_salt_container.png,刚体,刚体,非易碎,E098,morton_salt_container,,4.5,,"f_min:ExpForce本物实测(4.5N,两指合力) | f_max:无实测"
刚体\E098\s1.png,刚体,刚体,非易碎,E098,morton_salt_container,,4.5,,"f_min:ExpForce本物实测(4.5N,两指合力) | f_max:无实测"
刚体\E098\s10.png,刚体,刚体,非易碎,E098,morton_salt_container,,4.5,,"f_min:ExpForce本物实测(4.5N,两指合力) | f_max:无实测"
刚体\E098\s11.png,刚体,刚体,非易碎,E098,morton_salt_container,,4.5,,"f_min:ExpForce本物实测(4.5N,两指合力) | f_max:无实测"
刚体\E098\s12.png,刚体,刚体,非易碎,E098,morton_salt_container,,4.5,,"f_min:ExpForce本物实测(4.5N,两指合力) | f_max:无实测"
刚体\E098\s13.png,刚体,刚体,非易碎,E098,morton_salt_container,,4.5,,"f_min:ExpForce本物实测(4.5N,两指合力) | f_max:无实测"
刚体\E098\s14.png,刚体,刚体,非易碎,E098,morton_salt_container,,4.5,,"f_min:ExpForce本物实测(4.5N,两指合力) | f_max:无实测"
刚体\E098\s2.png,刚体,刚体,非易碎,E098,morton_salt_container,,4.5,,"f_min:ExpForce本物实测(4.5N,两指合力) | f_max:无实测"
刚体\E098\s3.png,刚体,刚体,非易碎,E098,morton_salt_container,,4.5,,"f_min:ExpForce本物实测(4.5N,两指合力) | f_max:无实测"
刚体\E098\s4.png,刚体,刚体,非易碎,E098,morton_salt_container,,4.5,,"f_min:ExpForce本物实测(4.5N,两指合力) | f_max:无实测"
刚体\E098\s5.png,刚体,刚体,非易碎,E098,morton_salt_container,,4.5,,"f_min:ExpForce本物实测(4.5N,两指合力) | f_max:无实测"
刚体\E098\s6.png,刚体,刚体,非易碎,E098,morton_salt_container,,4.5,,"f_min:ExpForce本物实测(4.5N,两指合力) | f_max:无实测"
刚体\E098\s7.png,刚体,刚体,非易碎,E098,morton_salt_container,,4.5,,"f_min:ExpForce本物实测(4.5N,两指合力) | f_max:无实测"
刚体\E098\s8.png,刚体,刚体,非易碎,E098,morton_salt_container,,4.5,,"f_min:ExpForce本物实测(4.5N,两指合力) | f_max:无实测"
刚体\E098\s9.png,刚体,刚体,非易碎,E098,morton_salt_container,,4.5,,"f_min:ExpForce本物实测(4.5N,两指合力) | f_max:无实测"
刚体\E099\Monster_Energy_drink.png,刚体,刚体,非易碎,E099,monster_energy_drink,,2.0,,"f_min:ExpForce本物实测(2.0N,两指合力) | f_max:无实测"
刚体\E100\StarKist_tuna_can.png,刚体,刚体,非易碎,E100,starkist_tuna_can,,1.5,,"f_min:ExpForce本物实测(1.5N,两指合力) | f_max:无实测"
刚体\E100\s1.png,刚体,刚体,非易碎,E100,starkist_tuna_can,,1.5,,"f_min:ExpForce本物实测(1.5N,两指合力) | f_max:无实测"
刚体\E100\s10.png,刚体,刚体,非易碎,E100,starkist_tuna_can,,1.5,,"f_min:ExpForce本物实测(1.5N,两指合力) | f_max:无实测"
刚体\E100\s11.png,刚体,刚体,非易碎,E100,starkist_tuna_can,,1.5,,"f_min:ExpForce本物实测(1.5N,两指合力) | f_max:无实测"
刚体\E100\s12.png,刚体,刚体,非易碎,E100,starkist_tuna_can,,1.5,,"f_min:ExpForce本物实测(1.5N,两指合力) | f_max:无实测"
刚体\E100\s13.png,刚体,刚体,非易碎,E100,starkist_tuna_can,,1.5,,"f_min:ExpForce本物实测(1.5N,两指合力) | f_max:无实测"
刚体\E100\s14.png,刚体,刚体,非易碎,E100,starkist_tuna_can,,1.5,,"f_min:ExpForce本物实测(1.5N,两指合力) | f_max:无实测"
刚体\E100\s2.png,刚体,刚体,非易碎,E100,starkist_tuna_can,,1.5,,"f_min:ExpForce本物实测(1.5N,两指合力) | f_max:无实测"
刚体\E100\s3.png,刚体,刚体,非易碎,E100,starkist_tuna_can,,1.5,,"f_min:ExpForce本物实测(1.5N,两指合力) | f_max:无实测"
刚体\E100\s4.png,刚体,刚体,非易碎,E100,starkist_tuna_can,,1.5,,"f_min:ExpForce本物实测(1.5N,两指合力) | f_max:无实测"
刚体\E100\s5.png,刚体,刚体,非易碎,E100,starkist_tuna_can,,1.5,,"f_min:ExpForce本物实测(1.5N,两指合力) | f_max:无实测"
刚体\E100\s6.png,刚体,刚体,非易碎,E100,starkist_tuna_can,,1.5,,"f_min:ExpForce本物实测(1.5N,两指合力) | f_max:无实测"
刚体\E100\s7.png,刚体,刚体,非易碎,E100,starkist_tuna_can,,1.5,,"f_min:ExpForce本物实测(1.5N,两指合力) | f_max:无实测"
刚体\E100\s8.png,刚体,刚体,非易碎,E100,starkist_tuna_can,,1.5,,"f_min:ExpForce本物实测(1.5N,两指合力) | f_max:无实测"
刚体\E100\s9.png,刚体,刚体,非易碎,E100,starkist_tuna_can,,1.5,,"f_min:ExpForce本物实测(1.5N,两指合力) | f_max:无实测"
刚体\E101\Duct_tape_roll.png,刚体,刚体,非易碎,E101,duct_tape_roll,,1.0,,"f_min:ExpForce本物实测(1.0N,两指合力) | f_max:无实测"
刚体\E101\s1.png,刚体,刚体,非易碎,E101,duct_tape_roll,,1.0,,"f_min:ExpForce本物实测(1.0N,两指合力) | f_max:无实测"
刚体\E101\s10.png,刚体,刚体,非易碎,E101,duct_tape_roll,,1.0,,"f_min:ExpForce本物实测(1.0N,两指合力) | f_max:无实测"
刚体\E101\s11.png,刚体,刚体,非易碎,E101,duct_tape_roll,,1.0,,"f_min:ExpForce本物实测(1.0N,两指合力) | f_max:无实测"
刚体\E101\s12.png,刚体,刚体,非易碎,E101,duct_tape_roll,,1.0,,"f_min:ExpForce本物实测(1.0N,两指合力) | f_max:无实测"
刚体\E101\s13.png,刚体,刚体,非易碎,E101,duct_tape_roll,,1.0,,"f_min:ExpForce本物实测(1.0N,两指合力) | f_max:无实测"
刚体\E101\s14.png,刚体,刚体,非易碎,E101,duct_tape_roll,,1.0,,"f_min:ExpForce本物实测(1.0N,两指合力) | f_max:无实测"
刚体\E101\s15.png,刚体,刚体,非易碎,E101,duct_tape_roll,,1.0,,"f_min:ExpForce本物实测(1.0N,两指合力) | f_max:无实测"
刚体\E101\s2.png,刚体,刚体,非易碎,E101,duct_tape_roll,,1.0,,"f_min:ExpForce本物实测(1.0N,两指合力) | f_max:无实测"
刚体\E101\s3.png,刚体,刚体,非易碎,E101,duct_tape_roll,,1.0,,"f_min:ExpForce本物实测(1.0N,两指合力) | f_max:无实测"
刚体\E101\s4.png,刚体,刚体,非易碎,E101,duct_tape_roll,,1.0,,"f_min:ExpForce本物实测(1.0N,两指合力) | f_max:无实测"
刚体\E101\s5.png,刚体,刚体,非易碎,E101,duct_tape_roll,,1.0,,"f_min:ExpForce本物实测(1.0N,两指合力) | f_max:无实测"
刚体\E101\s7.png,刚体,刚体,非易碎,E101,duct_tape_roll,,1.0,,"f_min:ExpForce本物实测(1.0N,两指合力) | f_max:无实测"
刚体\E101\s8.png,刚体,刚体,非易碎,E101,duct_tape_roll,,1.0,,"f_min:ExpForce本物实测(1.0N,两指合力) | f_max:无实测"
刚体\E101\s9.png,刚体,刚体,非易碎,E101,duct_tape_roll,,1.0,,"f_min:ExpForce本物实测(1.0N,两指合力) | f_max:无实测"
刚体\E104\OxiClean_container_12_oz.png,刚体,刚体,非易碎,E104,oxiclean_container,,3.0,,"f_min:ExpForce本物实测(3.0N,两指合力) | f_max:无实测"
刚体\E105\Clorox_toilet_bleach_cleaner_bottle.png,刚体,刚体,非易碎,E105,clorox_toilet_bleach_cleaner_bottle,,3.25,,"f_min:ExpForce本物实测(3.25N,两指合力) | f_max:无实测"
刚体\E106\OxiClean_stain_remover_21.5_oz.png,刚体,刚体,非易碎,E106,oxiclean_stain_remover,,5.0,,"f_min:ExpForce本物实测(5.0N,两指合力) | f_max:无实测"
刚体\E107\Head_and_Shoulders_shampoo_bottle.png,刚体,刚体,非易碎,E107,head_shoulders_shampoo_bottle,,2.0,,"f_min:ExpForce本物实测(2.0N,两指合力) | f_max:无实测"
刚体\E107\s1.png,刚体,刚体,非易碎,E107,head_shoulders_shampoo_bottle,,2.0,,"f_min:ExpForce本物实测(2.0N,两指合力) | f_max:无实测"
刚体\E107\s10.png,刚体,刚体,非易碎,E107,head_shoulders_shampoo_bottle,,2.0,,"f_min:ExpForce本物实测(2.0N,两指合力) | f_max:无实测"
刚体\E107\s11.png,刚体,刚体,非易碎,E107,head_shoulders_shampoo_bottle,,2.0,,"f_min:ExpForce本物实测(2.0N,两指合力) | f_max:无实测"
刚体\E107\s12.png,刚体,刚体,非易碎,E107,head_shoulders_shampoo_bottle,,2.0,,"f_min:ExpForce本物实测(2.0N,两指合力) | f_max:无实测"
刚体\E107\s13.png,刚体,刚体,非易碎,E107,head_shoulders_shampoo_bottle,,2.0,,"f_min:ExpForce本物实测(2.0N,两指合力) | f_max:无实测"
刚体\E107\s14.png,刚体,刚体,非易碎,E107,head_shoulders_shampoo_bottle,,2.0,,"f_min:ExpForce本物实测(2.0N,两指合力) | f_max:无实测"
刚体\E107\s15.png,刚体,刚体,非易碎,E107,head_shoulders_shampoo_bottle,,2.0,,"f_min:ExpForce本物实测(2.0N,两指合力) | f_max:无实测"
刚体\E107\s16.png,刚体,刚体,非易碎,E107,head_shoulders_shampoo_bottle,,2.0,,"f_min:ExpForce本物实测(2.0N,两指合力) | f_max:无实测"
刚体\E107\s2.png,刚体,刚体,非易碎,E107,head_shoulders_shampoo_bottle,,2.0,,"f_min:ExpForce本物实测(2.0N,两指合力) | f_max:无实测"
刚体\E107\s3.png,刚体,刚体,非易碎,E107,head_shoulders_shampoo_bottle,,2.0,,"f_min:ExpForce本物实测(2.0N,两指合力) | f_max:无实测"
刚体\E107\s5.png,刚体,刚体,非易碎,E107,head_shoulders_shampoo_bottle,,2.0,,"f_min:ExpForce本物实测(2.0N,两指合力) | f_max:无实测"
刚体\E107\s7.png,刚体,刚体,非易碎,E107,head_shoulders_shampoo_bottle,,2.0,,"f_min:ExpForce本物实测(2.0N,两指合力) | f_max:无实测"
刚体\E107\s8.png,刚体,刚体,非易碎,E107,head_shoulders_shampoo_bottle,,2.0,,"f_min:ExpForce本物实测(2.0N,两指合力) | f_max:无实测"
刚体\E107\s9.png,刚体,刚体,非易碎,E107,head_shoulders_shampoo_bottle,,2.0,,"f_min:ExpForce本物实测(2.0N,两指合力) | f_max:无实测"
刚体\E109\Small_bean_paste_tub.png,刚体,刚体,非易碎,E109,small_bean_paste_tub,,2.0,,"f_min:ExpForce本物实测(2.0N,两指合力) | f_max:无实测"
刚体\E110\Pocky_snack_box_Short-edge_orientation.png,刚体,刚体,非易碎,E110,brittle_snack,,1.0,,"f_min:ExpForce本物实测(1.0N,两指合力) | f_max:无实测"
刚体\E110\s1.png,刚体,刚体,非易碎,E110,brittle_snack,,1.0,,"f_min:ExpForce本物实测(1.0N,两指合力) | f_max:无实测"
刚体\E110\s10.png,刚体,刚体,非易碎,E110,brittle_snack,,1.0,,"f_min:ExpForce本物实测(1.0N,两指合力) | f_max:无实测"
刚体\E110\s11.png,刚体,刚体,非易碎,E110,brittle_snack,,1.0,,"f_min:ExpForce本物实测(1.0N,两指合力) | f_max:无实测"
刚体\E110\s12.png,刚体,刚体,非易碎,E110,brittle_snack,,1.0,,"f_min:ExpForce本物实测(1.0N,两指合力) | f_max:无实测"
刚体\E110\s13.png,刚体,刚体,非易碎,E110,brittle_snack,,1.0,,"f_min:ExpForce本物实测(1.0N,两指合力) | f_max:无实测"
刚体\E110\s14.png,刚体,刚体,非易碎,E110,brittle_snack,,1.0,,"f_min:ExpForce本物实测(1.0N,两指合力) | f_max:无实测"
刚体\E110\s2.png,刚体,刚体,非易碎,E110,brittle_snack,,1.0,,"f_min:ExpForce本物实测(1.0N,两指合力) | f_max:无实测"
刚体\E110\s3.png,刚体,刚体,非易碎,E110,brittle_snack,,1.0,,"f_min:ExpForce本物实测(1.0N,两指合力) | f_max:无实测"
刚体\E110\s4.png,刚体,刚体,非易碎,E110,brittle_snack,,1.0,,"f_min:ExpForce本物实测(1.0N,两指合力) | f_max:无实测"
刚体\E110\s5.png,刚体,刚体,非易碎,E110,brittle_snack,,1.0,,"f_min:ExpForce本物实测(1.0N,两指合力) | f_max:无实测"
刚体\E110\s6.png,刚体,刚体,非易碎,E110,brittle_snack,,1.0,,"f_min:ExpForce本物实测(1.0N,两指合力) | f_max:无实测"
刚体\E110\s7.png,刚体,刚体,非易碎,E110,brittle_snack,,1.0,,"f_min:ExpForce本物实测(1.0N,两指合力) | f_max:无实测"
刚体\E110\s8.png,刚体,刚体,非易碎,E110,brittle_snack,,1.0,,"f_min:ExpForce本物实测(1.0N,两指合力) | f_max:无实测"
刚体\E110\s9.png,刚体,刚体,非易碎,E110,brittle_snack,,1.0,,"f_min:ExpForce本物实测(1.0N,两指合力) | f_max:无实测"
刚体\E111\Granulated_sugar_32_oz.png,刚体,刚体,非易碎,E111,granulated_sugar,,3.5,,"f_min:ExpForce本物实测(3.5N,两指合力) | f_max:无实测"
刚体\E111\s1.png,刚体,刚体,非易碎,E111,granulated_sugar,,3.5,,"f_min:ExpForce本物实测(3.5N,两指合力) | f_max:无实测"
刚体\E111\s10.png,刚体,刚体,非易碎,E111,granulated_sugar,,3.5,,"f_min:ExpForce本物实测(3.5N,两指合力) | f_max:无实测"
刚体\E111\s11.png,刚体,刚体,非易碎,E111,granulated_sugar,,3.5,,"f_min:ExpForce本物实测(3.5N,两指合力) | f_max:无实测"
刚体\E111\s12.png,刚体,刚体,非易碎,E111,granulated_sugar,,3.5,,"f_min:ExpForce本物实测(3.5N,两指合力) | f_max:无实测"
刚体\E111\s13.png,刚体,刚体,非易碎,E111,granulated_sugar,,3.5,,"f_min:ExpForce本物实测(3.5N,两指合力) | f_max:无实测"
刚体\E111\s14.png,刚体,刚体,非易碎,E111,granulated_sugar,,3.5,,"f_min:ExpForce本物实测(3.5N,两指合力) | f_max:无实测"
刚体\E111\s2.png,刚体,刚体,非易碎,E111,granulated_sugar,,3.5,,"f_min:ExpForce本物实测(3.5N,两指合力) | f_max:无实测"
刚体\E111\s3.png,刚体,刚体,非易碎,E111,granulated_sugar,,3.5,,"f_min:ExpForce本物实测(3.5N,两指合力) | f_max:无实测"
刚体\E111\s4.png,刚体,刚体,非易碎,E111,granulated_sugar,,3.5,,"f_min:ExpForce本物实测(3.5N,两指合力) | f_max:无实测"
刚体\E111\s5.png,刚体,刚体,非易碎,E111,granulated_sugar,,3.5,,"f_min:ExpForce本物实测(3.5N,两指合力) | f_max:无实测"
刚体\E111\s6.png,刚体,刚体,非易碎,E111,granulated_sugar,,3.5,,"f_min:ExpForce本物实测(3.5N,两指合力) | f_max:无实测"
刚体\E111\s7.png,刚体,刚体,非易碎,E111,granulated_sugar,,3.5,,"f_min:ExpForce本物实测(3.5N,两指合力) | f_max:无实测"
刚体\E111\s8.png,刚体,刚体,非易碎,E111,granulated_sugar,,3.5,,"f_min:ExpForce本物实测(3.5N,两指合力) | f_max:无实测"
刚体\E111\s9.png,刚体,刚体,非易碎,E111,granulated_sugar,,3.5,,"f_min:ExpForce本物实测(3.5N,两指合力) | f_max:无实测"
刚体\E112\Little_Debbie_Swiss_Rolls_box.png,刚体,刚体,非易碎,E112,little_debbie_swiss_rolls_box,,2.0,,"f_min:ExpForce本物实测(2.0N,两指合力) | f_max:无实测"
刚体\E112\s1.png,刚体,刚体,非易碎,E112,little_debbie_swiss_rolls_box,,2.0,,"f_min:ExpForce本物实测(2.0N,两指合力) | f_max:无实测"
刚体\E112\s10.png,刚体,刚体,非易碎,E112,little_debbie_swiss_rolls_box,,2.0,,"f_min:ExpForce本物实测(2.0N,两指合力) | f_max:无实测"
刚体\E112\s11.png,刚体,刚体,非易碎,E112,little_debbie_swiss_rolls_box,,2.0,,"f_min:ExpForce本物实测(2.0N,两指合力) | f_max:无实测"
刚体\E112\s12.png,刚体,刚体,非易碎,E112,little_debbie_swiss_rolls_box,,2.0,,"f_min:ExpForce本物实测(2.0N,两指合力) | f_max:无实测"
刚体\E112\s13.png,刚体,刚体,非易碎,E112,little_debbie_swiss_rolls_box,,2.0,,"f_min:ExpForce本物实测(2.0N,两指合力) | f_max:无实测"
刚体\E112\s14.png,刚体,刚体,非易碎,E112,little_debbie_swiss_rolls_box,,2.0,,"f_min:ExpForce本物实测(2.0N,两指合力) | f_max:无实测"
刚体\E112\s2.png,刚体,刚体,非易碎,E112,little_debbie_swiss_rolls_box,,2.0,,"f_min:ExpForce本物实测(2.0N,两指合力) | f_max:无实测"
刚体\E112\s3.png,刚体,刚体,非易碎,E112,little_debbie_swiss_rolls_box,,2.0,,"f_min:ExpForce本物实测(2.0N,两指合力) | f_max:无实测"
刚体\E112\s4.png,刚体,刚体,非易碎,E112,little_debbie_swiss_rolls_box,,2.0,,"f_min:ExpForce本物实测(2.0N,两指合力) | f_max:无实测"
刚体\E112\s5.png,刚体,刚体,非易碎,E112,little_debbie_swiss_rolls_box,,2.0,,"f_min:ExpForce本物实测(2.0N,两指合力) | f_max:无实测"
刚体\E112\s6.png,刚体,刚体,非易碎,E112,little_debbie_swiss_rolls_box,,2.0,,"f_min:ExpForce本物实测(2.0N,两指合力) | f_max:无实测"
刚体\E112\s7.png,刚体,刚体,非易碎,E112,little_debbie_swiss_rolls_box,,2.0,,"f_min:ExpForce本物实测(2.0N,两指合力) | f_max:无实测"
刚体\E112\s8.png,刚体,刚体,非易碎,E112,little_debbie_swiss_rolls_box,,2.0,,"f_min:ExpForce本物实测(2.0N,两指合力) | f_max:无实测"
刚体\E112\s9.png,刚体,刚体,非易碎,E112,little_debbie_swiss_rolls_box,,2.0,,"f_min:ExpForce本物实测(2.0N,两指合力) | f_max:无实测"
刚体\E113\Toothpaste_box.png,刚体,刚体,非易碎,E113,toothpaste_box,,1.5,,"f_min:ExpForce本物实测(1.5N,两指合力) | f_max:无实测"
刚体\E113\s1.png,刚体,刚体,非易碎,E113,toothpaste_box,,1.5,,"f_min:ExpForce本物实测(1.5N,两指合力) | f_max:无实测"
刚体\E113\s10.png,刚体,刚体,非易碎,E113,toothpaste_box,,1.5,,"f_min:ExpForce本物实测(1.5N,两指合力) | f_max:无实测"
刚体\E113\s11.png,刚体,刚体,非易碎,E113,toothpaste_box,,1.5,,"f_min:ExpForce本物实测(1.5N,两指合力) | f_max:无实测"
刚体\E113\s12.png,刚体,刚体,非易碎,E113,toothpaste_box,,1.5,,"f_min:ExpForce本物实测(1.5N,两指合力) | f_max:无实测"
刚体\E113\s13.png,刚体,刚体,非易碎,E113,toothpaste_box,,1.5,,"f_min:ExpForce本物实测(1.5N,两指合力) | f_max:无实测"
刚体\E113\s14.png,刚体,刚体,非易碎,E113,toothpaste_box,,1.5,,"f_min:ExpForce本物实测(1.5N,两指合力) | f_max:无实测"
刚体\E113\s2.png,刚体,刚体,非易碎,E113,toothpaste_box,,1.5,,"f_min:ExpForce本物实测(1.5N,两指合力) | f_max:无实测"
刚体\E113\s3.png,刚体,刚体,非易碎,E113,toothpaste_box,,1.5,,"f_min:ExpForce本物实测(1.5N,两指合力) | f_max:无实测"
刚体\E113\s4.png,刚体,刚体,非易碎,E113,toothpaste_box,,1.5,,"f_min:ExpForce本物实测(1.5N,两指合力) | f_max:无实测"
刚体\E113\s5.png,刚体,刚体,非易碎,E113,toothpaste_box,,1.5,,"f_min:ExpForce本物实测(1.5N,两指合力) | f_max:无实测"
刚体\E113\s6.png,刚体,刚体,非易碎,E113,toothpaste_box,,1.5,,"f_min:ExpForce本物实测(1.5N,两指合力) | f_max:无实测"
刚体\E113\s7.png,刚体,刚体,非易碎,E113,toothpaste_box,,1.5,,"f_min:ExpForce本物实测(1.5N,两指合力) | f_max:无实测"
刚体\E113\s8.png,刚体,刚体,非易碎,E113,toothpaste_box,,1.5,,"f_min:ExpForce本物实测(1.5N,两指合力) | f_max:无实测"
刚体\E113\s9.png,刚体,刚体,非易碎,E113,toothpaste_box,,1.5,,"f_min:ExpForce本物实测(1.5N,两指合力) | f_max:无实测"
刚体\E115\Plastic_shot_cup_2_oz.png,刚体,刚体,非易碎,E115,plastic_shot_cup,,0.25,,"f_min:ExpForce本物实测(0.25N,两指合力) | f_max:无实测"
刚体\E121\Plastic_mug.png,刚体,刚体,非易碎,E121,plastic_mug,,1.0,,"f_min:ExpForce本物实测(1.0N,两指合力) | f_max:无实测"
刚体\E121\s1.png,刚体,刚体,非易碎,E121,plastic_mug,,1.0,,"f_min:ExpForce本物实测(1.0N,两指合力) | f_max:无实测"
刚体\E121\s10.png,刚体,刚体,非易碎,E121,plastic_mug,,1.0,,"f_min:ExpForce本物实测(1.0N,两指合力) | f_max:无实测"
刚体\E121\s11.png,刚体,刚体,非易碎,E121,plastic_mug,,1.0,,"f_min:ExpForce本物实测(1.0N,两指合力) | f_max:无实测"
刚体\E121\s12.png,刚体,刚体,非易碎,E121,plastic_mug,,1.0,,"f_min:ExpForce本物实测(1.0N,两指合力) | f_max:无实测"
刚体\E121\s13.png,刚体,刚体,非易碎,E121,plastic_mug,,1.0,,"f_min:ExpForce本物实测(1.0N,两指合力) | f_max:无实测"
刚体\E121\s14.png,刚体,刚体,非易碎,E121,plastic_mug,,1.0,,"f_min:ExpForce本物实测(1.0N,两指合力) | f_max:无实测"
刚体\E121\s2.png,刚体,刚体,非易碎,E121,plastic_mug,,1.0,,"f_min:ExpForce本物实测(1.0N,两指合力) | f_max:无实测"
刚体\E121\s3.png,刚体,刚体,非易碎,E121,plastic_mug,,1.0,,"f_min:ExpForce本物实测(1.0N,两指合力) | f_max:无实测"
刚体\E121\s4.png,刚体,刚体,非易碎,E121,plastic_mug,,1.0,,"f_min:ExpForce本物实测(1.0N,两指合力) | f_max:无实测"
刚体\E121\s5.png,刚体,刚体,非易碎,E121,plastic_mug,,1.0,,"f_min:ExpForce本物实测(1.0N,两指合力) | f_max:无实测"
刚体\E121\s6.png,刚体,刚体,非易碎,E121,plastic_mug,,1.0,,"f_min:ExpForce本物实测(1.0N,两指合力) | f_max:无实测"
刚体\E121\s7.png,刚体,刚体,非易碎,E121,plastic_mug,,1.0,,"f_min:ExpForce本物实测(1.0N,两指合力) | f_max:无实测"
刚体\E121\s8.png,刚体,刚体,非易碎,E121,plastic_mug,,1.0,,"f_min:ExpForce本物实测(1.0N,两指合力) | f_max:无实测"
刚体\E121\s9.png,刚体,刚体,非易碎,E121,plastic_mug,,1.0,,"f_min:ExpForce本物实测(1.0N,两指合力) | f_max:无实测"
刚体\E123\Sweet_bean_paste_28oz.png,刚体,刚体,非易碎,E123,sweet_bean_paste,,3.5,,"f_min:ExpForce本物实测(3.5N,两指合力) | f_max:无实测"
刚体\E124\OnePlus_Phone_Charger_Adapter.png,刚体,刚体,非易碎,E124,oneplus_phone_charger_adapter,,1.5,,"f_min:ExpForce本物实测(1.5N,两指合力) | f_max:无实测"
刚体\E125\Generic_Phone_Charger_Adapter.png,刚体,刚体,非易碎,E125,generic_phone_charger_adapter,,1.0,,"f_min:ExpForce本物实测(1.0N,两指合力) | f_max:无实测"
刚体\E126\Apple_MacBook_Power_Adapter.png,刚体,刚体,非易碎,E126,apple_macbook_power_adapter,,1.75,,"f_min:ExpForce本物实测(1.75N,两指合力) | f_max:无实测"
刚体\E127\Generic_AC_Power_Adapter.png,刚体,刚体,非易碎,E127,generic_ac_power_adapter,,2.5,,"f_min:ExpForce本物实测(2.5N,两指合力) | f_max:无实测"
刚体\E128\Umbrella_Folded.png,刚体,刚体,非易碎,E128,umbrella,,1.5,,"f_min:ExpForce本物实测(1.5N,两指合力) | f_max:无实测"
刚体\E128\s1.png,刚体,刚体,非易碎,E128,umbrella,,1.5,,"f_min:ExpForce本物实测(1.5N,两指合力) | f_max:无实测"
刚体\E128\s10.png,刚体,刚体,非易碎,E128,umbrella,,1.5,,"f_min:ExpForce本物实测(1.5N,两指合力) | f_max:无实测"
刚体\E128\s11.png,刚体,刚体,非易碎,E128,umbrella,,1.5,,"f_min:ExpForce本物实测(1.5N,两指合力) | f_max:无实测"
刚体\E128\s12.png,刚体,刚体,非易碎,E128,umbrella,,1.5,,"f_min:ExpForce本物实测(1.5N,两指合力) | f_max:无实测"
刚体\E128\s13.png,刚体,刚体,非易碎,E128,umbrella,,1.5,,"f_min:ExpForce本物实测(1.5N,两指合力) | f_max:无实测"
刚体\E128\s14.png,刚体,刚体,非易碎,E128,umbrella,,1.5,,"f_min:ExpForce本物实测(1.5N,两指合力) | f_max:无实测"
刚体\E128\s2.png,刚体,刚体,非易碎,E128,umbrella,,1.5,,"f_min:ExpForce本物实测(1.5N,两指合力) | f_max:无实测"
刚体\E128\s3.png,刚体,刚体,非易碎,E128,umbrella,,1.5,,"f_min:ExpForce本物实测(1.5N,两指合力) | f_max:无实测"
刚体\E128\s4.png,刚体,刚体,非易碎,E128,umbrella,,1.5,,"f_min:ExpForce本物实测(1.5N,两指合力) | f_max:无实测"
刚体\E128\s5.png,刚体,刚体,非易碎,E128,umbrella,,1.5,,"f_min:ExpForce本物实测(1.5N,两指合力) | f_max:无实测"
刚体\E128\s6.png,刚体,刚体,非易碎,E128,umbrella,,1.5,,"f_min:ExpForce本物实测(1.5N,两指合力) | f_max:无实测"
刚体\E128\s7.png,刚体,刚体,非易碎,E128,umbrella,,1.5,,"f_min:ExpForce本物实测(1.5N,两指合力) | f_max:无实测"
刚体\E128\s8.png,刚体,刚体,非易碎,E128,umbrella,,1.5,,"f_min:ExpForce本物实测(1.5N,两指合力) | f_max:无实测"
刚体\E128\s9.png,刚体,刚体,非易碎,E128,umbrella,,1.5,,"f_min:ExpForce本物实测(1.5N,两指合力) | f_max:无实测"
刚体\E129\Handheld_Power_Drill.png,刚体,刚体,非易碎,E129,handheld_power_drill,,7.0,,"f_min:ExpForce本物实测(7.0N,两指合力) | f_max:无实测"
刚体\E129\s1.png,刚体,刚体,非易碎,E129,handheld_power_drill,,7.0,,"f_min:ExpForce本物实测(7.0N,两指合力) | f_max:无实测"
刚体\E129\s10.png,刚体,刚体,非易碎,E129,handheld_power_drill,,7.0,,"f_min:ExpForce本物实测(7.0N,两指合力) | f_max:无实测"
刚体\E129\s11.png,刚体,刚体,非易碎,E129,handheld_power_drill,,7.0,,"f_min:ExpForce本物实测(7.0N,两指合力) | f_max:无实测"
刚体\E129\s12.png,刚体,刚体,非易碎,E129,handheld_power_drill,,7.0,,"f_min:ExpForce本物实测(7.0N,两指合力) | f_max:无实测"
刚体\E129\s13.png,刚体,刚体,非易碎,E129,handheld_power_drill,,7.0,,"f_min:ExpForce本物实测(7.0N,两指合力) | f_max:无实测"
刚体\E129\s14.png,刚体,刚体,非易碎,E129,handheld_power_drill,,7.0,,"f_min:ExpForce本物实测(7.0N,两指合力) | f_max:无实测"
刚体\E129\s2.png,刚体,刚体,非易碎,E129,handheld_power_drill,,7.0,,"f_min:ExpForce本物实测(7.0N,两指合力) | f_max:无实测"
刚体\E129\s3.png,刚体,刚体,非易碎,E129,handheld_power_drill,,7.0,,"f_min:ExpForce本物实测(7.0N,两指合力) | f_max:无实测"
刚体\E129\s4.png,刚体,刚体,非易碎,E129,handheld_power_drill,,7.0,,"f_min:ExpForce本物实测(7.0N,两指合力) | f_max:无实测"
刚体\E129\s5.png,刚体,刚体,非易碎,E129,handheld_power_drill,,7.0,,"f_min:ExpForce本物实测(7.0N,两指合力) | f_max:无实测"
刚体\E129\s6.png,刚体,刚体,非易碎,E129,handheld_power_drill,,7.0,,"f_min:ExpForce本物实测(7.0N,两指合力) | f_max:无实测"
刚体\E129\s7.png,刚体,刚体,非易碎,E129,handheld_power_drill,,7.0,,"f_min:ExpForce本物实测(7.0N,两指合力) | f_max:无实测"
刚体\E129\s8.png,刚体,刚体,非易碎,E129,handheld_power_drill,,7.0,,"f_min:ExpForce本物实测(7.0N,两指合力) | f_max:无实测"
刚体\E129\s9.png,刚体,刚体,非易碎,E129,handheld_power_drill,,7.0,,"f_min:ExpForce本物实测(7.0N,两指合力) | f_max:无实测"
柔性\E004\Orange_drinking_straw.png,柔性,柔性,非易碎,E004,orange_drinking_straw,,0.25,,"f_min:ExpForce本物实测(0.25N,两指合力) | f_max:无实测"
柔性\E005\Small_paper_cup.png,柔性,柔性,非易碎,E005,small_paper_cup,,0.25,4.2,"f_min:ExpForce本物实测(0.25N,两指合力) | f_max:文献实测2.1N(单指法向力(双板对压))×2换算=4.2N(两指合力,非直接实测)"
柔性\E006\Medium_paper_cup.png,柔性,柔性,非易碎,E006,medium_paper_cup,,0.25,4.2,"f_min:ExpForce本物实测(0.25N,两指合力) | f_max:文献实测2.1N(单指法向力(双板对压))×2换算=4.2N(两指合力,非直接实测)"
柔性\E007\Medium_plastic_cup.png,柔性,柔性,非易碎,E007,medium_plastic_cup,,0.25,,"f_min:ExpForce本物实测(0.25N,两指合力) | f_max:无实测"
柔性\E009\Small_lime.png,柔性,柔性,非易碎,E009,lime,,0.5,,"f_min:ExpForce本物实测(0.5N,两指合力) | f_max:无实测"
柔性\E009\s1.png,柔性,柔性,非易碎,E009,lime,,0.5,,"f_min:ExpForce本物实测(0.5N,两指合力) | f_max:无实测"
柔性\E009\s10.png,柔性,柔性,非易碎,E009,lime,,0.5,,"f_min:ExpForce本物实测(0.5N,两指合力) | f_max:无实测"
柔性\E009\s11.png,柔性,柔性,非易碎,E009,lime,,0.5,,"f_min:ExpForce本物实测(0.5N,两指合力) | f_max:无实测"
柔性\E009\s12.png,柔性,柔性,非易碎,E009,lime,,0.5,,"f_min:ExpForce本物实测(0.5N,两指合力) | f_max:无实测"
柔性\E009\s13.png,柔性,柔性,非易碎,E009,lime,,0.5,,"f_min:ExpForce本物实测(0.5N,两指合力) | f_max:无实测"
柔性\E009\s14.png,柔性,柔性,非易碎,E009,lime,,0.5,,"f_min:ExpForce本物实测(0.5N,两指合力) | f_max:无实测"
柔性\E009\s2.png,柔性,柔性,非易碎,E009,lime,,0.5,,"f_min:ExpForce本物实测(0.5N,两指合力) | f_max:无实测"
柔性\E009\s3.png,柔性,柔性,非易碎,E009,lime,,0.5,,"f_min:ExpForce本物实测(0.5N,两指合力) | f_max:无实测"
柔性\E009\s4.png,柔性,柔性,非易碎,E009,lime,,0.5,,"f_min:ExpForce本物实测(0.5N,两指合力) | f_max:无实测"
柔性\E009\s5.png,柔性,柔性,非易碎,E009,lime,,0.5,,"f_min:ExpForce本物实测(0.5N,两指合力) | f_max:无实测"
柔性\E009\s6.png,柔性,柔性,非易碎,E009,lime,,0.5,,"f_min:ExpForce本物实测(0.5N,两指合力) | f_max:无实测"
柔性\E009\s7.png,柔性,柔性,非易碎,E009,lime,,0.5,,"f_min:ExpForce本物实测(0.5N,两指合力) | f_max:无实测"
柔性\E009\s8.png,柔性,柔性,非易碎,E009,lime,,0.5,,"f_min:ExpForce本物实测(0.5N,两指合力) | f_max:无实测"
柔性\E009\s9.png,柔性,柔性,非易碎,E009,lime,,0.5,,"f_min:ExpForce本物实测(0.5N,两指合力) | f_max:无实测"
柔性\E012\Seaweed_snack_package.png,柔性,柔性,非易碎,E012,seaweed_snack_package,,0.5,,"f_min:ExpForce本物实测(0.5N,两指合力) | f_max:无实测"
柔性\E013\Marshmallow_1_regular.png,柔性,柔性,非易碎,E013,marshmallow,,0.25,,"f_min:ExpForce本物实测(0.25N,两指合力) | f_max:无实测"
柔性\E020\Roma_tomato_1.png,柔性,柔性,非易碎,E020,tomato,,2.0,,"f_min:ExpForce本物实测(2.0N,两指合力) | f_max:无实测"
柔性\E020\s1.png,柔性,柔性,非易碎,E020,tomato,,2.0,,"f_min:ExpForce本物实测(2.0N,两指合力) | f_max:无实测"
柔性\E020\s10.png,柔性,柔性,非易碎,E020,tomato,,2.0,,"f_min:ExpForce本物实测(2.0N,两指合力) | f_max:无实测"
柔性\E020\s11.png,柔性,柔性,非易碎,E020,tomato,,2.0,,"f_min:ExpForce本物实测(2.0N,两指合力) | f_max:无实测"
柔性\E020\s12.png,柔性,柔性,非易碎,E020,tomato,,2.0,,"f_min:ExpForce本物实测(2.0N,两指合力) | f_max:无实测"
柔性\E020\s13.png,柔性,柔性,非易碎,E020,tomato,,2.0,,"f_min:ExpForce本物实测(2.0N,两指合力) | f_max:无实测"
柔性\E020\s14.png,柔性,柔性,非易碎,E020,tomato,,2.0,,"f_min:ExpForce本物实测(2.0N,两指合力) | f_max:无实测"
柔性\E020\s2.png,柔性,柔性,非易碎,E020,tomato,,2.0,,"f_min:ExpForce本物实测(2.0N,两指合力) | f_max:无实测"
柔性\E020\s3.png,柔性,柔性,非易碎,E020,tomato,,2.0,,"f_min:ExpForce本物实测(2.0N,两指合力) | f_max:无实测"
柔性\E020\s4.png,柔性,柔性,非易碎,E020,tomato,,2.0,,"f_min:ExpForce本物实测(2.0N,两指合力) | f_max:无实测"
柔性\E020\s5.png,柔性,柔性,非易碎,E020,tomato,,2.0,,"f_min:ExpForce本物实测(2.0N,两指合力) | f_max:无实测"
柔性\E020\s6.png,柔性,柔性,非易碎,E020,tomato,,2.0,,"f_min:ExpForce本物实测(2.0N,两指合力) | f_max:无实测"
柔性\E020\s7.png,柔性,柔性,非易碎,E020,tomato,,2.0,,"f_min:ExpForce本物实测(2.0N,两指合力) | f_max:无实测"
柔性\E020\s8.png,柔性,柔性,非易碎,E020,tomato,,2.0,,"f_min:ExpForce本物实测(2.0N,两指合力) | f_max:无实测"
柔性\E020\s9.png,柔性,柔性,非易碎,E020,tomato,,2.0,,"f_min:ExpForce本物实测(2.0N,两指合力) | f_max:无实测"
柔性\E021\Roma_tomato_2.png,柔性,柔性,非易碎,E021,tomato,,2.0,,"f_min:ExpForce本物实测(2.0N,两指合力) | f_max:无实测"
柔性\E022\Grapefruit.png,柔性,柔性,非易碎,E022,grapefruit,,2.0,,"f_min:ExpForce本物实测(2.0N,两指合力) | f_max:无实测"
柔性\E022\s1.png,柔性,柔性,非易碎,E022,grapefruit,,2.0,,"f_min:ExpForce本物实测(2.0N,两指合力) | f_max:无实测"
柔性\E022\s10.png,柔性,柔性,非易碎,E022,grapefruit,,2.0,,"f_min:ExpForce本物实测(2.0N,两指合力) | f_max:无实测"
柔性\E022\s11.png,柔性,柔性,非易碎,E022,grapefruit,,2.0,,"f_min:ExpForce本物实测(2.0N,两指合力) | f_max:无实测"
柔性\E022\s12.png,柔性,柔性,非易碎,E022,grapefruit,,2.0,,"f_min:ExpForce本物实测(2.0N,两指合力) | f_max:无实测"
柔性\E022\s13.png,柔性,柔性,非易碎,E022,grapefruit,,2.0,,"f_min:ExpForce本物实测(2.0N,两指合力) | f_max:无实测"
柔性\E022\s14.png,柔性,柔性,非易碎,E022,grapefruit,,2.0,,"f_min:ExpForce本物实测(2.0N,两指合力) | f_max:无实测"
柔性\E022\s2.png,柔性,柔性,非易碎,E022,grapefruit,,2.0,,"f_min:ExpForce本物实测(2.0N,两指合力) | f_max:无实测"
柔性\E022\s3.png,柔性,柔性,非易碎,E022,grapefruit,,2.0,,"f_min:ExpForce本物实测(2.0N,两指合力) | f_max:无实测"
柔性\E022\s4.png,柔性,柔性,非易碎,E022,grapefruit,,2.0,,"f_min:ExpForce本物实测(2.0N,两指合力) | f_max:无实测"
柔性\E022\s5.png,柔性,柔性,非易碎,E022,grapefruit,,2.0,,"f_min:ExpForce本物实测(2.0N,两指合力) | f_max:无实测"
柔性\E022\s6.png,柔性,柔性,非易碎,E022,grapefruit,,2.0,,"f_min:ExpForce本物实测(2.0N,两指合力) | f_max:无实测"
柔性\E022\s7.png,柔性,柔性,非易碎,E022,grapefruit,,2.0,,"f_min:ExpForce本物实测(2.0N,两指合力) | f_max:无实测"
柔性\E022\s8.png,柔性,柔性,非易碎,E022,grapefruit,,2.0,,"f_min:ExpForce本物实测(2.0N,两指合力) | f_max:无实测"
柔性\E022\s9.png,柔性,柔性,非易碎,E022,grapefruit,,2.0,,"f_min:ExpForce本物实测(2.0N,两指合力) | f_max:无实测"
柔性\E023\Lemon.png,柔性,柔性,非易碎,E023,lemon,,0.5,101.14,"f_min:ExpForce本物实测(0.5N,两指合力) | f_max:文献实测50.57N(单指法向力(平板压缩))×2换算=101.14N(两指合力,非直接实测)"
柔性\E023\s1.png,柔性,柔性,非易碎,E023,lemon,,0.5,101.14,"f_min:ExpForce本物实测(0.5N,两指合力) | f_max:文献实测50.57N(单指法向力(平板压缩))×2换算=101.14N(两指合力,非直接实测)"
柔性\E023\s10.png,柔性,柔性,非易碎,E023,lemon,,0.5,101.14,"f_min:ExpForce本物实测(0.5N,两指合力) | f_max:文献实测50.57N(单指法向力(平板压缩))×2换算=101.14N(两指合力,非直接实测)"
柔性\E023\s11.png,柔性,柔性,非易碎,E023,lemon,,0.5,101.14,"f_min:ExpForce本物实测(0.5N,两指合力) | f_max:文献实测50.57N(单指法向力(平板压缩))×2换算=101.14N(两指合力,非直接实测)"
柔性\E023\s12.png,柔性,柔性,非易碎,E023,lemon,,0.5,101.14,"f_min:ExpForce本物实测(0.5N,两指合力) | f_max:文献实测50.57N(单指法向力(平板压缩))×2换算=101.14N(两指合力,非直接实测)"
柔性\E023\s13.png,柔性,柔性,非易碎,E023,lemon,,0.5,101.14,"f_min:ExpForce本物实测(0.5N,两指合力) | f_max:文献实测50.57N(单指法向力(平板压缩))×2换算=101.14N(两指合力,非直接实测)"
柔性\E023\s14.png,柔性,柔性,非易碎,E023,lemon,,0.5,101.14,"f_min:ExpForce本物实测(0.5N,两指合力) | f_max:文献实测50.57N(单指法向力(平板压缩))×2换算=101.14N(两指合力,非直接实测)"
柔性\E023\s2.png,柔性,柔性,非易碎,E023,lemon,,0.5,101.14,"f_min:ExpForce本物实测(0.5N,两指合力) | f_max:文献实测50.57N(单指法向力(平板压缩))×2换算=101.14N(两指合力,非直接实测)"
柔性\E023\s3.png,柔性,柔性,非易碎,E023,lemon,,0.5,101.14,"f_min:ExpForce本物实测(0.5N,两指合力) | f_max:文献实测50.57N(单指法向力(平板压缩))×2换算=101.14N(两指合力,非直接实测)"
柔性\E023\s4.png,柔性,柔性,非易碎,E023,lemon,,0.5,101.14,"f_min:ExpForce本物实测(0.5N,两指合力) | f_max:文献实测50.57N(单指法向力(平板压缩))×2换算=101.14N(两指合力,非直接实测)"
柔性\E023\s5.png,柔性,柔性,非易碎,E023,lemon,,0.5,101.14,"f_min:ExpForce本物实测(0.5N,两指合力) | f_max:文献实测50.57N(单指法向力(平板压缩))×2换算=101.14N(两指合力,非直接实测)"
柔性\E023\s6.png,柔性,柔性,非易碎,E023,lemon,,0.5,101.14,"f_min:ExpForce本物实测(0.5N,两指合力) | f_max:文献实测50.57N(单指法向力(平板压缩))×2换算=101.14N(两指合力,非直接实测)"
柔性\E023\s7.png,柔性,柔性,非易碎,E023,lemon,,0.5,101.14,"f_min:ExpForce本物实测(0.5N,两指合力) | f_max:文献实测50.57N(单指法向力(平板压缩))×2换算=101.14N(两指合力,非直接实测)"
柔性\E023\s8.png,柔性,柔性,非易碎,E023,lemon,,0.5,101.14,"f_min:ExpForce本物实测(0.5N,两指合力) | f_max:文献实测50.57N(单指法向力(平板压缩))×2换算=101.14N(两指合力,非直接实测)"
柔性\E023\s9.png,柔性,柔性,非易碎,E023,lemon,,0.5,101.14,"f_min:ExpForce本物实测(0.5N,两指合力) | f_max:文献实测50.57N(单指法向力(平板压缩))×2换算=101.14N(两指合力,非直接实测)"
柔性\E024\Apple_organic.png,柔性,柔性,非易碎,E024,apple,,1.5,80,"f_min:ExpForce本物实测(1.5N,两指合力) | f_max:文献实测40.0N(单指法向力(平板压缩))×2换算=80N(两指合力,非直接实测)"
柔性\E024\s1.png,柔性,柔性,非易碎,E024,apple,,1.5,80,"f_min:ExpForce本物实测(1.5N,两指合力) | f_max:文献实测40.0N(单指法向力(平板压缩))×2换算=80N(两指合力,非直接实测)"
柔性\E024\s10.png,柔性,柔性,非易碎,E024,apple,,1.5,80,"f_min:ExpForce本物实测(1.5N,两指合力) | f_max:文献实测40.0N(单指法向力(平板压缩))×2换算=80N(两指合力,非直接实测)"
柔性\E024\s11.png,柔性,柔性,非易碎,E024,apple,,1.5,80,"f_min:ExpForce本物实测(1.5N,两指合力) | f_max:文献实测40.0N(单指法向力(平板压缩))×2换算=80N(两指合力,非直接实测)"
柔性\E024\s12.png,柔性,柔性,非易碎,E024,apple,,1.5,80,"f_min:ExpForce本物实测(1.5N,两指合力) | f_max:文献实测40.0N(单指法向力(平板压缩))×2换算=80N(两指合力,非直接实测)"
柔性\E024\s13.png,柔性,柔性,非易碎,E024,apple,,1.5,80,"f_min:ExpForce本物实测(1.5N,两指合力) | f_max:文献实测40.0N(单指法向力(平板压缩))×2换算=80N(两指合力,非直接实测)"
柔性\E024\s14.png,柔性,柔性,非易碎,E024,apple,,1.5,80,"f_min:ExpForce本物实测(1.5N,两指合力) | f_max:文献实测40.0N(单指法向力(平板压缩))×2换算=80N(两指合力,非直接实测)"
柔性\E024\s2.png,柔性,柔性,非易碎,E024,apple,,1.5,80,"f_min:ExpForce本物实测(1.5N,两指合力) | f_max:文献实测40.0N(单指法向力(平板压缩))×2换算=80N(两指合力,非直接实测)"
柔性\E024\s3.png,柔性,柔性,非易碎,E024,apple,,1.5,80,"f_min:ExpForce本物实测(1.5N,两指合力) | f_max:文献实测40.0N(单指法向力(平板压缩))×2换算=80N(两指合力,非直接实测)"
柔性\E024\s4.png,柔性,柔性,非易碎,E024,apple,,1.5,80,"f_min:ExpForce本物实测(1.5N,两指合力) | f_max:文献实测40.0N(单指法向力(平板压缩))×2换算=80N(两指合力,非直接实测)"
柔性\E024\s5.png,柔性,柔性,非易碎,E024,apple,,1.5,80,"f_min:ExpForce本物实测(1.5N,两指合力) | f_max:文献实测40.0N(单指法向力(平板压缩))×2换算=80N(两指合力,非直接实测)"
柔性\E024\s6.png,柔性,柔性,非易碎,E024,apple,,1.5,80,"f_min:ExpForce本物实测(1.5N,两指合力) | f_max:文献实测40.0N(单指法向力(平板压缩))×2换算=80N(两指合力,非直接实测)"
柔性\E024\s7.png,柔性,柔性,非易碎,E024,apple,,1.5,80,"f_min:ExpForce本物实测(1.5N,两指合力) | f_max:文献实测40.0N(单指法向力(平板压缩))×2换算=80N(两指合力,非直接实测)"
柔性\E024\s8.png,柔性,柔性,非易碎,E024,apple,,1.5,80,"f_min:ExpForce本物实测(1.5N,两指合力) | f_max:文献实测40.0N(单指法向力(平板压缩))×2换算=80N(两指合力,非直接实测)"
柔性\E024\s9.png,柔性,柔性,非易碎,E024,apple,,1.5,80,"f_min:ExpForce本物实测(1.5N,两指合力) | f_max:文献实测40.0N(单指法向力(平板压缩))×2换算=80N(两指合力,非直接实测)"
柔性\E025\Yellow_mini_bell_pepper_large.png,柔性,柔性,非易碎,E025,bell_pepper,,1.0,,"f_min:ExpForce本物实测(1.0N,两指合力) | f_max:无实测"
柔性\E025\s1.png,柔性,柔性,非易碎,E025,bell_pepper,,1.0,,"f_min:ExpForce本物实测(1.0N,两指合力) | f_max:无实测"
柔性\E025\s10.png,柔性,柔性,非易碎,E025,bell_pepper,,1.0,,"f_min:ExpForce本物实测(1.0N,两指合力) | f_max:无实测"
柔性\E025\s11.png,柔性,柔性,非易碎,E025,bell_pepper,,1.0,,"f_min:ExpForce本物实测(1.0N,两指合力) | f_max:无实测"
柔性\E025\s12.png,柔性,柔性,非易碎,E025,bell_pepper,,1.0,,"f_min:ExpForce本物实测(1.0N,两指合力) | f_max:无实测"
柔性\E025\s13.png,柔性,柔性,非易碎,E025,bell_pepper,,1.0,,"f_min:ExpForce本物实测(1.0N,两指合力) | f_max:无实测"
柔性\E025\s14.png,柔性,柔性,非易碎,E025,bell_pepper,,1.0,,"f_min:ExpForce本物实测(1.0N,两指合力) | f_max:无实测"
柔性\E025\s2.png,柔性,柔性,非易碎,E025,bell_pepper,,1.0,,"f_min:ExpForce本物实测(1.0N,两指合力) | f_max:无实测"
柔性\E025\s3.png,柔性,柔性,非易碎,E025,bell_pepper,,1.0,,"f_min:ExpForce本物实测(1.0N,两指合力) | f_max:无实测"
柔性\E025\s4.png,柔性,柔性,非易碎,E025,bell_pepper,,1.0,,"f_min:ExpForce本物实测(1.0N,两指合力) | f_max:无实测"
柔性\E025\s5.png,柔性,柔性,非易碎,E025,bell_pepper,,1.0,,"f_min:ExpForce本物实测(1.0N,两指合力) | f_max:无实测"
柔性\E025\s6.png,柔性,柔性,非易碎,E025,bell_pepper,,1.0,,"f_min:ExpForce本物实测(1.0N,两指合力) | f_max:无实测"
柔性\E025\s7.png,柔性,柔性,非易碎,E025,bell_pepper,,1.0,,"f_min:ExpForce本物实测(1.0N,两指合力) | f_max:无实测"
柔性\E025\s8.png,柔性,柔性,非易碎,E025,bell_pepper,,1.0,,"f_min:ExpForce本物实测(1.0N,两指合力) | f_max:无实测"
柔性\E025\s9.png,柔性,柔性,非易碎,E025,bell_pepper,,1.0,,"f_min:ExpForce本物实测(1.0N,两指合力) | f_max:无实测"
柔性\E026\Strawberry_1.png,柔性,柔性,非易碎,E026,strawberry,,0.5,0.6,"f_min:ExpForce本物实测(0.5N,两指合力) | f_max:文献实测(夹持损伤阈值,单指/合力未确认)(0.6N,夹持实测,单/总未确认保守按合力)"
柔性\E026\s1.png,柔性,柔性,非易碎,E026,strawberry,,0.5,0.6,"f_min:ExpForce本物实测(0.5N,两指合力) | f_max:文献实测(夹持损伤阈值,单指/合力未确认)(0.6N,夹持实测,单/总未确认保守按合力)"
柔性\E026\s10.png,柔性,柔性,非易碎,E026,strawberry,,0.5,0.6,"f_min:ExpForce本物实测(0.5N,两指合力) | f_max:文献实测(夹持损伤阈值,单指/合力未确认)(0.6N,夹持实测,单/总未确认保守按合力)"
柔性\E026\s11.png,柔性,柔性,非易碎,E026,strawberry,,0.5,0.6,"f_min:ExpForce本物实测(0.5N,两指合力) | f_max:文献实测(夹持损伤阈值,单指/合力未确认)(0.6N,夹持实测,单/总未确认保守按合力)"
柔性\E026\s12.png,柔性,柔性,非易碎,E026,strawberry,,0.5,0.6,"f_min:ExpForce本物实测(0.5N,两指合力) | f_max:文献实测(夹持损伤阈值,单指/合力未确认)(0.6N,夹持实测,单/总未确认保守按合力)"
柔性\E026\s13.png,柔性,柔性,非易碎,E026,strawberry,,0.5,0.6,"f_min:ExpForce本物实测(0.5N,两指合力) | f_max:文献实测(夹持损伤阈值,单指/合力未确认)(0.6N,夹持实测,单/总未确认保守按合力)"
柔性\E026\s14.png,柔性,柔性,非易碎,E026,strawberry,,0.5,0.6,"f_min:ExpForce本物实测(0.5N,两指合力) | f_max:文献实测(夹持损伤阈值,单指/合力未确认)(0.6N,夹持实测,单/总未确认保守按合力)"
柔性\E026\s2.png,柔性,柔性,非易碎,E026,strawberry,,0.5,0.6,"f_min:ExpForce本物实测(0.5N,两指合力) | f_max:文献实测(夹持损伤阈值,单指/合力未确认)(0.6N,夹持实测,单/总未确认保守按合力)"
柔性\E026\s3.png,柔性,柔性,非易碎,E026,strawberry,,0.5,0.6,"f_min:ExpForce本物实测(0.5N,两指合力) | f_max:文献实测(夹持损伤阈值,单指/合力未确认)(0.6N,夹持实测,单/总未确认保守按合力)"
柔性\E026\s4.png,柔性,柔性,非易碎,E026,strawberry,,0.5,0.6,"f_min:ExpForce本物实测(0.5N,两指合力) | f_max:文献实测(夹持损伤阈值,单指/合力未确认)(0.6N,夹持实测,单/总未确认保守按合力)"
柔性\E026\s5.png,柔性,柔性,非易碎,E026,strawberry,,0.5,0.6,"f_min:ExpForce本物实测(0.5N,两指合力) | f_max:文献实测(夹持损伤阈值,单指/合力未确认)(0.6N,夹持实测,单/总未确认保守按合力)"
柔性\E026\s6.png,柔性,柔性,非易碎,E026,strawberry,,0.5,0.6,"f_min:ExpForce本物实测(0.5N,两指合力) | f_max:文献实测(夹持损伤阈值,单指/合力未确认)(0.6N,夹持实测,单/总未确认保守按合力)"
柔性\E026\s7.png,柔性,柔性,非易碎,E026,strawberry,,0.5,0.6,"f_min:ExpForce本物实测(0.5N,两指合力) | f_max:文献实测(夹持损伤阈值,单指/合力未确认)(0.6N,夹持实测,单/总未确认保守按合力)"
柔性\E026\s8.png,柔性,柔性,非易碎,E026,strawberry,,0.5,0.6,"f_min:ExpForce本物实测(0.5N,两指合力) | f_max:文献实测(夹持损伤阈值,单指/合力未确认)(0.6N,夹持实测,单/总未确认保守按合力)"
柔性\E026\s9.png,柔性,柔性,非易碎,E026,strawberry,,0.5,0.6,"f_min:ExpForce本物实测(0.5N,两指合力) | f_max:文献实测(夹持损伤阈值,单指/合力未确认)(0.6N,夹持实测,单/总未确认保守按合力)"
柔性\E027\Cara_Cara_orange_1.png,柔性,柔性,非易碎,E027,orange,,1.5,326,"f_min:ExpForce本物实测(1.5N,两指合力) | f_max:文献实测163.0N(单指法向力(平板压缩))×2换算=326N(两指合力,非直接实测)"
柔性\E027\s1.png,柔性,柔性,非易碎,E027,orange,,1.5,326,"f_min:ExpForce本物实测(1.5N,两指合力) | f_max:文献实测163.0N(单指法向力(平板压缩))×2换算=326N(两指合力,非直接实测)"
柔性\E027\s10.png,柔性,柔性,非易碎,E027,orange,,1.5,326,"f_min:ExpForce本物实测(1.5N,两指合力) | f_max:文献实测163.0N(单指法向力(平板压缩))×2换算=326N(两指合力,非直接实测)"
柔性\E027\s11.png,柔性,柔性,非易碎,E027,orange,,1.5,326,"f_min:ExpForce本物实测(1.5N,两指合力) | f_max:文献实测163.0N(单指法向力(平板压缩))×2换算=326N(两指合力,非直接实测)"
柔性\E027\s12.png,柔性,柔性,非易碎,E027,orange,,1.5,326,"f_min:ExpForce本物实测(1.5N,两指合力) | f_max:文献实测163.0N(单指法向力(平板压缩))×2换算=326N(两指合力,非直接实测)"
柔性\E027\s13.png,柔性,柔性,非易碎,E027,orange,,1.5,326,"f_min:ExpForce本物实测(1.5N,两指合力) | f_max:文献实测163.0N(单指法向力(平板压缩))×2换算=326N(两指合力,非直接实测)"
柔性\E027\s14.png,柔性,柔性,非易碎,E027,orange,,1.5,326,"f_min:ExpForce本物实测(1.5N,两指合力) | f_max:文献实测163.0N(单指法向力(平板压缩))×2换算=326N(两指合力,非直接实测)"
柔性\E027\s2.png,柔性,柔性,非易碎,E027,orange,,1.5,326,"f_min:ExpForce本物实测(1.5N,两指合力) | f_max:文献实测163.0N(单指法向力(平板压缩))×2换算=326N(两指合力,非直接实测)"
柔性\E027\s3.png,柔性,柔性,非易碎,E027,orange,,1.5,326,"f_min:ExpForce本物实测(1.5N,两指合力) | f_max:文献实测163.0N(单指法向力(平板压缩))×2换算=326N(两指合力,非直接实测)"
柔性\E027\s4.png,柔性,柔性,非易碎,E027,orange,,1.5,326,"f_min:ExpForce本物实测(1.5N,两指合力) | f_max:文献实测163.0N(单指法向力(平板压缩))×2换算=326N(两指合力,非直接实测)"
柔性\E027\s5.png,柔性,柔性,非易碎,E027,orange,,1.5,326,"f_min:ExpForce本物实测(1.5N,两指合力) | f_max:文献实测163.0N(单指法向力(平板压缩))×2换算=326N(两指合力,非直接实测)"
柔性\E027\s6.png,柔性,柔性,非易碎,E027,orange,,1.5,326,"f_min:ExpForce本物实测(1.5N,两指合力) | f_max:文献实测163.0N(单指法向力(平板压缩))×2换算=326N(两指合力,非直接实测)"
柔性\E027\s7.png,柔性,柔性,非易碎,E027,orange,,1.5,326,"f_min:ExpForce本物实测(1.5N,两指合力) | f_max:文献实测163.0N(单指法向力(平板压缩))×2换算=326N(两指合力,非直接实测)"
柔性\E027\s8.png,柔性,柔性,非易碎,E027,orange,,1.5,326,"f_min:ExpForce本物实测(1.5N,两指合力) | f_max:文献实测163.0N(单指法向力(平板压缩))×2换算=326N(两指合力,非直接实测)"
柔性\E027\s9.png,柔性,柔性,非易碎,E027,orange,,1.5,326,"f_min:ExpForce本物实测(1.5N,两指合力) | f_max:文献实测163.0N(单指法向力(平板压缩))×2换算=326N(两指合力,非直接实测)"
柔性\E028\Cara_Cara_orange_2.png,柔性,柔性,非易碎,E028,orange,,1.5,326,"f_min:ExpForce本物实测(1.5N,两指合力) | f_max:文献实测163.0N(单指法向力(平板压缩))×2换算=326N(两指合力,非直接实测)"
柔性\E029\Orange_1.png,柔性,柔性,非易碎,E029,orange,,1.5,326,"f_min:ExpForce本物实测(1.5N,两指合力) | f_max:文献实测163.0N(单指法向力(平板压缩))×2换算=326N(两指合力,非直接实测)"
柔性\E029\s1.png,柔性,柔性,非易碎,E029,orange,,1.5,326,"f_min:ExpForce本物实测(1.5N,两指合力) | f_max:文献实测163.0N(单指法向力(平板压缩))×2换算=326N(两指合力,非直接实测)"
柔性\E029\s10.png,柔性,柔性,非易碎,E029,orange,,1.5,326,"f_min:ExpForce本物实测(1.5N,两指合力) | f_max:文献实测163.0N(单指法向力(平板压缩))×2换算=326N(两指合力,非直接实测)"
柔性\E029\s11.png,柔性,柔性,非易碎,E029,orange,,1.5,326,"f_min:ExpForce本物实测(1.5N,两指合力) | f_max:文献实测163.0N(单指法向力(平板压缩))×2换算=326N(两指合力,非直接实测)"
柔性\E029\s12.png,柔性,柔性,非易碎,E029,orange,,1.5,326,"f_min:ExpForce本物实测(1.5N,两指合力) | f_max:文献实测163.0N(单指法向力(平板压缩))×2换算=326N(两指合力,非直接实测)"
柔性\E029\s13.png,柔性,柔性,非易碎,E029,orange,,1.5,326,"f_min:ExpForce本物实测(1.5N,两指合力) | f_max:文献实测163.0N(单指法向力(平板压缩))×2换算=326N(两指合力,非直接实测)"
柔性\E029\s14.png,柔性,柔性,非易碎,E029,orange,,1.5,326,"f_min:ExpForce本物实测(1.5N,两指合力) | f_max:文献实测163.0N(单指法向力(平板压缩))×2换算=326N(两指合力,非直接实测)"
柔性\E029\s2.png,柔性,柔性,非易碎,E029,orange,,1.5,326,"f_min:ExpForce本物实测(1.5N,两指合力) | f_max:文献实测163.0N(单指法向力(平板压缩))×2换算=326N(两指合力,非直接实测)"
柔性\E029\s3.png,柔性,柔性,非易碎,E029,orange,,1.5,326,"f_min:ExpForce本物实测(1.5N,两指合力) | f_max:文献实测163.0N(单指法向力(平板压缩))×2换算=326N(两指合力,非直接实测)"
柔性\E029\s4.png,柔性,柔性,非易碎,E029,orange,,1.5,326,"f_min:ExpForce本物实测(1.5N,两指合力) | f_max:文献实测163.0N(单指法向力(平板压缩))×2换算=326N(两指合力,非直接实测)"
柔性\E029\s5.png,柔性,柔性,非易碎,E029,orange,,1.5,326,"f_min:ExpForce本物实测(1.5N,两指合力) | f_max:文献实测163.0N(单指法向力(平板压缩))×2换算=326N(两指合力,非直接实测)"
柔性\E029\s6.png,柔性,柔性,非易碎,E029,orange,,1.5,326,"f_min:ExpForce本物实测(1.5N,两指合力) | f_max:文献实测163.0N(单指法向力(平板压缩))×2换算=326N(两指合力,非直接实测)"
柔性\E029\s7.png,柔性,柔性,非易碎,E029,orange,,1.5,326,"f_min:ExpForce本物实测(1.5N,两指合力) | f_max:文献实测163.0N(单指法向力(平板压缩))×2换算=326N(两指合力,非直接实测)"
柔性\E029\s8.png,柔性,柔性,非易碎,E029,orange,,1.5,326,"f_min:ExpForce本物实测(1.5N,两指合力) | f_max:文献实测163.0N(单指法向力(平板压缩))×2换算=326N(两指合力,非直接实测)"
柔性\E029\s9.png,柔性,柔性,非易碎,E029,orange,,1.5,326,"f_min:ExpForce本物实测(1.5N,两指合力) | f_max:文献实测163.0N(单指法向力(平板压缩))×2换算=326N(两指合力,非直接实测)"
柔性\E030\Mandarin_2.png,柔性,柔性,非易碎,E030,mandarin,,1.0,26.6,"f_min:ExpForce本物实测(1.0N,两指合力) | f_max:文献实测13.3N(单指法向力(平板压缩))×2换算=26.6N(两指合力,非直接实测)"
柔性\E030\s1.png,柔性,柔性,非易碎,E030,mandarin,,1.0,26.6,"f_min:ExpForce本物实测(1.0N,两指合力) | f_max:文献实测13.3N(单指法向力(平板压缩))×2换算=26.6N(两指合力,非直接实测)"
柔性\E030\s10.png,柔性,柔性,非易碎,E030,mandarin,,1.0,26.6,"f_min:ExpForce本物实测(1.0N,两指合力) | f_max:文献实测13.3N(单指法向力(平板压缩))×2换算=26.6N(两指合力,非直接实测)"
柔性\E030\s11.png,柔性,柔性,非易碎,E030,mandarin,,1.0,26.6,"f_min:ExpForce本物实测(1.0N,两指合力) | f_max:文献实测13.3N(单指法向力(平板压缩))×2换算=26.6N(两指合力,非直接实测)"
柔性\E030\s12.png,柔性,柔性,非易碎,E030,mandarin,,1.0,26.6,"f_min:ExpForce本物实测(1.0N,两指合力) | f_max:文献实测13.3N(单指法向力(平板压缩))×2换算=26.6N(两指合力,非直接实测)"
柔性\E030\s13.png,柔性,柔性,非易碎,E030,mandarin,,1.0,26.6,"f_min:ExpForce本物实测(1.0N,两指合力) | f_max:文献实测13.3N(单指法向力(平板压缩))×2换算=26.6N(两指合力,非直接实测)"
柔性\E030\s14.png,柔性,柔性,非易碎,E030,mandarin,,1.0,26.6,"f_min:ExpForce本物实测(1.0N,两指合力) | f_max:文献实测13.3N(单指法向力(平板压缩))×2换算=26.6N(两指合力,非直接实测)"
柔性\E030\s2.png,柔性,柔性,非易碎,E030,mandarin,,1.0,26.6,"f_min:ExpForce本物实测(1.0N,两指合力) | f_max:文献实测13.3N(单指法向力(平板压缩))×2换算=26.6N(两指合力,非直接实测)"
柔性\E030\s3.png,柔性,柔性,非易碎,E030,mandarin,,1.0,26.6,"f_min:ExpForce本物实测(1.0N,两指合力) | f_max:文献实测13.3N(单指法向力(平板压缩))×2换算=26.6N(两指合力,非直接实测)"
柔性\E030\s4.png,柔性,柔性,非易碎,E030,mandarin,,1.0,26.6,"f_min:ExpForce本物实测(1.0N,两指合力) | f_max:文献实测13.3N(单指法向力(平板压缩))×2换算=26.6N(两指合力,非直接实测)"
柔性\E030\s5.png,柔性,柔性,非易碎,E030,mandarin,,1.0,26.6,"f_min:ExpForce本物实测(1.0N,两指合力) | f_max:文献实测13.3N(单指法向力(平板压缩))×2换算=26.6N(两指合力,非直接实测)"
柔性\E030\s6.png,柔性,柔性,非易碎,E030,mandarin,,1.0,26.6,"f_min:ExpForce本物实测(1.0N,两指合力) | f_max:文献实测13.3N(单指法向力(平板压缩))×2换算=26.6N(两指合力,非直接实测)"
柔性\E030\s7.png,柔性,柔性,非易碎,E030,mandarin,,1.0,26.6,"f_min:ExpForce本物实测(1.0N,两指合力) | f_max:文献实测13.3N(单指法向力(平板压缩))×2换算=26.6N(两指合力,非直接实测)"
柔性\E030\s8.png,柔性,柔性,非易碎,E030,mandarin,,1.0,26.6,"f_min:ExpForce本物实测(1.0N,两指合力) | f_max:文献实测13.3N(单指法向力(平板压缩))×2换算=26.6N(两指合力,非直接实测)"
柔性\E030\s9.png,柔性,柔性,非易碎,E030,mandarin,,1.0,26.6,"f_min:ExpForce本物实测(1.0N,两指合力) | f_max:文献实测13.3N(单指法向力(平板压缩))×2换算=26.6N(两指合力,非直接实测)"
柔性\E031\Lime_2.png,柔性,柔性,非易碎,E031,lime,,1.0,,"f_min:ExpForce本物实测(1.0N,两指合力) | f_max:无实测"
柔性\E031\s1.png,柔性,柔性,非易碎,E031,lime,,1.0,,"f_min:ExpForce本物实测(1.0N,两指合力) | f_max:无实测"
柔性\E031\s10.png,柔性,柔性,非易碎,E031,lime,,1.0,,"f_min:ExpForce本物实测(1.0N,两指合力) | f_max:无实测"
柔性\E031\s11.png,柔性,柔性,非易碎,E031,lime,,1.0,,"f_min:ExpForce本物实测(1.0N,两指合力) | f_max:无实测"
柔性\E031\s12.png,柔性,柔性,非易碎,E031,lime,,1.0,,"f_min:ExpForce本物实测(1.0N,两指合力) | f_max:无实测"
柔性\E031\s13.png,柔性,柔性,非易碎,E031,lime,,1.0,,"f_min:ExpForce本物实测(1.0N,两指合力) | f_max:无实测"
柔性\E031\s14.png,柔性,柔性,非易碎,E031,lime,,1.0,,"f_min:ExpForce本物实测(1.0N,两指合力) | f_max:无实测"
柔性\E031\s2.png,柔性,柔性,非易碎,E031,lime,,1.0,,"f_min:ExpForce本物实测(1.0N,两指合力) | f_max:无实测"
柔性\E031\s3.png,柔性,柔性,非易碎,E031,lime,,1.0,,"f_min:ExpForce本物实测(1.0N,两指合力) | f_max:无实测"
柔性\E031\s4.png,柔性,柔性,非易碎,E031,lime,,1.0,,"f_min:ExpForce本物实测(1.0N,两指合力) | f_max:无实测"
柔性\E031\s5.png,柔性,柔性,非易碎,E031,lime,,1.0,,"f_min:ExpForce本物实测(1.0N,两指合力) | f_max:无实测"
柔性\E031\s6.png,柔性,柔性,非易碎,E031,lime,,1.0,,"f_min:ExpForce本物实测(1.0N,两指合力) | f_max:无实测"
柔性\E031\s7.png,柔性,柔性,非易碎,E031,lime,,1.0,,"f_min:ExpForce本物实测(1.0N,两指合力) | f_max:无实测"
柔性\E031\s8.png,柔性,柔性,非易碎,E031,lime,,1.0,,"f_min:ExpForce本物实测(1.0N,两指合力) | f_max:无实测"
柔性\E031\s9.png,柔性,柔性,非易碎,E031,lime,,1.0,,"f_min:ExpForce本物实测(1.0N,两指合力) | f_max:无实测"
柔性\E032\Red_grape_1.png,柔性,柔性,非易碎,E032,grape,,0.5,8,"f_min:ExpForce本物实测(0.5N,两指合力) | f_max:文献实测4.0N(单指法向力(平板压缩))×2换算=8N(两指合力,非直接实测)"
柔性\E032\s1.png,柔性,柔性,非易碎,E032,grape,,0.5,8,"f_min:ExpForce本物实测(0.5N,两指合力) | f_max:文献实测4.0N(单指法向力(平板压缩))×2换算=8N(两指合力,非直接实测)"
柔性\E032\s10.png,柔性,柔性,非易碎,E032,grape,,0.5,8,"f_min:ExpForce本物实测(0.5N,两指合力) | f_max:文献实测4.0N(单指法向力(平板压缩))×2换算=8N(两指合力,非直接实测)"
柔性\E032\s11.png,柔性,柔性,非易碎,E032,grape,,0.5,8,"f_min:ExpForce本物实测(0.5N,两指合力) | f_max:文献实测4.0N(单指法向力(平板压缩))×2换算=8N(两指合力,非直接实测)"
柔性\E032\s12.png,柔性,柔性,非易碎,E032,grape,,0.5,8,"f_min:ExpForce本物实测(0.5N,两指合力) | f_max:文献实测4.0N(单指法向力(平板压缩))×2换算=8N(两指合力,非直接实测)"
柔性\E032\s13.png,柔性,柔性,非易碎,E032,grape,,0.5,8,"f_min:ExpForce本物实测(0.5N,两指合力) | f_max:文献实测4.0N(单指法向力(平板压缩))×2换算=8N(两指合力,非直接实测)"
柔性\E032\s14.png,柔性,柔性,非易碎,E032,grape,,0.5,8,"f_min:ExpForce本物实测(0.5N,两指合力) | f_max:文献实测4.0N(单指法向力(平板压缩))×2换算=8N(两指合力,非直接实测)"
柔性\E032\s2.png,柔性,柔性,非易碎,E032,grape,,0.5,8,"f_min:ExpForce本物实测(0.5N,两指合力) | f_max:文献实测4.0N(单指法向力(平板压缩))×2换算=8N(两指合力,非直接实测)"
柔性\E032\s3.png,柔性,柔性,非易碎,E032,grape,,0.5,8,"f_min:ExpForce本物实测(0.5N,两指合力) | f_max:文献实测4.0N(单指法向力(平板压缩))×2换算=8N(两指合力,非直接实测)"
柔性\E032\s4.png,柔性,柔性,非易碎,E032,grape,,0.5,8,"f_min:ExpForce本物实测(0.5N,两指合力) | f_max:文献实测4.0N(单指法向力(平板压缩))×2换算=8N(两指合力,非直接实测)"
柔性\E032\s5.png,柔性,柔性,非易碎,E032,grape,,0.5,8,"f_min:ExpForce本物实测(0.5N,两指合力) | f_max:文献实测4.0N(单指法向力(平板压缩))×2换算=8N(两指合力,非直接实测)"
柔性\E032\s6.png,柔性,柔性,非易碎,E032,grape,,0.5,8,"f_min:ExpForce本物实测(0.5N,两指合力) | f_max:文献实测4.0N(单指法向力(平板压缩))×2换算=8N(两指合力,非直接实测)"
柔性\E032\s7.png,柔性,柔性,非易碎,E032,grape,,0.5,8,"f_min:ExpForce本物实测(0.5N,两指合力) | f_max:文献实测4.0N(单指法向力(平板压缩))×2换算=8N(两指合力,非直接实测)"
柔性\E032\s8.png,柔性,柔性,非易碎,E032,grape,,0.5,8,"f_min:ExpForce本物实测(0.5N,两指合力) | f_max:文献实测4.0N(单指法向力(平板压缩))×2换算=8N(两指合力,非直接实测)"
柔性\E032\s9.png,柔性,柔性,非易碎,E032,grape,,0.5,8,"f_min:ExpForce本物实测(0.5N,两指合力) | f_max:文献实测4.0N(单指法向力(平板压缩))×2换算=8N(两指合力,非直接实测)"
柔性\E033\Red_grape_2.png,柔性,柔性,非易碎,E033,grape,,0.5,8,"f_min:ExpForce本物实测(0.5N,两指合力) | f_max:文献实测4.0N(单指法向力(平板压缩))×2换算=8N(两指合力,非直接实测)"
柔性\E033\s1.png,柔性,柔性,非易碎,E033,grape,,0.5,8,"f_min:ExpForce本物实测(0.5N,两指合力) | f_max:文献实测4.0N(单指法向力(平板压缩))×2换算=8N(两指合力,非直接实测)"
柔性\E033\s10.png,柔性,柔性,非易碎,E033,grape,,0.5,8,"f_min:ExpForce本物实测(0.5N,两指合力) | f_max:文献实测4.0N(单指法向力(平板压缩))×2换算=8N(两指合力,非直接实测)"
柔性\E033\s11.png,柔性,柔性,非易碎,E033,grape,,0.5,8,"f_min:ExpForce本物实测(0.5N,两指合力) | f_max:文献实测4.0N(单指法向力(平板压缩))×2换算=8N(两指合力,非直接实测)"
柔性\E033\s12.png,柔性,柔性,非易碎,E033,grape,,0.5,8,"f_min:ExpForce本物实测(0.5N,两指合力) | f_max:文献实测4.0N(单指法向力(平板压缩))×2换算=8N(两指合力,非直接实测)"
柔性\E033\s13.png,柔性,柔性,非易碎,E033,grape,,0.5,8,"f_min:ExpForce本物实测(0.5N,两指合力) | f_max:文献实测4.0N(单指法向力(平板压缩))×2换算=8N(两指合力,非直接实测)"
柔性\E033\s14.png,柔性,柔性,非易碎,E033,grape,,0.5,8,"f_min:ExpForce本物实测(0.5N,两指合力) | f_max:文献实测4.0N(单指法向力(平板压缩))×2换算=8N(两指合力,非直接实测)"
柔性\E033\s2.png,柔性,柔性,非易碎,E033,grape,,0.5,8,"f_min:ExpForce本物实测(0.5N,两指合力) | f_max:文献实测4.0N(单指法向力(平板压缩))×2换算=8N(两指合力,非直接实测)"
柔性\E033\s3.png,柔性,柔性,非易碎,E033,grape,,0.5,8,"f_min:ExpForce本物实测(0.5N,两指合力) | f_max:文献实测4.0N(单指法向力(平板压缩))×2换算=8N(两指合力,非直接实测)"
柔性\E033\s4.png,柔性,柔性,非易碎,E033,grape,,0.5,8,"f_min:ExpForce本物实测(0.5N,两指合力) | f_max:文献实测4.0N(单指法向力(平板压缩))×2换算=8N(两指合力,非直接实测)"
柔性\E033\s5.png,柔性,柔性,非易碎,E033,grape,,0.5,8,"f_min:ExpForce本物实测(0.5N,两指合力) | f_max:文献实测4.0N(单指法向力(平板压缩))×2换算=8N(两指合力,非直接实测)"
柔性\E033\s6.png,柔性,柔性,非易碎,E033,grape,,0.5,8,"f_min:ExpForce本物实测(0.5N,两指合力) | f_max:文献实测4.0N(单指法向力(平板压缩))×2换算=8N(两指合力,非直接实测)"
柔性\E033\s7.png,柔性,柔性,非易碎,E033,grape,,0.5,8,"f_min:ExpForce本物实测(0.5N,两指合力) | f_max:文献实测4.0N(单指法向力(平板压缩))×2换算=8N(两指合力,非直接实测)"
柔性\E033\s8.png,柔性,柔性,非易碎,E033,grape,,0.5,8,"f_min:ExpForce本物实测(0.5N,两指合力) | f_max:文献实测4.0N(单指法向力(平板压缩))×2换算=8N(两指合力,非直接实测)"
柔性\E033\s9.png,柔性,柔性,非易碎,E033,grape,,0.5,8,"f_min:ExpForce本物实测(0.5N,两指合力) | f_max:文献实测4.0N(单指法向力(平板压缩))×2换算=8N(两指合力,非直接实测)"
柔性\E034\Blue_drinking_straw.png,柔性,柔性,非易碎,E034,blue_drinking_straw,,0.25,,"f_min:ExpForce本物实测(0.25N,两指合力) | f_max:无实测"
柔性\E035\Yellow_drinking_straw.png,柔性,柔性,非易碎,E035,yellow_drinking_straw,,0.25,,"f_min:ExpForce本物实测(0.25N,两指合力) | f_max:无实测"
柔性\E036\Blackberry_2.png,柔性,柔性,非易碎,E036,blackberry,,0.25,16,"f_min:ExpForce本物实测(0.25N,两指合力) | f_max:文献实测8.0N(单指法向力(平板压缩))×2换算=16N(两指合力,非直接实测)"
柔性\E036\s1.png,柔性,柔性,非易碎,E036,blackberry,,0.25,16,"f_min:ExpForce本物实测(0.25N,两指合力) | f_max:文献实测8.0N(单指法向力(平板压缩))×2换算=16N(两指合力,非直接实测)"
柔性\E036\s10.png,柔性,柔性,非易碎,E036,blackberry,,0.25,16,"f_min:ExpForce本物实测(0.25N,两指合力) | f_max:文献实测8.0N(单指法向力(平板压缩))×2换算=16N(两指合力,非直接实测)"
柔性\E036\s11.png,柔性,柔性,非易碎,E036,blackberry,,0.25,16,"f_min:ExpForce本物实测(0.25N,两指合力) | f_max:文献实测8.0N(单指法向力(平板压缩))×2换算=16N(两指合力,非直接实测)"
柔性\E036\s12.png,柔性,柔性,非易碎,E036,blackberry,,0.25,16,"f_min:ExpForce本物实测(0.25N,两指合力) | f_max:文献实测8.0N(单指法向力(平板压缩))×2换算=16N(两指合力,非直接实测)"
柔性\E036\s13.png,柔性,柔性,非易碎,E036,blackberry,,0.25,16,"f_min:ExpForce本物实测(0.25N,两指合力) | f_max:文献实测8.0N(单指法向力(平板压缩))×2换算=16N(两指合力,非直接实测)"
柔性\E036\s14.png,柔性,柔性,非易碎,E036,blackberry,,0.25,16,"f_min:ExpForce本物实测(0.25N,两指合力) | f_max:文献实测8.0N(单指法向力(平板压缩))×2换算=16N(两指合力,非直接实测)"
柔性\E036\s2.png,柔性,柔性,非易碎,E036,blackberry,,0.25,16,"f_min:ExpForce本物实测(0.25N,两指合力) | f_max:文献实测8.0N(单指法向力(平板压缩))×2换算=16N(两指合力,非直接实测)"
柔性\E036\s3.png,柔性,柔性,非易碎,E036,blackberry,,0.25,16,"f_min:ExpForce本物实测(0.25N,两指合力) | f_max:文献实测8.0N(单指法向力(平板压缩))×2换算=16N(两指合力,非直接实测)"
柔性\E036\s4.png,柔性,柔性,非易碎,E036,blackberry,,0.25,16,"f_min:ExpForce本物实测(0.25N,两指合力) | f_max:文献实测8.0N(单指法向力(平板压缩))×2换算=16N(两指合力,非直接实测)"
柔性\E036\s5.png,柔性,柔性,非易碎,E036,blackberry,,0.25,16,"f_min:ExpForce本物实测(0.25N,两指合力) | f_max:文献实测8.0N(单指法向力(平板压缩))×2换算=16N(两指合力,非直接实测)"
柔性\E036\s6.png,柔性,柔性,非易碎,E036,blackberry,,0.25,16,"f_min:ExpForce本物实测(0.25N,两指合力) | f_max:文献实测8.0N(单指法向力(平板压缩))×2换算=16N(两指合力,非直接实测)"
柔性\E036\s7.png,柔性,柔性,非易碎,E036,blackberry,,0.25,16,"f_min:ExpForce本物实测(0.25N,两指合力) | f_max:文献实测8.0N(单指法向力(平板压缩))×2换算=16N(两指合力,非直接实测)"
柔性\E036\s8.png,柔性,柔性,非易碎,E036,blackberry,,0.25,16,"f_min:ExpForce本物实测(0.25N,两指合力) | f_max:文献实测8.0N(单指法向力(平板压缩))×2换算=16N(两指合力,非直接实测)"
柔性\E036\s9.png,柔性,柔性,非易碎,E036,blackberry,,0.25,16,"f_min:ExpForce本物实测(0.25N,两指合力) | f_max:文献实测8.0N(单指法向力(平板压缩))×2换算=16N(两指合力,非直接实测)"
柔性\E039\Oreo_Thin_cookie_pack.png,柔性,柔性,非易碎,E039,oreo_thin_cookie_pack,,0.25,,"f_min:ExpForce本物实测(0.25N,两指合力) | f_max:无实测"
柔性\E039\s1.png,柔性,柔性,非易碎,E039,oreo_thin_cookie_pack,,0.25,,"f_min:ExpForce本物实测(0.25N,两指合力) | f_max:无实测"
柔性\E039\s10.png,柔性,柔性,非易碎,E039,oreo_thin_cookie_pack,,0.25,,"f_min:ExpForce本物实测(0.25N,两指合力) | f_max:无实测"
柔性\E039\s11.png,柔性,柔性,非易碎,E039,oreo_thin_cookie_pack,,0.25,,"f_min:ExpForce本物实测(0.25N,两指合力) | f_max:无实测"
柔性\E039\s12.png,柔性,柔性,非易碎,E039,oreo_thin_cookie_pack,,0.25,,"f_min:ExpForce本物实测(0.25N,两指合力) | f_max:无实测"
柔性\E039\s13.png,柔性,柔性,非易碎,E039,oreo_thin_cookie_pack,,0.25,,"f_min:ExpForce本物实测(0.25N,两指合力) | f_max:无实测"
柔性\E039\s14.png,柔性,柔性,非易碎,E039,oreo_thin_cookie_pack,,0.25,,"f_min:ExpForce本物实测(0.25N,两指合力) | f_max:无实测"
柔性\E039\s2.png,柔性,柔性,非易碎,E039,oreo_thin_cookie_pack,,0.25,,"f_min:ExpForce本物实测(0.25N,两指合力) | f_max:无实测"
柔性\E039\s3.png,柔性,柔性,非易碎,E039,oreo_thin_cookie_pack,,0.25,,"f_min:ExpForce本物实测(0.25N,两指合力) | f_max:无实测"
柔性\E039\s4.png,柔性,柔性,非易碎,E039,oreo_thin_cookie_pack,,0.25,,"f_min:ExpForce本物实测(0.25N,两指合力) | f_max:无实测"
柔性\E039\s5.png,柔性,柔性,非易碎,E039,oreo_thin_cookie_pack,,0.25,,"f_min:ExpForce本物实测(0.25N,两指合力) | f_max:无实测"
柔性\E039\s6.png,柔性,柔性,非易碎,E039,oreo_thin_cookie_pack,,0.25,,"f_min:ExpForce本物实测(0.25N,两指合力) | f_max:无实测"
柔性\E039\s7.png,柔性,柔性,非易碎,E039,oreo_thin_cookie_pack,,0.25,,"f_min:ExpForce本物实测(0.25N,两指合力) | f_max:无实测"
柔性\E039\s8.png,柔性,柔性,非易碎,E039,oreo_thin_cookie_pack,,0.25,,"f_min:ExpForce本物实测(0.25N,两指合力) | f_max:无实测"
柔性\E039\s9.png,柔性,柔性,非易碎,E039,oreo_thin_cookie_pack,,0.25,,"f_min:ExpForce本物实测(0.25N,两指合力) | f_max:无实测"
柔性\E048\Marshmallow_2_regular.png,柔性,柔性,非易碎,E048,marshmallow,,0.25,,"f_min:ExpForce本物实测(0.25N,两指合力) | f_max:无实测"
柔性\E048\s1.png,柔性,柔性,非易碎,E048,marshmallow,,0.25,,"f_min:ExpForce本物实测(0.25N,两指合力) | f_max:无实测"
柔性\E048\s10.png,柔性,柔性,非易碎,E048,marshmallow,,0.25,,"f_min:ExpForce本物实测(0.25N,两指合力) | f_max:无实测"
柔性\E048\s11.png,柔性,柔性,非易碎,E048,marshmallow,,0.25,,"f_min:ExpForce本物实测(0.25N,两指合力) | f_max:无实测"
柔性\E048\s12.png,柔性,柔性,非易碎,E048,marshmallow,,0.25,,"f_min:ExpForce本物实测(0.25N,两指合力) | f_max:无实测"
柔性\E048\s13.png,柔性,柔性,非易碎,E048,marshmallow,,0.25,,"f_min:ExpForce本物实测(0.25N,两指合力) | f_max:无实测"
柔性\E048\s14.png,柔性,柔性,非易碎,E048,marshmallow,,0.25,,"f_min:ExpForce本物实测(0.25N,两指合力) | f_max:无实测"
柔性\E048\s2.png,柔性,柔性,非易碎,E048,marshmallow,,0.25,,"f_min:ExpForce本物实测(0.25N,两指合力) | f_max:无实测"
柔性\E048\s3.png,柔性,柔性,非易碎,E048,marshmallow,,0.25,,"f_min:ExpForce本物实测(0.25N,两指合力) | f_max:无实测"
柔性\E048\s4.png,柔性,柔性,非易碎,E048,marshmallow,,0.25,,"f_min:ExpForce本物实测(0.25N,两指合力) | f_max:无实测"
柔性\E048\s5.png,柔性,柔性,非易碎,E048,marshmallow,,0.25,,"f_min:ExpForce本物实测(0.25N,两指合力) | f_max:无实测"
柔性\E048\s6.png,柔性,柔性,非易碎,E048,marshmallow,,0.25,,"f_min:ExpForce本物实测(0.25N,两指合力) | f_max:无实测"
柔性\E048\s7.png,柔性,柔性,非易碎,E048,marshmallow,,0.25,,"f_min:ExpForce本物实测(0.25N,两指合力) | f_max:无实测"
柔性\E048\s8.png,柔性,柔性,非易碎,E048,marshmallow,,0.25,,"f_min:ExpForce本物实测(0.25N,两指合力) | f_max:无实测"
柔性\E048\s9.png,柔性,柔性,非易碎,E048,marshmallow,,0.25,,"f_min:ExpForce本物实测(0.25N,两指合力) | f_max:无实测"
柔性\E049\Marshmallow_3_regular.png,柔性,柔性,非易碎,E049,marshmallow,,0.25,,"f_min:ExpForce本物实测(0.25N,两指合力) | f_max:无实测"
柔性\E056\Banana.png,柔性,柔性,非易碎,E056,banana,,1.0,388,"f_min:ExpForce本物实测(1.0N,两指合力) | f_max:文献实测194.0N(单指法向力(平板压缩))×2换算=388N(两指合力,非直接实测)"
柔性\E056\s1.png,柔性,柔性,非易碎,E056,banana,,1.0,388,"f_min:ExpForce本物实测(1.0N,两指合力) | f_max:文献实测194.0N(单指法向力(平板压缩))×2换算=388N(两指合力,非直接实测)"
柔性\E056\s10.png,柔性,柔性,非易碎,E056,banana,,1.0,388,"f_min:ExpForce本物实测(1.0N,两指合力) | f_max:文献实测194.0N(单指法向力(平板压缩))×2换算=388N(两指合力,非直接实测)"
柔性\E056\s11.png,柔性,柔性,非易碎,E056,banana,,1.0,388,"f_min:ExpForce本物实测(1.0N,两指合力) | f_max:文献实测194.0N(单指法向力(平板压缩))×2换算=388N(两指合力,非直接实测)"
柔性\E056\s12.png,柔性,柔性,非易碎,E056,banana,,1.0,388,"f_min:ExpForce本物实测(1.0N,两指合力) | f_max:文献实测194.0N(单指法向力(平板压缩))×2换算=388N(两指合力,非直接实测)"
柔性\E056\s13.png,柔性,柔性,非易碎,E056,banana,,1.0,388,"f_min:ExpForce本物实测(1.0N,两指合力) | f_max:文献实测194.0N(单指法向力(平板压缩))×2换算=388N(两指合力,非直接实测)"
柔性\E056\s14.png,柔性,柔性,非易碎,E056,banana,,1.0,388,"f_min:ExpForce本物实测(1.0N,两指合力) | f_max:文献实测194.0N(单指法向力(平板压缩))×2换算=388N(两指合力,非直接实测)"
柔性\E056\s2.png,柔性,柔性,非易碎,E056,banana,,1.0,388,"f_min:ExpForce本物实测(1.0N,两指合力) | f_max:文献实测194.0N(单指法向力(平板压缩))×2换算=388N(两指合力,非直接实测)"
柔性\E056\s3.png,柔性,柔性,非易碎,E056,banana,,1.0,388,"f_min:ExpForce本物实测(1.0N,两指合力) | f_max:文献实测194.0N(单指法向力(平板压缩))×2换算=388N(两指合力,非直接实测)"
柔性\E056\s4.png,柔性,柔性,非易碎,E056,banana,,1.0,388,"f_min:ExpForce本物实测(1.0N,两指合力) | f_max:文献实测194.0N(单指法向力(平板压缩))×2换算=388N(两指合力,非直接实测)"
柔性\E056\s5.png,柔性,柔性,非易碎,E056,banana,,1.0,388,"f_min:ExpForce本物实测(1.0N,两指合力) | f_max:文献实测194.0N(单指法向力(平板压缩))×2换算=388N(两指合力,非直接实测)"
柔性\E056\s6.png,柔性,柔性,非易碎,E056,banana,,1.0,388,"f_min:ExpForce本物实测(1.0N,两指合力) | f_max:文献实测194.0N(单指法向力(平板压缩))×2换算=388N(两指合力,非直接实测)"
柔性\E056\s7.png,柔性,柔性,非易碎,E056,banana,,1.0,388,"f_min:ExpForce本物实测(1.0N,两指合力) | f_max:文献实测194.0N(单指法向力(平板压缩))×2换算=388N(两指合力,非直接实测)"
柔性\E056\s8.png,柔性,柔性,非易碎,E056,banana,,1.0,388,"f_min:ExpForce本物实测(1.0N,两指合力) | f_max:文献实测194.0N(单指法向力(平板压缩))×2换算=388N(两指合力,非直接实测)"
柔性\E056\s9.png,柔性,柔性,非易碎,E056,banana,,1.0,388,"f_min:ExpForce本物实测(1.0N,两指合力) | f_max:文献实测194.0N(单指法向力(平板压缩))×2换算=388N(两指合力,非直接实测)"
柔性\E064\Green_pear.png,柔性,柔性,非易碎,E064,green_pear,,1.5,84,"f_min:ExpForce本物实测(1.5N,两指合力) | f_max:文献实测42.0N(单指法向力(平板压缩))×2换算=84N(两指合力,非直接实测)"
柔性\E064\s1.png,柔性,柔性,非易碎,E064,green_pear,,1.5,84,"f_min:ExpForce本物实测(1.5N,两指合力) | f_max:文献实测42.0N(单指法向力(平板压缩))×2换算=84N(两指合力,非直接实测)"
柔性\E064\s10.png,柔性,柔性,非易碎,E064,green_pear,,1.5,84,"f_min:ExpForce本物实测(1.5N,两指合力) | f_max:文献实测42.0N(单指法向力(平板压缩))×2换算=84N(两指合力,非直接实测)"
柔性\E064\s11.png,柔性,柔性,非易碎,E064,green_pear,,1.5,84,"f_min:ExpForce本物实测(1.5N,两指合力) | f_max:文献实测42.0N(单指法向力(平板压缩))×2换算=84N(两指合力,非直接实测)"
柔性\E064\s12.png,柔性,柔性,非易碎,E064,green_pear,,1.5,84,"f_min:ExpForce本物实测(1.5N,两指合力) | f_max:文献实测42.0N(单指法向力(平板压缩))×2换算=84N(两指合力,非直接实测)"
柔性\E064\s13.png,柔性,柔性,非易碎,E064,green_pear,,1.5,84,"f_min:ExpForce本物实测(1.5N,两指合力) | f_max:文献实测42.0N(单指法向力(平板压缩))×2换算=84N(两指合力,非直接实测)"
柔性\E064\s14.png,柔性,柔性,非易碎,E064,green_pear,,1.5,84,"f_min:ExpForce本物实测(1.5N,两指合力) | f_max:文献实测42.0N(单指法向力(平板压缩))×2换算=84N(两指合力,非直接实测)"
柔性\E064\s2.png,柔性,柔性,非易碎,E064,green_pear,,1.5,84,"f_min:ExpForce本物实测(1.5N,两指合力) | f_max:文献实测42.0N(单指法向力(平板压缩))×2换算=84N(两指合力,非直接实测)"
柔性\E064\s3.png,柔性,柔性,非易碎,E064,green_pear,,1.5,84,"f_min:ExpForce本物实测(1.5N,两指合力) | f_max:文献实测42.0N(单指法向力(平板压缩))×2换算=84N(两指合力,非直接实测)"
柔性\E064\s4.png,柔性,柔性,非易碎,E064,green_pear,,1.5,84,"f_min:ExpForce本物实测(1.5N,两指合力) | f_max:文献实测42.0N(单指法向力(平板压缩))×2换算=84N(两指合力,非直接实测)"
柔性\E064\s5.png,柔性,柔性,非易碎,E064,green_pear,,1.5,84,"f_min:ExpForce本物实测(1.5N,两指合力) | f_max:文献实测42.0N(单指法向力(平板压缩))×2换算=84N(两指合力,非直接实测)"
柔性\E064\s6.png,柔性,柔性,非易碎,E064,green_pear,,1.5,84,"f_min:ExpForce本物实测(1.5N,两指合力) | f_max:文献实测42.0N(单指法向力(平板压缩))×2换算=84N(两指合力,非直接实测)"
柔性\E064\s7.png,柔性,柔性,非易碎,E064,green_pear,,1.5,84,"f_min:ExpForce本物实测(1.5N,两指合力) | f_max:文献实测42.0N(单指法向力(平板压缩))×2换算=84N(两指合力,非直接实测)"
柔性\E064\s8.png,柔性,柔性,非易碎,E064,green_pear,,1.5,84,"f_min:ExpForce本物实测(1.5N,两指合力) | f_max:文献实测42.0N(单指法向力(平板压缩))×2换算=84N(两指合力,非直接实测)"
柔性\E064\s9.png,柔性,柔性,非易碎,E064,green_pear,,1.5,84,"f_min:ExpForce本物实测(1.5N,两指合力) | f_max:文献实测42.0N(单指法向力(平板压缩))×2换算=84N(两指合力,非直接实测)"
柔性\E065\Large_lemon.png,柔性,柔性,非易碎,E065,lemon,,0.75,101.14,"f_min:ExpForce本物实测(0.75N,两指合力) | f_max:文献实测50.57N(单指法向力(平板压缩))×2换算=101.14N(两指合力,非直接实测)"
柔性\E065\s1.png,柔性,柔性,非易碎,E065,lemon,,0.75,101.14,"f_min:ExpForce本物实测(0.75N,两指合力) | f_max:文献实测50.57N(单指法向力(平板压缩))×2换算=101.14N(两指合力,非直接实测)"
柔性\E065\s10.png,柔性,柔性,非易碎,E065,lemon,,0.75,101.14,"f_min:ExpForce本物实测(0.75N,两指合力) | f_max:文献实测50.57N(单指法向力(平板压缩))×2换算=101.14N(两指合力,非直接实测)"
柔性\E065\s11.png,柔性,柔性,非易碎,E065,lemon,,0.75,101.14,"f_min:ExpForce本物实测(0.75N,两指合力) | f_max:文献实测50.57N(单指法向力(平板压缩))×2换算=101.14N(两指合力,非直接实测)"
柔性\E065\s12.png,柔性,柔性,非易碎,E065,lemon,,0.75,101.14,"f_min:ExpForce本物实测(0.75N,两指合力) | f_max:文献实测50.57N(单指法向力(平板压缩))×2换算=101.14N(两指合力,非直接实测)"
柔性\E065\s13.png,柔性,柔性,非易碎,E065,lemon,,0.75,101.14,"f_min:ExpForce本物实测(0.75N,两指合力) | f_max:文献实测50.57N(单指法向力(平板压缩))×2换算=101.14N(两指合力,非直接实测)"
柔性\E065\s14.png,柔性,柔性,非易碎,E065,lemon,,0.75,101.14,"f_min:ExpForce本物实测(0.75N,两指合力) | f_max:文献实测50.57N(单指法向力(平板压缩))×2换算=101.14N(两指合力,非直接实测)"
柔性\E065\s2.png,柔性,柔性,非易碎,E065,lemon,,0.75,101.14,"f_min:ExpForce本物实测(0.75N,两指合力) | f_max:文献实测50.57N(单指法向力(平板压缩))×2换算=101.14N(两指合力,非直接实测)"
柔性\E065\s3.png,柔性,柔性,非易碎,E065,lemon,,0.75,101.14,"f_min:ExpForce本物实测(0.75N,两指合力) | f_max:文献实测50.57N(单指法向力(平板压缩))×2换算=101.14N(两指合力,非直接实测)"
柔性\E065\s4.png,柔性,柔性,非易碎,E065,lemon,,0.75,101.14,"f_min:ExpForce本物实测(0.75N,两指合力) | f_max:文献实测50.57N(单指法向力(平板压缩))×2换算=101.14N(两指合力,非直接实测)"
柔性\E065\s5.png,柔性,柔性,非易碎,E065,lemon,,0.75,101.14,"f_min:ExpForce本物实测(0.75N,两指合力) | f_max:文献实测50.57N(单指法向力(平板压缩))×2换算=101.14N(两指合力,非直接实测)"
柔性\E065\s6.png,柔性,柔性,非易碎,E065,lemon,,0.75,101.14,"f_min:ExpForce本物实测(0.75N,两指合力) | f_max:文献实测50.57N(单指法向力(平板压缩))×2换算=101.14N(两指合力,非直接实测)"
柔性\E065\s7.png,柔性,柔性,非易碎,E065,lemon,,0.75,101.14,"f_min:ExpForce本物实测(0.75N,两指合力) | f_max:文献实测50.57N(单指法向力(平板压缩))×2换算=101.14N(两指合力,非直接实测)"
柔性\E065\s8.png,柔性,柔性,非易碎,E065,lemon,,0.75,101.14,"f_min:ExpForce本物实测(0.75N,两指合力) | f_max:文献实测50.57N(单指法向力(平板压缩))×2换算=101.14N(两指合力,非直接实测)"
柔性\E065\s9.png,柔性,柔性,非易碎,E065,lemon,,0.75,101.14,"f_min:ExpForce本物实测(0.75N,两指合力) | f_max:文献实测50.57N(单指法向力(平板压缩))×2换算=101.14N(两指合力,非直接实测)"
柔性\E066\Golden_apple.png,柔性,柔性,非易碎,E066,apple,,1.5,80,"f_min:ExpForce本物实测(1.5N,两指合力) | f_max:文献实测40.0N(单指法向力(平板压缩))×2换算=80N(两指合力,非直接实测)"
柔性\E066\s1.png,柔性,柔性,非易碎,E066,apple,,1.5,80,"f_min:ExpForce本物实测(1.5N,两指合力) | f_max:文献实测40.0N(单指法向力(平板压缩))×2换算=80N(两指合力,非直接实测)"
柔性\E066\s10.png,柔性,柔性,非易碎,E066,apple,,1.5,80,"f_min:ExpForce本物实测(1.5N,两指合力) | f_max:文献实测40.0N(单指法向力(平板压缩))×2换算=80N(两指合力,非直接实测)"
柔性\E066\s11.png,柔性,柔性,非易碎,E066,apple,,1.5,80,"f_min:ExpForce本物实测(1.5N,两指合力) | f_max:文献实测40.0N(单指法向力(平板压缩))×2换算=80N(两指合力,非直接实测)"
柔性\E066\s12.png,柔性,柔性,非易碎,E066,apple,,1.5,80,"f_min:ExpForce本物实测(1.5N,两指合力) | f_max:文献实测40.0N(单指法向力(平板压缩))×2换算=80N(两指合力,非直接实测)"
柔性\E066\s13.png,柔性,柔性,非易碎,E066,apple,,1.5,80,"f_min:ExpForce本物实测(1.5N,两指合力) | f_max:文献实测40.0N(单指法向力(平板压缩))×2换算=80N(两指合力,非直接实测)"
柔性\E066\s14.png,柔性,柔性,非易碎,E066,apple,,1.5,80,"f_min:ExpForce本物实测(1.5N,两指合力) | f_max:文献实测40.0N(单指法向力(平板压缩))×2换算=80N(两指合力,非直接实测)"
柔性\E066\s2.png,柔性,柔性,非易碎,E066,apple,,1.5,80,"f_min:ExpForce本物实测(1.5N,两指合力) | f_max:文献实测40.0N(单指法向力(平板压缩))×2换算=80N(两指合力,非直接实测)"
柔性\E066\s3.png,柔性,柔性,非易碎,E066,apple,,1.5,80,"f_min:ExpForce本物实测(1.5N,两指合力) | f_max:文献实测40.0N(单指法向力(平板压缩))×2换算=80N(两指合力,非直接实测)"
柔性\E066\s4.png,柔性,柔性,非易碎,E066,apple,,1.5,80,"f_min:ExpForce本物实测(1.5N,两指合力) | f_max:文献实测40.0N(单指法向力(平板压缩))×2换算=80N(两指合力,非直接实测)"
柔性\E066\s5.png,柔性,柔性,非易碎,E066,apple,,1.5,80,"f_min:ExpForce本物实测(1.5N,两指合力) | f_max:文献实测40.0N(单指法向力(平板压缩))×2换算=80N(两指合力,非直接实测)"
柔性\E066\s6.png,柔性,柔性,非易碎,E066,apple,,1.5,80,"f_min:ExpForce本物实测(1.5N,两指合力) | f_max:文献实测40.0N(单指法向力(平板压缩))×2换算=80N(两指合力,非直接实测)"
柔性\E066\s7.png,柔性,柔性,非易碎,E066,apple,,1.5,80,"f_min:ExpForce本物实测(1.5N,两指合力) | f_max:文献实测40.0N(单指法向力(平板压缩))×2换算=80N(两指合力,非直接实测)"
柔性\E066\s8.png,柔性,柔性,非易碎,E066,apple,,1.5,80,"f_min:ExpForce本物实测(1.5N,两指合力) | f_max:文献实测40.0N(单指法向力(平板压缩))×2换算=80N(两指合力,非直接实测)"
柔性\E066\s9.png,柔性,柔性,非易碎,E066,apple,,1.5,80,"f_min:ExpForce本物实测(1.5N,两指合力) | f_max:文献实测40.0N(单指法向力(平板压缩))×2换算=80N(两指合力,非直接实测)"
柔性\E067\Red_apple_1.png,柔性,柔性,非易碎,E067,apple,,1.5,80,"f_min:ExpForce本物实测(1.5N,两指合力) | f_max:文献实测40.0N(单指法向力(平板压缩))×2换算=80N(两指合力,非直接实测)"
柔性\E067\s1.png,柔性,柔性,非易碎,E067,apple,,1.5,80,"f_min:ExpForce本物实测(1.5N,两指合力) | f_max:文献实测40.0N(单指法向力(平板压缩))×2换算=80N(两指合力,非直接实测)"
柔性\E067\s10.png,柔性,柔性,非易碎,E067,apple,,1.5,80,"f_min:ExpForce本物实测(1.5N,两指合力) | f_max:文献实测40.0N(单指法向力(平板压缩))×2换算=80N(两指合力,非直接实测)"
柔性\E067\s11.png,柔性,柔性,非易碎,E067,apple,,1.5,80,"f_min:ExpForce本物实测(1.5N,两指合力) | f_max:文献实测40.0N(单指法向力(平板压缩))×2换算=80N(两指合力,非直接实测)"
柔性\E067\s12.png,柔性,柔性,非易碎,E067,apple,,1.5,80,"f_min:ExpForce本物实测(1.5N,两指合力) | f_max:文献实测40.0N(单指法向力(平板压缩))×2换算=80N(两指合力,非直接实测)"
柔性\E067\s13.png,柔性,柔性,非易碎,E067,apple,,1.5,80,"f_min:ExpForce本物实测(1.5N,两指合力) | f_max:文献实测40.0N(单指法向力(平板压缩))×2换算=80N(两指合力,非直接实测)"
柔性\E067\s14.png,柔性,柔性,非易碎,E067,apple,,1.5,80,"f_min:ExpForce本物实测(1.5N,两指合力) | f_max:文献实测40.0N(单指法向力(平板压缩))×2换算=80N(两指合力,非直接实测)"
柔性\E067\s2.png,柔性,柔性,非易碎,E067,apple,,1.5,80,"f_min:ExpForce本物实测(1.5N,两指合力) | f_max:文献实测40.0N(单指法向力(平板压缩))×2换算=80N(两指合力,非直接实测)"
柔性\E067\s3.png,柔性,柔性,非易碎,E067,apple,,1.5,80,"f_min:ExpForce本物实测(1.5N,两指合力) | f_max:文献实测40.0N(单指法向力(平板压缩))×2换算=80N(两指合力,非直接实测)"
柔性\E067\s4.png,柔性,柔性,非易碎,E067,apple,,1.5,80,"f_min:ExpForce本物实测(1.5N,两指合力) | f_max:文献实测40.0N(单指法向力(平板压缩))×2换算=80N(两指合力,非直接实测)"
柔性\E067\s5.png,柔性,柔性,非易碎,E067,apple,,1.5,80,"f_min:ExpForce本物实测(1.5N,两指合力) | f_max:文献实测40.0N(单指法向力(平板压缩))×2换算=80N(两指合力,非直接实测)"
柔性\E067\s6.png,柔性,柔性,非易碎,E067,apple,,1.5,80,"f_min:ExpForce本物实测(1.5N,两指合力) | f_max:文献实测40.0N(单指法向力(平板压缩))×2换算=80N(两指合力,非直接实测)"
柔性\E067\s7.png,柔性,柔性,非易碎,E067,apple,,1.5,80,"f_min:ExpForce本物实测(1.5N,两指合力) | f_max:文献实测40.0N(单指法向力(平板压缩))×2换算=80N(两指合力,非直接实测)"
柔性\E067\s8.png,柔性,柔性,非易碎,E067,apple,,1.5,80,"f_min:ExpForce本物实测(1.5N,两指合力) | f_max:文献实测40.0N(单指法向力(平板压缩))×2换算=80N(两指合力,非直接实测)"
柔性\E067\s9.png,柔性,柔性,非易碎,E067,apple,,1.5,80,"f_min:ExpForce本物实测(1.5N,两指合力) | f_max:文献实测40.0N(单指法向力(平板压缩))×2换算=80N(两指合力,非直接实测)"
柔性\E068\Green_apple.png,柔性,柔性,非易碎,E068,apple,,1.5,80,"f_min:ExpForce本物实测(1.5N,两指合力) | f_max:文献实测40.0N(单指法向力(平板压缩))×2换算=80N(两指合力,非直接实测)"
柔性\E068\s1.png,柔性,柔性,非易碎,E068,apple,,1.5,80,"f_min:ExpForce本物实测(1.5N,两指合力) | f_max:文献实测40.0N(单指法向力(平板压缩))×2换算=80N(两指合力,非直接实测)"
柔性\E068\s10.png,柔性,柔性,非易碎,E068,apple,,1.5,80,"f_min:ExpForce本物实测(1.5N,两指合力) | f_max:文献实测40.0N(单指法向力(平板压缩))×2换算=80N(两指合力,非直接实测)"
柔性\E068\s11.png,柔性,柔性,非易碎,E068,apple,,1.5,80,"f_min:ExpForce本物实测(1.5N,两指合力) | f_max:文献实测40.0N(单指法向力(平板压缩))×2换算=80N(两指合力,非直接实测)"
柔性\E068\s12.png,柔性,柔性,非易碎,E068,apple,,1.5,80,"f_min:ExpForce本物实测(1.5N,两指合力) | f_max:文献实测40.0N(单指法向力(平板压缩))×2换算=80N(两指合力,非直接实测)"
柔性\E068\s13.png,柔性,柔性,非易碎,E068,apple,,1.5,80,"f_min:ExpForce本物实测(1.5N,两指合力) | f_max:文献实测40.0N(单指法向力(平板压缩))×2换算=80N(两指合力,非直接实测)"
柔性\E068\s14.png,柔性,柔性,非易碎,E068,apple,,1.5,80,"f_min:ExpForce本物实测(1.5N,两指合力) | f_max:文献实测40.0N(单指法向力(平板压缩))×2换算=80N(两指合力,非直接实测)"
柔性\E068\s2.png,柔性,柔性,非易碎,E068,apple,,1.5,80,"f_min:ExpForce本物实测(1.5N,两指合力) | f_max:文献实测40.0N(单指法向力(平板压缩))×2换算=80N(两指合力,非直接实测)"
柔性\E068\s3.png,柔性,柔性,非易碎,E068,apple,,1.5,80,"f_min:ExpForce本物实测(1.5N,两指合力) | f_max:文献实测40.0N(单指法向力(平板压缩))×2换算=80N(两指合力,非直接实测)"
柔性\E068\s4.png,柔性,柔性,非易碎,E068,apple,,1.5,80,"f_min:ExpForce本物实测(1.5N,两指合力) | f_max:文献实测40.0N(单指法向力(平板压缩))×2换算=80N(两指合力,非直接实测)"
柔性\E068\s5.png,柔性,柔性,非易碎,E068,apple,,1.5,80,"f_min:ExpForce本物实测(1.5N,两指合力) | f_max:文献实测40.0N(单指法向力(平板压缩))×2换算=80N(两指合力,非直接实测)"
柔性\E068\s6.png,柔性,柔性,非易碎,E068,apple,,1.5,80,"f_min:ExpForce本物实测(1.5N,两指合力) | f_max:文献实测40.0N(单指法向力(平板压缩))×2换算=80N(两指合力,非直接实测)"
柔性\E068\s7.png,柔性,柔性,非易碎,E068,apple,,1.5,80,"f_min:ExpForce本物实测(1.5N,两指合力) | f_max:文献实测40.0N(单指法向力(平板压缩))×2换算=80N(两指合力,非直接实测)"
柔性\E068\s8.png,柔性,柔性,非易碎,E068,apple,,1.5,80,"f_min:ExpForce本物实测(1.5N,两指合力) | f_max:文献实测40.0N(单指法向力(平板压缩))×2换算=80N(两指合力,非直接实测)"
柔性\E068\s9.png,柔性,柔性,非易碎,E068,apple,,1.5,80,"f_min:ExpForce本物实测(1.5N,两指合力) | f_max:文献实测40.0N(单指法向力(平板压缩))×2换算=80N(两指合力,非直接实测)"
柔性\E069\Red_apple_2_large.png,柔性,柔性,非易碎,E069,apple,,2.0,80,"f_min:ExpForce本物实测(2.0N,两指合力) | f_max:文献实测40.0N(单指法向力(平板压缩))×2换算=80N(两指合力,非直接实测)"
柔性\E070\Mini_bell_pepper_1.png,柔性,柔性,非易碎,E070,bell_pepper,,0.5,,"f_min:ExpForce本物实测(0.5N,两指合力) | f_max:无实测"
柔性\E071\Mini_bell_pepper_2.png,柔性,柔性,非易碎,E071,bell_pepper,,0.5,,"f_min:ExpForce本物实测(0.5N,两指合力) | f_max:无实测"
柔性\E072\Mini_bell_pepper_3.png,柔性,柔性,非易碎,E072,bell_pepper,,0.5,,"f_min:ExpForce本物实测(0.5N,两指合力) | f_max:无实测"
柔性\E073\Strawberry_2.png,柔性,柔性,非易碎,E073,strawberry,,0.5,0.6,"f_min:ExpForce本物实测(0.5N,两指合力) | f_max:文献实测(夹持损伤阈值,单指/合力未确认)(0.6N,夹持实测,单/总未确认保守按合力)"
柔性\E073\s1.png,柔性,柔性,非易碎,E073,strawberry,,0.5,0.6,"f_min:ExpForce本物实测(0.5N,两指合力) | f_max:文献实测(夹持损伤阈值,单指/合力未确认)(0.6N,夹持实测,单/总未确认保守按合力)"
柔性\E073\s10.png,柔性,柔性,非易碎,E073,strawberry,,0.5,0.6,"f_min:ExpForce本物实测(0.5N,两指合力) | f_max:文献实测(夹持损伤阈值,单指/合力未确认)(0.6N,夹持实测,单/总未确认保守按合力)"
柔性\E073\s11.png,柔性,柔性,非易碎,E073,strawberry,,0.5,0.6,"f_min:ExpForce本物实测(0.5N,两指合力) | f_max:文献实测(夹持损伤阈值,单指/合力未确认)(0.6N,夹持实测,单/总未确认保守按合力)"
柔性\E073\s12.png,柔性,柔性,非易碎,E073,strawberry,,0.5,0.6,"f_min:ExpForce本物实测(0.5N,两指合力) | f_max:文献实测(夹持损伤阈值,单指/合力未确认)(0.6N,夹持实测,单/总未确认保守按合力)"
柔性\E073\s13.png,柔性,柔性,非易碎,E073,strawberry,,0.5,0.6,"f_min:ExpForce本物实测(0.5N,两指合力) | f_max:文献实测(夹持损伤阈值,单指/合力未确认)(0.6N,夹持实测,单/总未确认保守按合力)"
柔性\E073\s14.png,柔性,柔性,非易碎,E073,strawberry,,0.5,0.6,"f_min:ExpForce本物实测(0.5N,两指合力) | f_max:文献实测(夹持损伤阈值,单指/合力未确认)(0.6N,夹持实测,单/总未确认保守按合力)"
柔性\E073\s2.png,柔性,柔性,非易碎,E073,strawberry,,0.5,0.6,"f_min:ExpForce本物实测(0.5N,两指合力) | f_max:文献实测(夹持损伤阈值,单指/合力未确认)(0.6N,夹持实测,单/总未确认保守按合力)"
柔性\E073\s3.png,柔性,柔性,非易碎,E073,strawberry,,0.5,0.6,"f_min:ExpForce本物实测(0.5N,两指合力) | f_max:文献实测(夹持损伤阈值,单指/合力未确认)(0.6N,夹持实测,单/总未确认保守按合力)"
柔性\E073\s4.png,柔性,柔性,非易碎,E073,strawberry,,0.5,0.6,"f_min:ExpForce本物实测(0.5N,两指合力) | f_max:文献实测(夹持损伤阈值,单指/合力未确认)(0.6N,夹持实测,单/总未确认保守按合力)"
柔性\E073\s5.png,柔性,柔性,非易碎,E073,strawberry,,0.5,0.6,"f_min:ExpForce本物实测(0.5N,两指合力) | f_max:文献实测(夹持损伤阈值,单指/合力未确认)(0.6N,夹持实测,单/总未确认保守按合力)"
柔性\E073\s6.png,柔性,柔性,非易碎,E073,strawberry,,0.5,0.6,"f_min:ExpForce本物实测(0.5N,两指合力) | f_max:文献实测(夹持损伤阈值,单指/合力未确认)(0.6N,夹持实测,单/总未确认保守按合力)"
柔性\E073\s7.png,柔性,柔性,非易碎,E073,strawberry,,0.5,0.6,"f_min:ExpForce本物实测(0.5N,两指合力) | f_max:文献实测(夹持损伤阈值,单指/合力未确认)(0.6N,夹持实测,单/总未确认保守按合力)"
柔性\E073\s8.png,柔性,柔性,非易碎,E073,strawberry,,0.5,0.6,"f_min:ExpForce本物实测(0.5N,两指合力) | f_max:文献实测(夹持损伤阈值,单指/合力未确认)(0.6N,夹持实测,单/总未确认保守按合力)"
柔性\E073\s9.png,柔性,柔性,非易碎,E073,strawberry,,0.5,0.6,"f_min:ExpForce本物实测(0.5N,两指合力) | f_max:文献实测(夹持损伤阈值,单指/合力未确认)(0.6N,夹持实测,单/总未确认保守按合力)"
柔性\E074\Strawberry_large.png,柔性,柔性,非易碎,E074,strawberry,,1.0,0.6,"f_min:ExpForce本物实测(1.0N,两指合力) | f_max:文献实测(夹持损伤阈值,单指/合力未确认)(0.6N,夹持实测,单/总未确认保守按合力)"
柔性\E074\s1.png,柔性,柔性,非易碎,E074,strawberry,,1.0,0.6,"f_min:ExpForce本物实测(1.0N,两指合力) | f_max:文献实测(夹持损伤阈值,单指/合力未确认)(0.6N,夹持实测,单/总未确认保守按合力)"
柔性\E074\s10.png,柔性,柔性,非易碎,E074,strawberry,,1.0,0.6,"f_min:ExpForce本物实测(1.0N,两指合力) | f_max:文献实测(夹持损伤阈值,单指/合力未确认)(0.6N,夹持实测,单/总未确认保守按合力)"
柔性\E074\s11.png,柔性,柔性,非易碎,E074,strawberry,,1.0,0.6,"f_min:ExpForce本物实测(1.0N,两指合力) | f_max:文献实测(夹持损伤阈值,单指/合力未确认)(0.6N,夹持实测,单/总未确认保守按合力)"
柔性\E074\s12.png,柔性,柔性,非易碎,E074,strawberry,,1.0,0.6,"f_min:ExpForce本物实测(1.0N,两指合力) | f_max:文献实测(夹持损伤阈值,单指/合力未确认)(0.6N,夹持实测,单/总未确认保守按合力)"
柔性\E074\s13.png,柔性,柔性,非易碎,E074,strawberry,,1.0,0.6,"f_min:ExpForce本物实测(1.0N,两指合力) | f_max:文献实测(夹持损伤阈值,单指/合力未确认)(0.6N,夹持实测,单/总未确认保守按合力)"
柔性\E074\s14.png,柔性,柔性,非易碎,E074,strawberry,,1.0,0.6,"f_min:ExpForce本物实测(1.0N,两指合力) | f_max:文献实测(夹持损伤阈值,单指/合力未确认)(0.6N,夹持实测,单/总未确认保守按合力)"
柔性\E074\s2.png,柔性,柔性,非易碎,E074,strawberry,,1.0,0.6,"f_min:ExpForce本物实测(1.0N,两指合力) | f_max:文献实测(夹持损伤阈值,单指/合力未确认)(0.6N,夹持实测,单/总未确认保守按合力)"
柔性\E074\s3.png,柔性,柔性,非易碎,E074,strawberry,,1.0,0.6,"f_min:ExpForce本物实测(1.0N,两指合力) | f_max:文献实测(夹持损伤阈值,单指/合力未确认)(0.6N,夹持实测,单/总未确认保守按合力)"
柔性\E074\s4.png,柔性,柔性,非易碎,E074,strawberry,,1.0,0.6,"f_min:ExpForce本物实测(1.0N,两指合力) | f_max:文献实测(夹持损伤阈值,单指/合力未确认)(0.6N,夹持实测,单/总未确认保守按合力)"
柔性\E074\s5.png,柔性,柔性,非易碎,E074,strawberry,,1.0,0.6,"f_min:ExpForce本物实测(1.0N,两指合力) | f_max:文献实测(夹持损伤阈值,单指/合力未确认)(0.6N,夹持实测,单/总未确认保守按合力)"
柔性\E074\s6.png,柔性,柔性,非易碎,E074,strawberry,,1.0,0.6,"f_min:ExpForce本物实测(1.0N,两指合力) | f_max:文献实测(夹持损伤阈值,单指/合力未确认)(0.6N,夹持实测,单/总未确认保守按合力)"
柔性\E074\s7.png,柔性,柔性,非易碎,E074,strawberry,,1.0,0.6,"f_min:ExpForce本物实测(1.0N,两指合力) | f_max:文献实测(夹持损伤阈值,单指/合力未确认)(0.6N,夹持实测,单/总未确认保守按合力)"
柔性\E074\s8.png,柔性,柔性,非易碎,E074,strawberry,,1.0,0.6,"f_min:ExpForce本物实测(1.0N,两指合力) | f_max:文献实测(夹持损伤阈值,单指/合力未确认)(0.6N,夹持实测,单/总未确认保守按合力)"
柔性\E074\s9.png,柔性,柔性,非易碎,E074,strawberry,,1.0,0.6,"f_min:ExpForce本物实测(1.0N,两指合力) | f_max:文献实测(夹持损伤阈值,单指/合力未确认)(0.6N,夹持实测,单/总未确认保守按合力)"
柔性\E075\Mandarins.png,柔性,柔性,非易碎,E075,mandarin,,1.0,26.6,"f_min:ExpForce本物实测(1.0N,两指合力) | f_max:文献实测13.3N(单指法向力(平板压缩))×2换算=26.6N(两指合力,非直接实测)"
柔性\E075\s1.png,柔性,柔性,非易碎,E075,mandarin,,1.0,26.6,"f_min:ExpForce本物实测(1.0N,两指合力) | f_max:文献实测13.3N(单指法向力(平板压缩))×2换算=26.6N(两指合力,非直接实测)"
柔性\E075\s10.png,柔性,柔性,非易碎,E075,mandarin,,1.0,26.6,"f_min:ExpForce本物实测(1.0N,两指合力) | f_max:文献实测13.3N(单指法向力(平板压缩))×2换算=26.6N(两指合力,非直接实测)"
柔性\E075\s11.png,柔性,柔性,非易碎,E075,mandarin,,1.0,26.6,"f_min:ExpForce本物实测(1.0N,两指合力) | f_max:文献实测13.3N(单指法向力(平板压缩))×2换算=26.6N(两指合力,非直接实测)"
柔性\E075\s12.png,柔性,柔性,非易碎,E075,mandarin,,1.0,26.6,"f_min:ExpForce本物实测(1.0N,两指合力) | f_max:文献实测13.3N(单指法向力(平板压缩))×2换算=26.6N(两指合力,非直接实测)"
柔性\E075\s13.png,柔性,柔性,非易碎,E075,mandarin,,1.0,26.6,"f_min:ExpForce本物实测(1.0N,两指合力) | f_max:文献实测13.3N(单指法向力(平板压缩))×2换算=26.6N(两指合力,非直接实测)"
柔性\E075\s14.png,柔性,柔性,非易碎,E075,mandarin,,1.0,26.6,"f_min:ExpForce本物实测(1.0N,两指合力) | f_max:文献实测13.3N(单指法向力(平板压缩))×2换算=26.6N(两指合力,非直接实测)"
柔性\E075\s2.png,柔性,柔性,非易碎,E075,mandarin,,1.0,26.6,"f_min:ExpForce本物实测(1.0N,两指合力) | f_max:文献实测13.3N(单指法向力(平板压缩))×2换算=26.6N(两指合力,非直接实测)"
柔性\E075\s3.png,柔性,柔性,非易碎,E075,mandarin,,1.0,26.6,"f_min:ExpForce本物实测(1.0N,两指合力) | f_max:文献实测13.3N(单指法向力(平板压缩))×2换算=26.6N(两指合力,非直接实测)"
柔性\E075\s4.png,柔性,柔性,非易碎,E075,mandarin,,1.0,26.6,"f_min:ExpForce本物实测(1.0N,两指合力) | f_max:文献实测13.3N(单指法向力(平板压缩))×2换算=26.6N(两指合力,非直接实测)"
柔性\E075\s5.png,柔性,柔性,非易碎,E075,mandarin,,1.0,26.6,"f_min:ExpForce本物实测(1.0N,两指合力) | f_max:文献实测13.3N(单指法向力(平板压缩))×2换算=26.6N(两指合力,非直接实测)"
柔性\E075\s6.png,柔性,柔性,非易碎,E075,mandarin,,1.0,26.6,"f_min:ExpForce本物实测(1.0N,两指合力) | f_max:文献实测13.3N(单指法向力(平板压缩))×2换算=26.6N(两指合力,非直接实测)"
柔性\E075\s7.png,柔性,柔性,非易碎,E075,mandarin,,1.0,26.6,"f_min:ExpForce本物实测(1.0N,两指合力) | f_max:文献实测13.3N(单指法向力(平板压缩))×2换算=26.6N(两指合力,非直接实测)"
柔性\E075\s8.png,柔性,柔性,非易碎,E075,mandarin,,1.0,26.6,"f_min:ExpForce本物实测(1.0N,两指合力) | f_max:文献实测13.3N(单指法向力(平板压缩))×2换算=26.6N(两指合力,非直接实测)"
柔性\E075\s9.png,柔性,柔性,非易碎,E075,mandarin,,1.0,26.6,"f_min:ExpForce本物实测(1.0N,两指合力) | f_max:文献实测13.3N(单指法向力(平板压缩))×2换算=26.6N(两指合力,非直接实测)"
柔性\E076\Red_grape_3.png,柔性,柔性,非易碎,E076,grape,,0.5,8,"f_min:ExpForce本物实测(0.5N,两指合力) | f_max:文献实测4.0N(单指法向力(平板压缩))×2换算=8N(两指合力,非直接实测)"
柔性\E077\Green_grape_1.png,柔性,柔性,非易碎,E077,grape,,0.5,8,"f_min:ExpForce本物实测(0.5N,两指合力) | f_max:文献实测4.0N(单指法向力(平板压缩))×2换算=8N(两指合力,非直接实测)"
柔性\E077\s1.png,柔性,柔性,非易碎,E077,grape,,0.5,8,"f_min:ExpForce本物实测(0.5N,两指合力) | f_max:文献实测4.0N(单指法向力(平板压缩))×2换算=8N(两指合力,非直接实测)"
柔性\E077\s10.png,柔性,柔性,非易碎,E077,grape,,0.5,8,"f_min:ExpForce本物实测(0.5N,两指合力) | f_max:文献实测4.0N(单指法向力(平板压缩))×2换算=8N(两指合力,非直接实测)"
柔性\E077\s11.png,柔性,柔性,非易碎,E077,grape,,0.5,8,"f_min:ExpForce本物实测(0.5N,两指合力) | f_max:文献实测4.0N(单指法向力(平板压缩))×2换算=8N(两指合力,非直接实测)"
柔性\E077\s12.png,柔性,柔性,非易碎,E077,grape,,0.5,8,"f_min:ExpForce本物实测(0.5N,两指合力) | f_max:文献实测4.0N(单指法向力(平板压缩))×2换算=8N(两指合力,非直接实测)"
柔性\E077\s13.png,柔性,柔性,非易碎,E077,grape,,0.5,8,"f_min:ExpForce本物实测(0.5N,两指合力) | f_max:文献实测4.0N(单指法向力(平板压缩))×2换算=8N(两指合力,非直接实测)"
柔性\E077\s14.png,柔性,柔性,非易碎,E077,grape,,0.5,8,"f_min:ExpForce本物实测(0.5N,两指合力) | f_max:文献实测4.0N(单指法向力(平板压缩))×2换算=8N(两指合力,非直接实测)"
柔性\E077\s2.png,柔性,柔性,非易碎,E077,grape,,0.5,8,"f_min:ExpForce本物实测(0.5N,两指合力) | f_max:文献实测4.0N(单指法向力(平板压缩))×2换算=8N(两指合力,非直接实测)"
柔性\E077\s3.png,柔性,柔性,非易碎,E077,grape,,0.5,8,"f_min:ExpForce本物实测(0.5N,两指合力) | f_max:文献实测4.0N(单指法向力(平板压缩))×2换算=8N(两指合力,非直接实测)"
柔性\E077\s4.png,柔性,柔性,非易碎,E077,grape,,0.5,8,"f_min:ExpForce本物实测(0.5N,两指合力) | f_max:文献实测4.0N(单指法向力(平板压缩))×2换算=8N(两指合力,非直接实测)"
柔性\E077\s5.png,柔性,柔性,非易碎,E077,grape,,0.5,8,"f_min:ExpForce本物实测(0.5N,两指合力) | f_max:文献实测4.0N(单指法向力(平板压缩))×2换算=8N(两指合力,非直接实测)"
柔性\E077\s6.png,柔性,柔性,非易碎,E077,grape,,0.5,8,"f_min:ExpForce本物实测(0.5N,两指合力) | f_max:文献实测4.0N(单指法向力(平板压缩))×2换算=8N(两指合力,非直接实测)"
柔性\E077\s7.png,柔性,柔性,非易碎,E077,grape,,0.5,8,"f_min:ExpForce本物实测(0.5N,两指合力) | f_max:文献实测4.0N(单指法向力(平板压缩))×2换算=8N(两指合力,非直接实测)"
柔性\E077\s8.png,柔性,柔性,非易碎,E077,grape,,0.5,8,"f_min:ExpForce本物实测(0.5N,两指合力) | f_max:文献实测4.0N(单指法向力(平板压缩))×2换算=8N(两指合力,非直接实测)"
柔性\E077\s9.png,柔性,柔性,非易碎,E077,grape,,0.5,8,"f_min:ExpForce本物实测(0.5N,两指合力) | f_max:文献实测4.0N(单指法向力(平板压缩))×2换算=8N(两指合力,非直接实测)"
柔性\E078\Green_grape_2.png,柔性,柔性,非易碎,E078,grape,,0.5,8,"f_min:ExpForce本物实测(0.5N,两指合力) | f_max:文献实测4.0N(单指法向力(平板压缩))×2换算=8N(两指合力,非直接实测)"
柔性\E079\Green_grape_3.png,柔性,柔性,非易碎,E079,grape,,0.5,8,"f_min:ExpForce本物实测(0.5N,两指合力) | f_max:文献实测4.0N(单指法向力(平板压缩))×2换算=8N(两指合力,非直接实测)"
柔性\E080\Red_grape_tomato_1.png,柔性,柔性,非易碎,E080,tomato,,0.5,42.84,"f_min:ExpForce本物实测(0.5N,两指合力) | f_max:文献实测21.42N(单指法向力(平板挤压))×2换算=42.84N(两指合力,非直接实测)"
柔性\E080\s1.png,柔性,柔性,非易碎,E080,tomato,,0.5,42.84,"f_min:ExpForce本物实测(0.5N,两指合力) | f_max:文献实测21.42N(单指法向力(平板挤压))×2换算=42.84N(两指合力,非直接实测)"
柔性\E080\s10.png,柔性,柔性,非易碎,E080,tomato,,0.5,42.84,"f_min:ExpForce本物实测(0.5N,两指合力) | f_max:文献实测21.42N(单指法向力(平板挤压))×2换算=42.84N(两指合力,非直接实测)"
柔性\E080\s11.png,柔性,柔性,非易碎,E080,tomato,,0.5,42.84,"f_min:ExpForce本物实测(0.5N,两指合力) | f_max:文献实测21.42N(单指法向力(平板挤压))×2换算=42.84N(两指合力,非直接实测)"
柔性\E080\s12.png,柔性,柔性,非易碎,E080,tomato,,0.5,42.84,"f_min:ExpForce本物实测(0.5N,两指合力) | f_max:文献实测21.42N(单指法向力(平板挤压))×2换算=42.84N(两指合力,非直接实测)"
柔性\E080\s13.png,柔性,柔性,非易碎,E080,tomato,,0.5,42.84,"f_min:ExpForce本物实测(0.5N,两指合力) | f_max:文献实测21.42N(单指法向力(平板挤压))×2换算=42.84N(两指合力,非直接实测)"
柔性\E080\s14.png,柔性,柔性,非易碎,E080,tomato,,0.5,42.84,"f_min:ExpForce本物实测(0.5N,两指合力) | f_max:文献实测21.42N(单指法向力(平板挤压))×2换算=42.84N(两指合力,非直接实测)"
柔性\E080\s2.png,柔性,柔性,非易碎,E080,tomato,,0.5,42.84,"f_min:ExpForce本物实测(0.5N,两指合力) | f_max:文献实测21.42N(单指法向力(平板挤压))×2换算=42.84N(两指合力,非直接实测)"
柔性\E080\s3.png,柔性,柔性,非易碎,E080,tomato,,0.5,42.84,"f_min:ExpForce本物实测(0.5N,两指合力) | f_max:文献实测21.42N(单指法向力(平板挤压))×2换算=42.84N(两指合力,非直接实测)"
柔性\E080\s4.png,柔性,柔性,非易碎,E080,tomato,,0.5,42.84,"f_min:ExpForce本物实测(0.5N,两指合力) | f_max:文献实测21.42N(单指法向力(平板挤压))×2换算=42.84N(两指合力,非直接实测)"
柔性\E080\s5.png,柔性,柔性,非易碎,E080,tomato,,0.5,42.84,"f_min:ExpForce本物实测(0.5N,两指合力) | f_max:文献实测21.42N(单指法向力(平板挤压))×2换算=42.84N(两指合力,非直接实测)"
柔性\E080\s6.png,柔性,柔性,非易碎,E080,tomato,,0.5,42.84,"f_min:ExpForce本物实测(0.5N,两指合力) | f_max:文献实测21.42N(单指法向力(平板挤压))×2换算=42.84N(两指合力,非直接实测)"
柔性\E080\s7.png,柔性,柔性,非易碎,E080,tomato,,0.5,42.84,"f_min:ExpForce本物实测(0.5N,两指合力) | f_max:文献实测21.42N(单指法向力(平板挤压))×2换算=42.84N(两指合力,非直接实测)"
柔性\E080\s8.png,柔性,柔性,非易碎,E080,tomato,,0.5,42.84,"f_min:ExpForce本物实测(0.5N,两指合力) | f_max:文献实测21.42N(单指法向力(平板挤压))×2换算=42.84N(两指合力,非直接实测)"
柔性\E080\s9.png,柔性,柔性,非易碎,E080,tomato,,0.5,42.84,"f_min:ExpForce本物实测(0.5N,两指合力) | f_max:文献实测21.42N(单指法向力(平板挤压))×2换算=42.84N(两指合力,非直接实测)"
柔性\E081\Red_grape_tomato_2.png,柔性,柔性,非易碎,E081,tomato,,0.5,42.84,"f_min:ExpForce本物实测(0.5N,两指合力) | f_max:文献实测21.42N(单指法向力(平板挤压))×2换算=42.84N(两指合力,非直接实测)"
柔性\E082\Green_grape_tomato_1.png,柔性,柔性,非易碎,E082,tomato,,0.5,42.84,"f_min:ExpForce本物实测(0.5N,两指合力) | f_max:文献实测21.42N(单指法向力(平板挤压))×2换算=42.84N(两指合力,非直接实测)"
柔性\E083\Yellow_grape_tomato.png,柔性,柔性,非易碎,E083,tomato,,0.5,42.84,"f_min:ExpForce本物实测(0.5N,两指合力) | f_max:文献实测21.42N(单指法向力(平板挤压))×2换算=42.84N(两指合力,非直接实测)"
柔性\E084\Green_grape_tomato_2.png,柔性,柔性,非易碎,E084,tomato,,0.5,42.84,"f_min:ExpForce本物实测(0.5N,两指合力) | f_max:文献实测21.42N(单指法向力(平板挤压))×2换算=42.84N(两指合力,非直接实测)"
柔性\E085\Green_grape_tomato_3.png,柔性,柔性,非易碎,E085,tomato,,0.5,42.84,"f_min:ExpForce本物实测(0.5N,两指合力) | f_max:文献实测21.42N(单指法向力(平板挤压))×2换算=42.84N(两指合力,非直接实测)"
柔性\E086\Blueberry.png,柔性,柔性,非易碎,E086,blueberry,,0.25,0.8,"f_min:ExpForce本物实测(0.25N,两指合力) | f_max:文献实测0.4N(单指法向力(压头加载))×2换算=0.8N(两指合力,非直接实测)"
柔性\E086\s1.png,柔性,柔性,非易碎,E086,blueberry,,0.25,0.8,"f_min:ExpForce本物实测(0.25N,两指合力) | f_max:文献实测0.4N(单指法向力(压头加载))×2换算=0.8N(两指合力,非直接实测)"
柔性\E086\s10.png,柔性,柔性,非易碎,E086,blueberry,,0.25,0.8,"f_min:ExpForce本物实测(0.25N,两指合力) | f_max:文献实测0.4N(单指法向力(压头加载))×2换算=0.8N(两指合力,非直接实测)"
柔性\E086\s11.png,柔性,柔性,非易碎,E086,blueberry,,0.25,0.8,"f_min:ExpForce本物实测(0.25N,两指合力) | f_max:文献实测0.4N(单指法向力(压头加载))×2换算=0.8N(两指合力,非直接实测)"
柔性\E086\s12.png,柔性,柔性,非易碎,E086,blueberry,,0.25,0.8,"f_min:ExpForce本物实测(0.25N,两指合力) | f_max:文献实测0.4N(单指法向力(压头加载))×2换算=0.8N(两指合力,非直接实测)"
柔性\E086\s13.png,柔性,柔性,非易碎,E086,blueberry,,0.25,0.8,"f_min:ExpForce本物实测(0.25N,两指合力) | f_max:文献实测0.4N(单指法向力(压头加载))×2换算=0.8N(两指合力,非直接实测)"
柔性\E086\s14.png,柔性,柔性,非易碎,E086,blueberry,,0.25,0.8,"f_min:ExpForce本物实测(0.25N,两指合力) | f_max:文献实测0.4N(单指法向力(压头加载))×2换算=0.8N(两指合力,非直接实测)"
柔性\E086\s2.png,柔性,柔性,非易碎,E086,blueberry,,0.25,0.8,"f_min:ExpForce本物实测(0.25N,两指合力) | f_max:文献实测0.4N(单指法向力(压头加载))×2换算=0.8N(两指合力,非直接实测)"
柔性\E086\s3.png,柔性,柔性,非易碎,E086,blueberry,,0.25,0.8,"f_min:ExpForce本物实测(0.25N,两指合力) | f_max:文献实测0.4N(单指法向力(压头加载))×2换算=0.8N(两指合力,非直接实测)"
柔性\E086\s4.png,柔性,柔性,非易碎,E086,blueberry,,0.25,0.8,"f_min:ExpForce本物实测(0.25N,两指合力) | f_max:文献实测0.4N(单指法向力(压头加载))×2换算=0.8N(两指合力,非直接实测)"
柔性\E086\s5.png,柔性,柔性,非易碎,E086,blueberry,,0.25,0.8,"f_min:ExpForce本物实测(0.25N,两指合力) | f_max:文献实测0.4N(单指法向力(压头加载))×2换算=0.8N(两指合力,非直接实测)"
柔性\E086\s6.png,柔性,柔性,非易碎,E086,blueberry,,0.25,0.8,"f_min:ExpForce本物实测(0.25N,两指合力) | f_max:文献实测0.4N(单指法向力(压头加载))×2换算=0.8N(两指合力,非直接实测)"
柔性\E086\s7.png,柔性,柔性,非易碎,E086,blueberry,,0.25,0.8,"f_min:ExpForce本物实测(0.25N,两指合力) | f_max:文献实测0.4N(单指法向力(压头加载))×2换算=0.8N(两指合力,非直接实测)"
柔性\E086\s8.png,柔性,柔性,非易碎,E086,blueberry,,0.25,0.8,"f_min:ExpForce本物实测(0.25N,两指合力) | f_max:文献实测0.4N(单指法向力(压头加载))×2换算=0.8N(两指合力,非直接实测)"
柔性\E086\s9.png,柔性,柔性,非易碎,E086,blueberry,,0.25,0.8,"f_min:ExpForce本物实测(0.25N,两指合力) | f_max:文献实测0.4N(单指法向力(压头加载))×2换算=0.8N(两指合力,非直接实测)"
柔性\E087\Raspberry.png,柔性,柔性,非易碎,E087,raspberry,,0.25,,"f_min:ExpForce本物实测(0.25N,两指合力) | f_max:无实测"
柔性\E087\s1.png,柔性,柔性,非易碎,E087,raspberry,,0.25,,"f_min:ExpForce本物实测(0.25N,两指合力) | f_max:无实测"
柔性\E087\s10.png,柔性,柔性,非易碎,E087,raspberry,,0.25,,"f_min:ExpForce本物实测(0.25N,两指合力) | f_max:无实测"
柔性\E087\s11.png,柔性,柔性,非易碎,E087,raspberry,,0.25,,"f_min:ExpForce本物实测(0.25N,两指合力) | f_max:无实测"
柔性\E087\s12.png,柔性,柔性,非易碎,E087,raspberry,,0.25,,"f_min:ExpForce本物实测(0.25N,两指合力) | f_max:无实测"
柔性\E087\s13.png,柔性,柔性,非易碎,E087,raspberry,,0.25,,"f_min:ExpForce本物实测(0.25N,两指合力) | f_max:无实测"
柔性\E087\s14.png,柔性,柔性,非易碎,E087,raspberry,,0.25,,"f_min:ExpForce本物实测(0.25N,两指合力) | f_max:无实测"
柔性\E087\s2.png,柔性,柔性,非易碎,E087,raspberry,,0.25,,"f_min:ExpForce本物实测(0.25N,两指合力) | f_max:无实测"
柔性\E087\s3.png,柔性,柔性,非易碎,E087,raspberry,,0.25,,"f_min:ExpForce本物实测(0.25N,两指合力) | f_max:无实测"
柔性\E087\s4.png,柔性,柔性,非易碎,E087,raspberry,,0.25,,"f_min:ExpForce本物实测(0.25N,两指合力) | f_max:无实测"
柔性\E087\s5.png,柔性,柔性,非易碎,E087,raspberry,,0.25,,"f_min:ExpForce本物实测(0.25N,两指合力) | f_max:无实测"
柔性\E087\s6.png,柔性,柔性,非易碎,E087,raspberry,,0.25,,"f_min:ExpForce本物实测(0.25N,两指合力) | f_max:无实测"
柔性\E087\s7.png,柔性,柔性,非易碎,E087,raspberry,,0.25,,"f_min:ExpForce本物实测(0.25N,两指合力) | f_max:无实测"
柔性\E087\s8.png,柔性,柔性,非易碎,E087,raspberry,,0.25,,"f_min:ExpForce本物实测(0.25N,两指合力) | f_max:无实测"
柔性\E087\s9.png,柔性,柔性,非易碎,E087,raspberry,,0.25,,"f_min:ExpForce本物实测(0.25N,两指合力) | f_max:无实测"
柔性\E088\Blackberry_1.png,柔性,柔性,非易碎,E088,blackberry,,0.25,16,"f_min:ExpForce本物实测(0.25N,两指合力) | f_max:文献实测8.0N(单指法向力(平板压缩))×2换算=16N(两指合力,非直接实测)"
柔性\E102\Red_apple_3.png,柔性,柔性,非易碎,E102,apple,,2.0,80,"f_min:ExpForce本物实测(2.0N,两指合力) | f_max:文献实测40.0N(单指法向力(平板压缩))×2换算=80N(两指合力,非直接实测)"
柔性\E103\Orange_2.png,柔性,柔性,非易碎,E103,orange,,2.0,326,"f_min:ExpForce本物实测(2.0N,两指合力) | f_max:文献实测163.0N(单指法向力(平板压缩))×2换算=326N(两指合力,非直接实测)"
柔性\E114\Red_plastic_cup.png,柔性,柔性,非易碎,E114,red_plastic_cup,,0.25,,"f_min:ExpForce本物实测(0.25N,两指合力) | f_max:无实测"
柔性\E122\Large_marshmallow.png,柔性,柔性,非易碎,E122,marshmallow,,0.25,,"f_min:ExpForce本物实测(0.25N,两指合力) | f_max:无实测"
柔性\E122\s1.png,柔性,柔性,非易碎,E122,marshmallow,,0.25,,"f_min:ExpForce本物实测(0.25N,两指合力) | f_max:无实测"
柔性\E122\s10.png,柔性,柔性,非易碎,E122,marshmallow,,0.25,,"f_min:ExpForce本物实测(0.25N,两指合力) | f_max:无实测"
柔性\E122\s11.png,柔性,柔性,非易碎,E122,marshmallow,,0.25,,"f_min:ExpForce本物实测(0.25N,两指合力) | f_max:无实测"
柔性\E122\s12.png,柔性,柔性,非易碎,E122,marshmallow,,0.25,,"f_min:ExpForce本物实测(0.25N,两指合力) | f_max:无实测"
柔性\E122\s13.png,柔性,柔性,非易碎,E122,marshmallow,,0.25,,"f_min:ExpForce本物实测(0.25N,两指合力) | f_max:无实测"
柔性\E122\s14.png,柔性,柔性,非易碎,E122,marshmallow,,0.25,,"f_min:ExpForce本物实测(0.25N,两指合力) | f_max:无实测"
柔性\E122\s2.png,柔性,柔性,非易碎,E122,marshmallow,,0.25,,"f_min:ExpForce本物实测(0.25N,两指合力) | f_max:无实测"
柔性\E122\s3.png,柔性,柔性,非易碎,E122,marshmallow,,0.25,,"f_min:ExpForce本物实测(0.25N,两指合力) | f_max:无实测"
柔性\E122\s4.png,柔性,柔性,非易碎,E122,marshmallow,,0.25,,"f_min:ExpForce本物实测(0.25N,两指合力) | f_max:无实测"
柔性\E122\s5.png,柔性,柔性,非易碎,E122,marshmallow,,0.25,,"f_min:ExpForce本物实测(0.25N,两指合力) | f_max:无实测"
柔性\E122\s6.png,柔性,柔性,非易碎,E122,marshmallow,,0.25,,"f_min:ExpForce本物实测(0.25N,两指合力) | f_max:无实测"
柔性\E122\s7.png,柔性,柔性,非易碎,E122,marshmallow,,0.25,,"f_min:ExpForce本物实测(0.25N,两指合力) | f_max:无实测"
柔性\E122\s8.png,柔性,柔性,非易碎,E122,marshmallow,,0.25,,"f_min:ExpForce本物实测(0.25N,两指合力) | f_max:无实测"
柔性\E122\s9.png,柔性,柔性,非易碎,E122,marshmallow,,0.25,,"f_min:ExpForce本物实测(0.25N,两指合力) | f_max:无实测"
柔性\FRA016\s0.png,柔性,柔性,非易碎,FRA016,thin_wall_paper,,0.25,4.2,"f_min:ExpForce同型实测(Medium paper cup; f_min=0.25N)(0.25N,两指合力) | f_max:文献实测2.1N(单指法向力(双板对压))×2换算=4.2N(两指合力,非直接实测)"
柔性\FRA016\s1.png,柔性,柔性,非易碎,FRA016,thin_wall_paper,,0.25,4.2,"f_min:ExpForce同型实测(Medium paper cup; f_min=0.25N)(0.25N,两指合力) | f_max:文献实测2.1N(单指法向力(双板对压))×2换算=4.2N(两指合力,非直接实测)"
柔性\FRA016\s10.png,柔性,柔性,非易碎,FRA016,thin_wall_paper,,0.25,4.2,"f_min:ExpForce同型实测(Medium paper cup; f_min=0.25N)(0.25N,两指合力) | f_max:文献实测2.1N(单指法向力(双板对压))×2换算=4.2N(两指合力,非直接实测)"
柔性\FRA016\s11.png,柔性,柔性,非易碎,FRA016,thin_wall_paper,,0.25,4.2,"f_min:ExpForce同型实测(Medium paper cup; f_min=0.25N)(0.25N,两指合力) | f_max:文献实测2.1N(单指法向力(双板对压))×2换算=4.2N(两指合力,非直接实测)"
柔性\FRA016\s12.png,柔性,柔性,非易碎,FRA016,thin_wall_paper,,0.25,4.2,"f_min:ExpForce同型实测(Medium paper cup; f_min=0.25N)(0.25N,两指合力) | f_max:文献实测2.1N(单指法向力(双板对压))×2换算=4.2N(两指合力,非直接实测)"
柔性\FRA016\s13.png,柔性,柔性,非易碎,FRA016,thin_wall_paper,,0.25,4.2,"f_min:ExpForce同型实测(Medium paper cup; f_min=0.25N)(0.25N,两指合力) | f_max:文献实测2.1N(单指法向力(双板对压))×2换算=4.2N(两指合力,非直接实测)"
柔性\FRA016\s14.png,柔性,柔性,非易碎,FRA016,thin_wall_paper,,0.25,4.2,"f_min:ExpForce同型实测(Medium paper cup; f_min=0.25N)(0.25N,两指合力) | f_max:文献实测2.1N(单指法向力(双板对压))×2换算=4.2N(两指合力,非直接实测)"
柔性\FRA016\s2.png,柔性,柔性,非易碎,FRA016,thin_wall_paper,,0.25,4.2,"f_min:ExpForce同型实测(Medium paper cup; f_min=0.25N)(0.25N,两指合力) | f_max:文献实测2.1N(单指法向力(双板对压))×2换算=4.2N(两指合力,非直接实测)"
柔性\FRA016\s3.png,柔性,柔性,非易碎,FRA016,thin_wall_paper,,0.25,4.2,"f_min:ExpForce同型实测(Medium paper cup; f_min=0.25N)(0.25N,两指合力) | f_max:文献实测2.1N(单指法向力(双板对压))×2换算=4.2N(两指合力,非直接实测)"
柔性\FRA016\s4.png,柔性,柔性,非易碎,FRA016,thin_wall_paper,,0.25,4.2,"f_min:ExpForce同型实测(Medium paper cup; f_min=0.25N)(0.25N,两指合力) | f_max:文献实测2.1N(单指法向力(双板对压))×2换算=4.2N(两指合力,非直接实测)"
柔性\FRA016\s5.png,柔性,柔性,非易碎,FRA016,thin_wall_paper,,0.25,4.2,"f_min:ExpForce同型实测(Medium paper cup; f_min=0.25N)(0.25N,两指合力) | f_max:文献实测2.1N(单指法向力(双板对压))×2换算=4.2N(两指合力,非直接实测)"
柔性\FRA016\s6.png,柔性,柔性,非易碎,FRA016,thin_wall_paper,,0.25,4.2,"f_min:ExpForce同型实测(Medium paper cup; f_min=0.25N)(0.25N,两指合力) | f_max:文献实测2.1N(单指法向力(双板对压))×2换算=4.2N(两指合力,非直接实测)"
柔性\FRA016\s7.png,柔性,柔性,非易碎,FRA016,thin_wall_paper,,0.25,4.2,"f_min:ExpForce同型实测(Medium paper cup; f_min=0.25N)(0.25N,两指合力) | f_max:文献实测2.1N(单指法向力(双板对压))×2换算=4.2N(两指合力,非直接实测)"
柔性\FRA016\s8.png,柔性,柔性,非易碎,FRA016,thin_wall_paper,,0.25,4.2,"f_min:ExpForce同型实测(Medium paper cup; f_min=0.25N)(0.25N,两指合力) | f_max:文献实测2.1N(单指法向力(双板对压))×2换算=4.2N(两指合力,非直接实测)"
柔性\FRA016\s9.png,柔性,柔性,非易碎,FRA016,thin_wall_paper,,0.25,4.2,"f_min:ExpForce同型实测(Medium paper cup; f_min=0.25N)(0.25N,两指合力) | f_max:文献实测2.1N(单指法向力(双板对压))×2换算=4.2N(两指合力,非直接实测)"
柔性\FRA039\s0.png,柔性,柔性,非易碎,FRA039,thin_wall_plastic,,0.25,,"f_min:ExpForce同型实测(Medium plastic cup; f_min=0.25N)(0.25N,两指合力) | f_max:无实测"
柔性\FRA039\s1.png,柔性,柔性,非易碎,FRA039,thin_wall_plastic,,0.25,,"f_min:ExpForce同型实测(Medium plastic cup; f_min=0.25N)(0.25N,两指合力) | f_max:无实测"
柔性\FRA039\s10.png,柔性,柔性,非易碎,FRA039,thin_wall_plastic,,0.25,,"f_min:ExpForce同型实测(Medium plastic cup; f_min=0.25N)(0.25N,两指合力) | f_max:无实测"
柔性\FRA039\s11.png,柔性,柔性,非易碎,FRA039,thin_wall_plastic,,0.25,,"f_min:ExpForce同型实测(Medium plastic cup; f_min=0.25N)(0.25N,两指合力) | f_max:无实测"
柔性\FRA039\s12.png,柔性,柔性,非易碎,FRA039,thin_wall_plastic,,0.25,,"f_min:ExpForce同型实测(Medium plastic cup; f_min=0.25N)(0.25N,两指合力) | f_max:无实测"
柔性\FRA039\s13.png,柔性,柔性,非易碎,FRA039,thin_wall_plastic,,0.25,,"f_min:ExpForce同型实测(Medium plastic cup; f_min=0.25N)(0.25N,两指合力) | f_max:无实测"
柔性\FRA039\s14.png,柔性,柔性,非易碎,FRA039,thin_wall_plastic,,0.25,,"f_min:ExpForce同型实测(Medium plastic cup; f_min=0.25N)(0.25N,两指合力) | f_max:无实测"
柔性\FRA039\s2.png,柔性,柔性,非易碎,FRA039,thin_wall_plastic,,0.25,,"f_min:ExpForce同型实测(Medium plastic cup; f_min=0.25N)(0.25N,两指合力) | f_max:无实测"
柔性\FRA039\s3.png,柔性,柔性,非易碎,FRA039,thin_wall_plastic,,0.25,,"f_min:ExpForce同型实测(Medium plastic cup; f_min=0.25N)(0.25N,两指合力) | f_max:无实测"
柔性\FRA039\s4.png,柔性,柔性,非易碎,FRA039,thin_wall_plastic,,0.25,,"f_min:ExpForce同型实测(Medium plastic cup; f_min=0.25N)(0.25N,两指合力) | f_max:无实测"
柔性\FRA039\s5.png,柔性,柔性,非易碎,FRA039,thin_wall_plastic,,0.25,,"f_min:ExpForce同型实测(Medium plastic cup; f_min=0.25N)(0.25N,两指合力) | f_max:无实测"
柔性\FRA039\s6.png,柔性,柔性,非易碎,FRA039,thin_wall_plastic,,0.25,,"f_min:ExpForce同型实测(Medium plastic cup; f_min=0.25N)(0.25N,两指合力) | f_max:无实测"
柔性\FRA039\s7.png,柔性,柔性,非易碎,FRA039,thin_wall_plastic,,0.25,,"f_min:ExpForce同型实测(Medium plastic cup; f_min=0.25N)(0.25N,两指合力) | f_max:无实测"
柔性\FRA039\s8.png,柔性,柔性,非易碎,FRA039,thin_wall_plastic,,0.25,,"f_min:ExpForce同型实测(Medium plastic cup; f_min=0.25N)(0.25N,两指合力) | f_max:无实测"
柔性\FRA039\s9.png,柔性,柔性,非易碎,FRA039,thin_wall_plastic,,0.25,,"f_min:ExpForce同型实测(Medium plastic cup; f_min=0.25N)(0.25N,两指合力) | f_max:无实测"
柔性\FRA040\s0.png,柔性,柔性,非易碎,FRA040,thin_wall_plastic,,,,f_min:无实测 | f_max:无实测
柔性\FRA040\s1.png,柔性,柔性,非易碎,FRA040,thin_wall_plastic,,,,f_min:无实测 | f_max:无实测
柔性\FRA040\s10.png,柔性,柔性,非易碎,FRA040,thin_wall_plastic,,,,f_min:无实测 | f_max:无实测
柔性\FRA040\s11.png,柔性,柔性,非易碎,FRA040,thin_wall_plastic,,,,f_min:无实测 | f_max:无实测
柔性\FRA040\s12.png,柔性,柔性,非易碎,FRA040,thin_wall_plastic,,,,f_min:无实测 | f_max:无实测
柔性\FRA040\s13.png,柔性,柔性,非易碎,FRA040,thin_wall_plastic,,,,f_min:无实测 | f_max:无实测
柔性\FRA040\s14.png,柔性,柔性,非易碎,FRA040,thin_wall_plastic,,,,f_min:无实测 | f_max:无实测
柔性\FRA040\s2.png,柔性,柔性,非易碎,FRA040,thin_wall_plastic,,,,f_min:无实测 | f_max:无实测
柔性\FRA040\s3.png,柔性,柔性,非易碎,FRA040,thin_wall_plastic,,,,f_min:无实测 | f_max:无实测
柔性\FRA040\s4.png,柔性,柔性,非易碎,FRA040,thin_wall_plastic,,,,f_min:无实测 | f_max:无实测
柔性\FRA040\s5.png,柔性,柔性,非易碎,FRA040,thin_wall_plastic,,,,f_min:无实测 | f_max:无实测
柔性\FRA040\s6.png,柔性,柔性,非易碎,FRA040,thin_wall_plastic,,,,f_min:无实测 | f_max:无实测
柔性\FRA040\s7.png,柔性,柔性,非易碎,FRA040,thin_wall_plastic,,,,f_min:无实测 | f_max:无实测
柔性\FRA040\s8.png,柔性,柔性,非易碎,FRA040,thin_wall_plastic,,,,f_min:无实测 | f_max:无实测
柔性\FRA040\s9.png,柔性,柔性,非易碎,FRA040,thin_wall_plastic,,,,f_min:无实测 | f_max:无实测
