object_id,image_file,source,source_url,license
E001,刚体\E001\Black_chocolate_candy_ball.png,"ExpForce(UT Austin, arXiv:2603.08668)",,ExpForce数据集许可
E002,刚体\E002\Pringles_can.png,"ExpForce(UT Austin, arXiv:2603.08668)",,ExpForce数据集许可
E003,刚体\E003\Spam_canned_meat.png,"ExpForce(UT Austin, arXiv:2603.08668)",,ExpForce数据集许可
E004,柔性\E004\Orange_drinking_straw.png,"ExpForce(UT Austin, arXiv:2603.08668)",,ExpForce数据集许可
E005,柔性\E005\Small_paper_cup.png,"ExpForce(UT Austin, arXiv:2603.08668)",,ExpForce数据集许可
E006,柔性\E006\Medium_paper_cup.png,"ExpForce(UT Austin, arXiv:2603.08668)",,ExpForce数据集许可
E007,柔性\E007\Medium_plastic_cup.png,"ExpForce(UT Austin, arXiv:2603.08668)",,ExpForce数据集许可
E008,重脆\E008\Blueberry_jam_jar_Empty.png,"ExpForce(UT Austin, arXiv:2603.08668)",,ExpForce数据集许可
E009,柔性\E009\Small_lime.png,"ExpForce(UT Austin, arXiv:2603.08668)",,ExpForce数据集许可
E010,刚体\E010\Supplement_bottle_Fish_oil.png,"ExpForce(UT Austin, arXiv:2603.08668)",,ExpForce数据集许可
E011,刚体\E011\Supplement_bottle_CoQ10.png,"ExpForce(UT Austin, arXiv:2603.08668)",,ExpForce数据集许可
E012,柔性\E012\Seaweed_snack_package.png,"ExpForce(UT Austin, arXiv:2603.08668)",,ExpForce数据集许可
E013,柔性\E013\Marshmallow_1_regular.png,"ExpForce(UT Austin, arXiv:2603.08668)",,ExpForce数据集许可
E014,刚体\E014\Power_adapter.png,"ExpForce(UT Austin, arXiv:2603.08668)",,ExpForce数据集许可
E015,刚体\E015\Tabletop_mobile_phone_stand.png,"ExpForce(UT Austin, arXiv:2603.08668)",,ExpForce数据集许可
E016,刚体\E016\Monster_Energy_drink_zero.png,"ExpForce(UT Austin, arXiv:2603.08668)",,ExpForce数据集许可
E017,刚体\E017\Red_Bull_can_355_ml.png,"ExpForce(UT Austin, arXiv:2603.08668)",,ExpForce数据集许可
E018,刚体\E018\Multivitamin_bottle_One_A_Day.png,"ExpForce(UT Austin, arXiv:2603.08668)",,ExpForce数据集许可
E019,刚体\E019\Green_power_bank.png,"ExpForce(UT Austin, arXiv:2603.08668)",,ExpForce数据集许可
E020,柔性\E020\Roma_tomato_1.png,"ExpForce(UT Austin, arXiv:2603.08668)",,ExpForce数据集许可
E021,柔性\E021\Roma_tomato_2.png,"ExpForce(UT Austin, arXiv:2603.08668)",,ExpForce数据集许可
E022,柔性\E022\Grapefruit.png,"ExpForce(UT Austin, arXiv:2603.08668)",,ExpForce数据集许可
E023,柔性\E023\Lemon.png,"ExpForce(UT Austin, arXiv:2603.08668)",,ExpForce数据集许可
E024,柔性\E024\Apple_organic.png,"ExpForce(UT Austin, arXiv:2603.08668)",,ExpForce数据集许可
E025,柔性\E025\Yellow_mini_bell_pepper_large.png,"ExpForce(UT Austin, arXiv:2603.08668)",,ExpForce数据集许可
E026,柔性\E026\Strawberry_1.png,"ExpForce(UT Austin, arXiv:2603.08668)",,ExpForce数据集许可
E027,柔性\E027\Cara_Cara_orange_1.png,"ExpForce(UT Austin, arXiv:2603.08668)",,ExpForce数据集许可
E028,柔性\E028\Cara_Cara_orange_2.png,"ExpForce(UT Austin, arXiv:2603.08668)",,ExpForce数据集许可
E029,柔性\E029\Orange_1.png,"ExpForce(UT Austin, arXiv:2603.08668)",,ExpForce数据集许可
E030,柔性\E030\Mandarin_2.png,"ExpForce(UT Austin, arXiv:2603.08668)",,ExpForce数据集许可
E031,柔性\E031\Lime_2.png,"ExpForce(UT Austin, arXiv:2603.08668)",,ExpForce数据集许可
E032,柔性\E032\Red_grape_1.png,"ExpForce(UT Austin, arXiv:2603.08668)",,ExpForce数据集许可
E033,柔性\E033\Red_grape_2.png,"ExpForce(UT Austin, arXiv:2603.08668)",,ExpForce数据集许可
E034,柔性\E034\Blue_drinking_straw.png,"ExpForce(UT Austin, arXiv:2603.08668)",,ExpForce数据集许可
E035,柔性\E035\Yellow_drinking_straw.png,"ExpForce(UT Austin, arXiv:2603.08668)",,ExpForce数据集许可
E036,柔性\E036\Blackberry_2.png,"ExpForce(UT Austin, arXiv:2603.08668)",,ExpForce数据集许可
E037,刚体\E037\White_chocolate_candy_ball.png,"ExpForce(UT Austin, arXiv:2603.08668)",,ExpForce数据集许可
E038,刚体\E038\Pocky_snack_box_Long-edge_orientation.png,"ExpForce(UT Austin, arXiv:2603.08668)",,ExpForce数据集许可
E039,柔性\E039\Oreo_Thin_cookie_pack.png,"ExpForce(UT Austin, arXiv:2603.08668)",,ExpForce数据集许可
E040,轻脆\E040\Single_Pringles_potato_chip.png,"ExpForce(UT Austin, arXiv:2603.08668)",,ExpForce数据集许可
E041,重脆\E041\Glass_whiskey_cup.png,"ExpForce(UT Austin, arXiv:2603.08668)",,ExpForce数据集许可
E042,刚体\E042\H-E-B_Texas_steak_seasoning.png,"ExpForce(UT Austin, arXiv:2603.08668)",,ExpForce数据集许可
E043,刚体\E043\7UP_Tropical_soda_zero.png,"ExpForce(UT Austin, arXiv:2603.08668)",,ExpForce数据集许可
E044,刚体\E044\Diet_Coke_can.png,"ExpForce(UT Austin, arXiv:2603.08668)",,ExpForce数据集许可
E045,刚体\E045\Pringles_can_side_orientation.png,"ExpForce(UT Austin, arXiv:2603.08668)",,ExpForce数据集许可
E046,刚体\E046\Sweet_bean_paste_regular.png,"ExpForce(UT Austin, arXiv:2603.08668)",,ExpForce数据集许可
E047,刚体\E047\Protein_shaker_bottle.png,"ExpForce(UT Austin, arXiv:2603.08668)",,ExpForce数据集许可
E048,柔性\E048\Marshmallow_2_regular.png,"ExpForce(UT Austin, arXiv:2603.08668)",,ExpForce数据集许可
E049,柔性\E049\Marshmallow_3_regular.png,"ExpForce(UT Austin, arXiv:2603.08668)",,ExpForce数据集许可
E050,刚体\E050\TV_remote_control.png,"ExpForce(UT Austin, arXiv:2603.08668)",,ExpForce数据集许可
E051,刚体\E051\5V_power_adapter.png,"ExpForce(UT Austin, arXiv:2603.08668)",,ExpForce数据集许可
E052,刚体\E052\Magic_tape_roll.png,"ExpForce(UT Austin, arXiv:2603.08668)",,ExpForce数据集许可
E053,刚体\E053\Peeler.png,"ExpForce(UT Austin, arXiv:2603.08668)",,ExpForce数据集许可
E054,刚体\E054\Skippy_creamy_peanut_butter.png,"ExpForce(UT Austin, arXiv:2603.08668)",,ExpForce数据集许可
E055,刚体\E055\Goodbye_Stress_gummies_42_count.png,"ExpForce(UT Austin, arXiv:2603.08668)",,ExpForce数据集许可
E056,柔性\E056\Banana.png,"ExpForce(UT Austin, arXiv:2603.08668)",,ExpForce数据集许可
E057,刚体\E057\Barbasol_shaving_cream_aloe.png,"ExpForce(UT Austin, arXiv:2603.08668)",,ExpForce数据集许可
E058,刚体\E058\Sticky_lint_roller.png,"ExpForce(UT Austin, arXiv:2603.08668)",,ExpForce数据集许可
E059,刚体\E059\Crest_3D_White_toothpaste_box.png,"ExpForce(UT Austin, arXiv:2603.08668)",,ExpForce数据集许可
E060,轻脆\E060\Large_brown_egg.png,"ExpForce(UT Austin, arXiv:2603.08668)",,ExpForce数据集许可
E061,轻脆\E061\Large_white_egg.png,"ExpForce(UT Austin, arXiv:2603.08668)",,ExpForce数据集许可
E062,刚体\E062\Olly_Sleep_Melatonin_Gummies.png,"ExpForce(UT Austin, arXiv:2603.08668)",,ExpForce数据集许可
E063,刚体\E063\Gatsby_hair_wax.png,"ExpForce(UT Austin, arXiv:2603.08668)",,ExpForce数据集许可
E064,柔性\E064\Green_pear.png,"ExpForce(UT Austin, arXiv:2603.08668)",,ExpForce数据集许可
E065,柔性\E065\Large_lemon.png,"ExpForce(UT Austin, arXiv:2603.08668)",,ExpForce数据集许可
E066,柔性\E066\Golden_apple.png,"ExpForce(UT Austin, arXiv:2603.08668)",,ExpForce数据集许可
E067,柔性\E067\Red_apple_1.png,"ExpForce(UT Austin, arXiv:2603.08668)",,ExpForce数据集许可
E068,柔性\E068\Green_apple.png,"ExpForce(UT Austin, arXiv:2603.08668)",,ExpForce数据集许可
E069,柔性\E069\Red_apple_2_large.png,"ExpForce(UT Austin, arXiv:2603.08668)",,ExpForce数据集许可
E070,柔性\E070\Mini_bell_pepper_1.png,"ExpForce(UT Austin, arXiv:2603.08668)",,ExpForce数据集许可
E071,柔性\E071\Mini_bell_pepper_2.png,"ExpForce(UT Austin, arXiv:2603.08668)",,ExpForce数据集许可
E072,柔性\E072\Mini_bell_pepper_3.png,"ExpForce(UT Austin, arXiv:2603.08668)",,ExpForce数据集许可
E073,柔性\E073\Strawberry_2.png,"ExpForce(UT Austin, arXiv:2603.08668)",,ExpForce数据集许可
E074,柔性\E074\Strawberry_large.png,"ExpForce(UT Austin, arXiv:2603.08668)",,ExpForce数据集许可
E075,柔性\E075\Mandarins.png,"ExpForce(UT Austin, arXiv:2603.08668)",,ExpForce数据集许可
E076,柔性\E076\Red_grape_3.png,"ExpForce(UT Austin, arXiv:2603.08668)",,ExpForce数据集许可
E077,柔性\E077\Green_grape_1.png,"ExpForce(UT Austin, arXiv:2603.08668)",,ExpForce数据集许可
E078,柔性\E078\Green_grape_2.png,"ExpForce(UT Austin, arXiv:2603.08668)",,ExpForce数据集许可
E079,柔性\E079\Green_grape_3.png,"ExpForce(UT Austin, arXiv:2603.08668)",,ExpForce数据集许可
E080,柔性\E080\Red_grape_tomato_1.png,"ExpForce(UT Austin, arXiv:2603.08668)",,ExpForce数据集许可
E081,柔性\E081\Red_grape_tomato_2.png,"ExpForce(UT Austin, arXiv:2603.08668)",,ExpForce数据集许可
E082,柔性\E082\Green_grape_tomato_1.png,"ExpForce(UT Austin, arXiv:2603.08668)",,ExpForce数据集许可
E083,柔性\E083\Yellow_grape_tomato.png,"ExpForce(UT Austin, arXiv:2603.08668)",,ExpForce数据集许可
E084,柔性\E084\Green_grape_tomato_2.png,"ExpForce(UT Austin, arXiv:2603.08668)",,ExpForce数据集许可
E085,柔性\E085\Green_grape_tomato_3.png,"ExpForce(UT Austin, arXiv:2603.08668)",,ExpForce数据集许可
E086,柔性\E086\Blueberry.png,"ExpForce(UT Austin, arXiv:2603.08668)",,ExpForce数据集许可
E087,柔性\E087\Raspberry.png,"ExpForce(UT Austin, arXiv:2603.08668)",,ExpForce数据集许可
E088,柔性\E088\Blackberry_1.png,"ExpForce(UT Austin, arXiv:2603.08668)",,ExpForce数据集许可
E089,刚体\E089\Sunkist_Orange_soda_zero.png,"ExpForce(UT Austin, arXiv:2603.08668)",,ExpForce数据集许可
E090,刚体\E090\Muffin_mix_box.png,"ExpForce(UT Austin, arXiv:2603.08668)",,ExpForce数据集许可
E091,刚体\E091\Cheez-It_crackers_box.png,"ExpForce(UT Austin, arXiv:2603.08668)",,ExpForce数据集许可
E092,刚体\E092\CeraVe_Moisturizing_Lotion.png,"ExpForce(UT Austin, arXiv:2603.08668)",,ExpForce数据集许可
E093,刚体\E093\Yellow_mustard_bottle.png,"ExpForce(UT Austin, arXiv:2603.08668)",,ExpForce数据集许可
E094,刚体\E094\H-E-B_Pink_Salt_refill.png,"ExpForce(UT Austin, arXiv:2603.08668)",,ExpForce数据集许可
E095,刚体\E095\Tomato_soup_can.png,"ExpForce(UT Austin, arXiv:2603.08668)",,ExpForce数据集许可
E096,刚体\E096\H-E-B_Vitamins_Melatonin_5_mg_Gummies_-_Strawberry.png,"ExpForce(UT Austin, arXiv:2603.08668)",,ExpForce数据集许可
E097,刚体\E097\Nutella_jar.png,"ExpForce(UT Austin, arXiv:2603.08668)",,ExpForce数据集许可
E098,刚体\E098\Morton_salt_container.png,"ExpForce(UT Austin, arXiv:2603.08668)",,ExpForce数据集许可
E099,刚体\E099\Monster_Energy_drink.png,"ExpForce(UT Austin, arXiv:2603.08668)",,ExpForce数据集许可
E100,刚体\E100\StarKist_tuna_can.png,"ExpForce(UT Austin, arXiv:2603.08668)",,ExpForce数据集许可
E101,刚体\E101\Duct_tape_roll.png,"ExpForce(UT Austin, arXiv:2603.08668)",,ExpForce数据集许可
E102,柔性\E102\Red_apple_3.png,"ExpForce(UT Austin, arXiv:2603.08668)",,ExpForce数据集许可
E103,柔性\E103\Orange_2.png,"ExpForce(UT Austin, arXiv:2603.08668)",,ExpForce数据集许可
E104,刚体\E104\OxiClean_container_12_oz.png,"ExpForce(UT Austin, arXiv:2603.08668)",,ExpForce数据集许可
E105,刚体\E105\Clorox_toilet_bleach_cleaner_bottle.png,"ExpForce(UT Austin, arXiv:2603.08668)",,ExpForce数据集许可
E106,刚体\E106\OxiClean_stain_remover_21.5_oz.png,"ExpForce(UT Austin, arXiv:2603.08668)",,ExpForce数据集许可
E107,刚体\E107\Head_and_Shoulders_shampoo_bottle.png,"ExpForce(UT Austin, arXiv:2603.08668)",,ExpForce数据集许可
E108,重脆\E108\Glass_Coca-Cola_bottle.png,"ExpForce(UT Austin, arXiv:2603.08668)",,ExpForce数据集许可
E109,刚体\E109\Small_bean_paste_tub.png,"ExpForce(UT Austin, arXiv:2603.08668)",,ExpForce数据集许可
E110,刚体\E110\Pocky_snack_box_Short-edge_orientation.png,"ExpForce(UT Austin, arXiv:2603.08668)",,ExpForce数据集许可
E111,刚体\E111\Granulated_sugar_32_oz.png,"ExpForce(UT Austin, arXiv:2603.08668)",,ExpForce数据集许可
E112,刚体\E112\Little_Debbie_Swiss_Rolls_box.png,"ExpForce(UT Austin, arXiv:2603.08668)",,ExpForce数据集许可
E113,刚体\E113\Toothpaste_box.png,"ExpForce(UT Austin, arXiv:2603.08668)",,ExpForce数据集许可
E114,柔性\E114\Red_plastic_cup.png,"ExpForce(UT Austin, arXiv:2603.08668)",,ExpForce数据集许可
E115,刚体\E115\Plastic_shot_cup_2_oz.png,"ExpForce(UT Austin, arXiv:2603.08668)",,ExpForce数据集许可
E116,重脆\E116\Glass_tumbler.png,"ExpForce(UT Austin, arXiv:2603.08668)",,ExpForce数据集许可
E117,重脆\E117\Margarita_glass.png,"ExpForce(UT Austin, arXiv:2603.08668)",,ExpForce数据集许可
E118,重脆\E118\Champagne_glass.png,"ExpForce(UT Austin, arXiv:2603.08668)",,ExpForce数据集许可
E119,重脆\E119\Wine_glass.png,"ExpForce(UT Austin, arXiv:2603.08668)",,ExpForce数据集许可
E120,重脆\E120\Ceramic_mug.png,"ExpForce(UT Austin, arXiv:2603.08668)",,ExpForce数据集许可
E121,刚体\E121\Plastic_mug.png,"ExpForce(UT Austin, arXiv:2603.08668)",,ExpForce数据集许可
E122,柔性\E122\Large_marshmallow.png,"ExpForce(UT Austin, arXiv:2603.08668)",,ExpForce数据集许可
E123,刚体\E123\Sweet_bean_paste_28oz.png,"ExpForce(UT Austin, arXiv:2603.08668)",,ExpForce数据集许可
E124,刚体\E124\OnePlus_Phone_Charger_Adapter.png,"ExpForce(UT Austin, arXiv:2603.08668)",,ExpForce数据集许可
E125,刚体\E125\Generic_Phone_Charger_Adapter.png,"ExpForce(UT Austin, arXiv:2603.08668)",,ExpForce数据集许可
E126,刚体\E126\Apple_MacBook_Power_Adapter.png,"ExpForce(UT Austin, arXiv:2603.08668)",,ExpForce数据集许可
E127,刚体\E127\Generic_AC_Power_Adapter.png,"ExpForce(UT Austin, arXiv:2603.08668)",,ExpForce数据集许可
E128,刚体\E128\Umbrella_Folded.png,"ExpForce(UT Austin, arXiv:2603.08668)",,ExpForce数据集许可
E129,刚体\E129\Handheld_Power_Drill.png,"ExpForce(UT Austin, arXiv:2603.08668)",,ExpForce数据集许可
FRA017,轻脆\FRA017\s0.png,Wikimedia Commons,https://commons.wikimedia.org/wiki/File:202601_A_Coffee_beverage_can_with_French_marigolds_garden_of_orange.jpg,CC BY-SA 4.0
FRA017,轻脆\FRA017\s1.png,Wikimedia Commons,"https://commons.wikimedia.org/wiki/File:Can_of_Diet_Sierra_Mist_lemon-lime_soda,_2011.jpg",CC0
FRA017,轻脆\FRA017\s2.png,Wikimedia Commons,https://commons.wikimedia.org/wiki/File:Aluminium_can_model_1_J.PNG,CC BY-SA 3.0
FRA017,轻脆\FRA017\s4.png,Wikimedia Commons,https://commons.wikimedia.org/wiki/File:Apple_vinegar_beverage_2.jpg,CC0
FRA017,轻脆\FRA017\s5.png,Wikimedia Commons,"https://commons.wikimedia.org/wiki/File:Teignmouth,_tin-can_sculpture_-_geograph.org.uk_-_1468973.jpg",CC BY-SA 2.0
FRA017,轻脆\FRA017\s6.png,Wikimedia Commons,https://commons.wikimedia.org/wiki/File:Beverage_cans.jpg,CC BY-SA 4.0
FRA017,轻脆\FRA017\s7.png,Wikimedia Commons,https://commons.wikimedia.org/wiki/File:Can.KuromatsuSarsaparilla.jpg,CC BY-SA 4.0
FRA017,轻脆\FRA017\s8.png,Wikimedia Commons,https://commons.wikimedia.org/wiki/File:Canada_Dry_ginger_ale_can.jpg,CC BY-SA 4.0
FRA017,轻脆\FRA017\s9.png,Wikimedia Commons,https://commons.wikimedia.org/wiki/File:Cans_of_soda_in_a_refrigerator_(14496480669).jpg,CC BY 2.0
FRA017,轻脆\FRA017\s10.png,Wikimedia Commons,https://commons.wikimedia.org/wiki/File:DIY_Beverage-can_alcohol_burner.jpg,CC BY-SA 3.0
FRA017,轻脆\FRA017\s11.png,Wikimedia Commons,https://commons.wikimedia.org/wiki/File:Discarded_beverage_can_(29573613).jpg,CC BY 2.0
FRA017,轻脆\FRA017\s12.png,Wikimedia Commons,https://commons.wikimedia.org/wiki/File:Flattened_beverage_can_with_German_-container_deposit-5144.jpg,CC BY-SA 4.0
FRA017,轻脆\FRA017\s13.png,Wikimedia Commons,https://commons.wikimedia.org/wiki/File:Rubbish_beverage_can.jpg,CC BY-SA 3.0
FRA017,轻脆\FRA017\s14.png,Wikimedia Commons,"https://commons.wikimedia.org/wiki/File:Wong_Lo_Kat_Herbal_Beverage,_310ml_Can,_United_States,_2022.jpg",CC BY-SA 4.0
FRA018,轻脆\FRA018\s0.png,Wikimedia Commons,https://commons.wikimedia.org/wiki/File:40mm_table_tennis_ball_Celluloid.jpg,CC0
FRA018,轻脆\FRA018\s1.png,Wikimedia Commons,https://commons.wikimedia.org/wiki/File:Assortment_of_40_mm_table_tennis_balls.jpg,CC BY-SA 3.0
FRA018,轻脆\FRA018\s2.png,Wikimedia Commons,https://commons.wikimedia.org/wiki/File:Ping_pong_balls_(27248626739).jpg,CC BY 2.0
FRA018,轻脆\FRA018\s3.png,Wikimedia Commons,https://commons.wikimedia.org/wiki/File:Ping_pong_balls_(8821354542).jpg,CC BY 2.0
FRA018,轻脆\FRA018\s4.png,Wikimedia Commons,https://commons.wikimedia.org/wiki/File:Ping_pong_balls_-_Flickr_-_Dean_Hochman.jpg,CC BY 2.0
FRA018,轻脆\FRA018\s5.png,Wikimedia Commons,https://commons.wikimedia.org/wiki/File:Ping_pong_balls_on_a_mirror.jpg,CC0
FRA018,轻脆\FRA018\s6.png,Wikimedia Commons,https://commons.wikimedia.org/wiki/File:SPiN_ping_pong_balls_1.jpg,CC BY 2.0
FRA018,轻脆\FRA018\s7.png,Wikimedia Commons,https://commons.wikimedia.org/wiki/File:Stiga_Cup_table_tennis_balls.jpg,CC BY-SA 4.0
FRA018,轻脆\FRA018\s8.png,Wikimedia Commons,https://commons.wikimedia.org/wiki/File:Table_tennis_balls_(2016-06-21).jpg,CC BY-SA 4.0
FRA018,轻脆\FRA018\s9.png,Wikimedia Commons,https://commons.wikimedia.org/wiki/File:Table_Tennis_Plastic_Ball_40%2B_mm.jpg,CC BY-SA 4.0
FRA018,轻脆\FRA018\s10.png,Wikimedia Commons,https://commons.wikimedia.org/wiki/File:Table_tennis_ball.png,CC BY-SA 3.0
FRA018,轻脆\FRA018\s11.png,Wikimedia Commons,https://commons.wikimedia.org/wiki/File:Orange_Ping_Pong_Ball_Close-up_(5864197488).jpg,CC BY 2.0
FRA018,轻脆\FRA018\s12.png,Wikimedia Commons,https://commons.wikimedia.org/wiki/File:Photo_balles_ping_pong_foyer.jpg,CC BY-SA 4.0
FRA018,轻脆\FRA018\s13.png,Wikimedia Commons,https://commons.wikimedia.org/wiki/File:Ping_Pong_(171410082).jpg,CC BY-SA 2.0
FRA018,轻脆\FRA018\s14.png,Wikimedia Commons,https://commons.wikimedia.org/wiki/File:Ping_Pong_(24800456449).jpg,CC BY 2.0
FRA019,轻脆\FRA019\s0.png,Wikimedia Commons,"https://commons.wikimedia.org/wiki/File:2020-01-02_02_01_27_The_contents_of_a_bag_of_Utz_Sour_Cream_and_Onion_flavored_Potato_Chips_in_the_Dulles_section_of_Sterling,_Loudoun_County,_Virginia.jpg",CC BY-SA 4.0
FRA019,轻脆\FRA019\s1.png,Wikimedia Commons,"https://commons.wikimedia.org/wiki/File:2020-09-29_21_13_53_A_bag_of_Utz_Ripples_Original_Potato_Chips_in_the_Dulles_section_of_Sterling,_Loudoun_County,_Virginia.jpg",CC BY-SA 4.0
FRA019,轻脆\FRA019\s2.png,Wikimedia Commons,https://commons.wikimedia.org/wiki/File:Opened_bag_of_Ruffles_All_Dressed_potato_chips.jpg,CC BY-SA 4.0
FRA019,轻脆\FRA019\s3.png,Wikimedia Commons,https://commons.wikimedia.org/wiki/File:Opened_bag_of_Ruffles_All_Dressed_potato_chips_(cropped).jpg,CC BY-SA 4.0
FRA019,轻脆\FRA019\s4.png,Wikimedia Commons,https://commons.wikimedia.org/wiki/File:Bag_of_potato_chips_Steven_Universe.png,CC BY-SA 2.0
FRA019,轻脆\FRA019\s5.png,Wikimedia Commons,"https://commons.wikimedia.org/wiki/File:2019-09-21_21_17_54_The_contents_of_a_bag_of_Sensible_Portions_Garden_Veggie_Sea_Salt_Wavy_Chips_at_the_Hampton_Inn_and_Suites_in_East_Greenbush,_Rensselaer_County,_New_York.jpg",CC BY-SA 4.0
FRA019,轻脆\FRA019\s6.png,Wikimedia Commons,https://commons.wikimedia.org/wiki/File:A_bag_of_Jimmy_Chips.jpg,CC BY-SA 3.0
FRA019,轻脆\FRA019\s7.png,Wikimedia Commons,"https://commons.wikimedia.org/wiki/File:Hurricane_shelter_in_LaPlace,_Louisiana_at_the_Saint_John_the_Baptist_Parish_Community_Center_-_Zapp%27s_Spicy_Cajun_Crawtator_Potato_Chips.jpg",CC BY-SA 2.0
FRA019,轻脆\FRA019\s8.png,Wikimedia Commons,https://commons.wikimedia.org/wiki/File:Monkey_eating_a_packet_of_chips.jpg,CC BY-SA 4.0
FRA019,轻脆\FRA019\s9.png,Wikimedia Commons,https://commons.wikimedia.org/wiki/File:Chips_-_Best_before_12.01.20201.jpg,CC BY-SA 4.0
FRA019,轻脆\FRA019\s10.png,Wikimedia Commons,https://commons.wikimedia.org/wiki/File:Battered_cod_potato_wedges_Capel_Manor_College_caf%C3%A9_Enfield_London_England_01.jpg,CC BY-SA 4.0
FRA019,轻脆\FRA019\s11.png,Wikimedia Commons,https://commons.wikimedia.org/wiki/File:Battered_cod_potato_wedges_Capel_Manor_College_caf%C3%A9_Enfield_London_England_02.jpg,CC BY-SA 4.0
FRA019,轻脆\FRA019\s12.png,Wikimedia Commons,https://commons.wikimedia.org/wiki/File:Battered_cod_potato_wedges_leftovers_Capel_Manor_College_caf%C3%A9_Enfield_London_England_01.jpg,CC BY-SA 4.0
FRA019,轻脆\FRA019\s13.png,Wikimedia Commons,https://commons.wikimedia.org/wiki/File:Battered_cod_potato_wedges_leftovers_Capel_Manor_College_caf%C3%A9_Enfield_London_England_02.jpg,CC BY-SA 4.0
FRA019,轻脆\FRA019\s14.png,Wikimedia Commons,https://commons.wikimedia.org/wiki/File:A_Long_Way_From_Home_(53527425744).jpg,CC BY 2.0
FRA020,轻脆\FRA020\s0.png,Wikimedia Commons,"https://commons.wikimedia.org/wiki/File:2026-05-09_14_19_16_Kellogg%E2%80%99s_zesta_saltine_crackers_at_Capital_Health_Medical_Center_-_Hopewell_in_Hopewell_Township,_Mercer_County,_New_Jersey.jpg",CC BY-SA 4.0
FRA020,轻脆\FRA020\s1.png,Wikimedia Commons,https://commons.wikimedia.org/wiki/File:Arnott%27s_Jatz_crackers.jpg,CC0
FRA020,轻脆\FRA020\s2.png,Wikimedia Commons,https://commons.wikimedia.org/wiki/File:Barth%27s_Crackers.jpg,CC BY-SA 4.0
FRA020,轻脆\FRA020\s3.png,Wikimedia Commons,https://commons.wikimedia.org/wiki/File:Cheese_with_three_crackers_raphaelle_peale.jpg,Public domain
FRA020,轻脆\FRA020\s4.png,Wikimedia Commons,"https://commons.wikimedia.org/wiki/File:Cheese,_dry_fruits,_nuts,_crackers_and_wine_with_friends_in_Chapel_Hill,_Queensland.jpg",CC BY-SA 4.0
FRA020,轻脆\FRA020\s5.png,Wikimedia Commons,https://commons.wikimedia.org/wiki/File:Cracker_(1).jpg,Public domain
FRA020,轻脆\FRA020\s6.png,Wikimedia Commons,https://commons.wikimedia.org/wiki/File:Cracker_food_cake.jpg,Public domain
FRA020,轻脆\FRA020\s7.png,Wikimedia Commons,https://commons.wikimedia.org/wiki/File:Cracker_on_sales.jpg,CC BY-SA 4.0
FRA020,轻脆\FRA020\s8.png,Wikimedia Commons,https://commons.wikimedia.org/wiki/File:Crackers_and_Oreo.jpg,CC BY-SA 4.0
FRA020,轻脆\FRA020\s9.png,Wikimedia Commons,https://commons.wikimedia.org/wiki/File:Crackers_and_pimento_cheese.jpg,CC BY-SA 4.0
FRA020,轻脆\FRA020\s10.png,Wikimedia Commons,https://commons.wikimedia.org/wiki/File:Crackers_Food.jpg,CC BY-SA 4.0
FRA020,轻脆\FRA020\s11.png,Wikimedia Commons,https://commons.wikimedia.org/wiki/File:Crackers_for_tasting_cheese_(11595321596).jpg,CC BY 2.0
FRA020,轻脆\FRA020\s12.png,Wikimedia Commons,https://commons.wikimedia.org/wiki/File:Cream_of_celery_and_chicken_soup.jpg,CC BY 2.0
FRA020,轻脆\FRA020\s13.png,Wikimedia Commons,https://commons.wikimedia.org/wiki/File:Cut_open_cherry_brie_en_croute_with_crackers_and_cheese_knife_(26775667936).jpg,CC BY 2.0
FRA020,轻脆\FRA020\s14.png,Wikimedia Commons,"https://commons.wikimedia.org/wiki/File:-2021-12-28_Cream_crackers,_red_Leicester,_pickled_shallots_and_red_cabbage,_Trimingham,_Norfolk_(1).JPG",CC BY-SA 4.0
FRA021,轻脆\FRA021\s0.png,Wikimedia Commons,https://commons.wikimedia.org/wiki/File:Biscuit_roul%C3%A9.JPG,CC BY-SA 3.0
FRA021,轻脆\FRA021\s1.png,Wikimedia Commons,https://commons.wikimedia.org/wiki/File:Egg_rolls.jpg,CC BY-SA 3.0
FRA021,轻脆\FRA021\s2.png,Wikimedia Commons,https://commons.wikimedia.org/wiki/File:Monde_serena_egg_rolls.jpg,CC BY-SA 4.0
FRA021,轻脆\FRA021\s3.png,Wikimedia Commons,https://commons.wikimedia.org/wiki/File:Taro_egg_rolls.jpg,CC0
FRA021,轻脆\FRA021\s4.png,Wikimedia Commons,https://commons.wikimedia.org/wiki/File:1929_ESTAMPA_15.1.jpg,Public domain
FRA021,轻脆\FRA021\s5.png,Wikimedia Commons,https://commons.wikimedia.org/wiki/File:1929_ESTAMPA_15.2.jpg,Public domain
FRA021,轻脆\FRA021\s6.png,Wikimedia Commons,https://commons.wikimedia.org/wiki/File:1929_ESTAMPA_15.3.jpg,Public domain
FRA021,轻脆\FRA021\s7.png,Wikimedia Commons,https://commons.wikimedia.org/wiki/File:Almirante_-_Barquillo_(6032874569).jpg,CC BY 2.0
FRA021,轻脆\FRA021\s8.png,Wikimedia Commons,https://commons.wikimedia.org/wiki/File:Almirante_-_Barquillo_(6032875669).jpg,CC BY 2.0
FRA021,轻脆\FRA021\s9.png,Wikimedia Commons,https://commons.wikimedia.org/wiki/File:Almirante_-_Barquillo_(6032878027).jpg,CC BY 2.0
FRA021,轻脆\FRA021\s10.png,Wikimedia Commons,https://commons.wikimedia.org/wiki/File:Almirante_-_Barquillo_(6033430398).jpg,CC BY 2.0
FRA021,轻脆\FRA021\s11.png,Wikimedia Commons,https://commons.wikimedia.org/wiki/File:Almirante_-_Barquillo_(6033433706).jpg,CC BY 2.0
FRA021,轻脆\FRA021\s12.png,Wikimedia Commons,"https://commons.wikimedia.org/wiki/File:Barquillo,_29_-2.jpg",CC BY-SA 4.0
FRA021,轻脆\FRA021\s13.png,Wikimedia Commons,https://commons.wikimedia.org/wiki/File:Barquillo_-_Madrid_-_T%C3%B3came_Roque.JPG,CC BY-SA 3.0
FRA021,轻脆\FRA021\s14.png,Wikimedia Commons,https://commons.wikimedia.org/wiki/File:Barquillo_7_(1852).jpg,Public domain
FRA024,轻脆\FRA024\s0.png,Wikimedia Commons,https://commons.wikimedia.org/wiki/File:A_Four_Chicken_Eggs_on_the_Egg_Cartons.jpg,CC BY-SA 4.0
FRA024,轻脆\FRA024\s1.png,Wikimedia Commons,https://commons.wikimedia.org/wiki/File:Chicken_raw_egg_lit_from_below.jpg,CC BY-SA 4.0
FRA024,轻脆\FRA024\s2.png,Wikimedia Commons,https://commons.wikimedia.org/wiki/File:Chicken_raw_egg_with_broken_shell.jpg,CC BY-SA 4.0
FRA024,轻脆\FRA024\s3.png,Wikimedia Commons,https://commons.wikimedia.org/wiki/File:%22Egg_transportation_in_Tamil_Nadu%22.jpg,CC BY-SA 3.0
FRA024,轻脆\FRA024\s4.png,Wikimedia Commons,https://commons.wikimedia.org/wiki/File:A_Basket_of_Chicken_Eggs_at_Tuen_Mun.jpg,CC BY-SA 4.0
FRA024,轻脆\FRA024\s5.png,Wikimedia Commons,https://commons.wikimedia.org/wiki/File:A_Basket_of_Shenzhen_Farm_Chicken_Eggs_from_Leung_Kee_Herbal_Tea_and_Fruit.jpg,CC BY-SA 4.0
FRA024,轻脆\FRA024\s6.png,Wikimedia Commons,https://commons.wikimedia.org/wiki/File:A_box_of_Chicken_eggs_in_Yuen_Long_Market.jpg,CC BY-SA 4.0
FRA024,轻脆\FRA024\s7.png,Wikimedia Commons,https://commons.wikimedia.org/wiki/File:A_Box_of_Newborn_Chicken_Eggs_from_Ming_Tien_Cantonese_Dining_Hall.jpg,CC BY-SA 4.0
FRA024,轻脆\FRA024\s8.png,Wikimedia Commons,https://commons.wikimedia.org/wiki/File:A_chicken_eggs_from_hong_kong.jpg,CC BY-SA 4.0
FRA024,轻脆\FRA024\s9.png,Wikimedia Commons,https://commons.wikimedia.org/wiki/File:A_picture_of_egg_plate.jpg,CC BY-SA 4.0
FRA024,轻脆\FRA024\s10.png,Wikimedia Commons,https://commons.wikimedia.org/wiki/File:A_Still_life_with_box_of_chicken_eggs.jpg,CC BY-SA 4.0
FRA024,轻脆\FRA024\s11.png,Wikimedia Commons,https://commons.wikimedia.org/wiki/File:A_two_boxes_of_chicken_eggs_and_vegetables_with_some_fruits_in_the_food_boxes.jpg,CC BY-SA 4.0
FRA024,轻脆\FRA024\s12.png,Wikimedia Commons,https://commons.wikimedia.org/wiki/File:Chicken_Egg_without_Eggshell_5859.jpg,CC BY 3.0
FRA024,轻脆\FRA024\s13.png,Wikimedia Commons,https://commons.wikimedia.org/wiki/File:Chicken_egg01_monovular.jpg,CC BY 3.0
FRA024,轻脆\FRA024\s14.png,Wikimedia Commons,https://commons.wikimedia.org/wiki/File:Hand_holds_a_raw_white_egg_in_a_dimly_lit_kitchen.jpg,CC BY 2.0
FRA025,轻脆\FRA025\s0.png,Wikimedia Commons,https://commons.wikimedia.org/wiki/File:A_Century_egg_on_the_red_basket_in_Lau_Fau_Shan.jpg,CC BY-SA 4.0
FRA025,轻脆\FRA025\s1.png,Wikimedia Commons,https://commons.wikimedia.org/wiki/File:A_basket_of_Century_Eggs_in_Lau_Fau_Shan.jpg,CC BY-SA 4.0
FRA025,轻脆\FRA025\s2.png,Wikimedia Commons,https://commons.wikimedia.org/wiki/File:A_box_of_Century_eggs_in_Lau_Fau_Shan.jpg,CC BY-SA 4.0
FRA025,轻脆\FRA025\s3.png,Wikimedia Commons,https://commons.wikimedia.org/wiki/File:Arranged_century_egg_on_a_plate.jpg,CC BY-SA 2.0
FRA025,轻脆\FRA025\s4.png,Wikimedia Commons,https://commons.wikimedia.org/wiki/File:Century_Egg_(8523606266).jpg,CC BY-SA 2.0
FRA025,轻脆\FRA025\s5.png,Wikimedia Commons,https://commons.wikimedia.org/wiki/File:Century_Egg_Whole.jpeg,CC BY-SA 2.0
FRA025,轻脆\FRA025\s6.png,Wikimedia Commons,https://commons.wikimedia.org/wiki/File:Century_Eggs_Pack.JPG,CC0
FRA025,轻脆\FRA025\s7.png,Wikimedia Commons,https://commons.wikimedia.org/wiki/File:Century_Eggs_and_Quail_Eggs_with_Chicken_Eggs_in_cart.jpg,CC BY-SA 4.0
FRA025,轻脆\FRA025\s8.png,Wikimedia Commons,https://commons.wikimedia.org/wiki/File:Century_egg.jpg,CC BY 2.0
FRA025,轻脆\FRA025\s9.png,Wikimedia Commons,https://commons.wikimedia.org/wiki/File:Century_egg_%26_tofu.jpg,CC BY-SA 4.0
FRA025,轻脆\FRA025\s10.png,Wikimedia Commons,https://commons.wikimedia.org/wiki/File:Century_egg_by_Kent_Wang.jpg,CC BY-SA 2.0
FRA025,轻脆\FRA025\s11.png,Wikimedia Commons,https://commons.wikimedia.org/wiki/File:Century_egg_porridge_with_lean_meat_by_sfllaw_in_Montreal.jpg,CC BY-SA 2.0
FRA025,轻脆\FRA025\s12.png,Wikimedia Commons,https://commons.wikimedia.org/wiki/File:Century_egg_served_with_pickled_ginger.jpg,CC BY 4.0
FRA025,轻脆\FRA025\s13.png,Wikimedia Commons,https://commons.wikimedia.org/wiki/File:Century_egg_sliced_open.jpeg,CC BY-SA 3.0
FRA025,轻脆\FRA025\s14.png,Wikimedia Commons,https://commons.wikimedia.org/wiki/File:Century_egg_snow_flake.jpg,CC BY-SA 3.0
FRA026,轻脆\FRA026\s0.png,Wikimedia Commons,https://commons.wikimedia.org/wiki/File:20091004_Walnuts.jpg,CC BY-SA 2.0
FRA026,轻脆\FRA026\s1.png,Wikimedia Commons,https://commons.wikimedia.org/wiki/File:3_walnuts.jpg,CC BY-SA 3.0
FRA026,轻脆\FRA026\s2.png,Wikimedia Commons,https://commons.wikimedia.org/wiki/File:A_box_of_walnuts_at_Sham_Shui_Po.jpg,CC BY-SA 4.0
FRA026,轻脆\FRA026\s3.png,Wikimedia Commons,https://commons.wikimedia.org/wiki/File:A_Burning_Opened_Walnut_Half.JPG,CC BY-SA 4.0
FRA026,轻脆\FRA026\s4.png,Wikimedia Commons,https://commons.wikimedia.org/wiki/File:A_Burning_Walnut_3.jpg,CC BY-SA 4.0
FRA026,轻脆\FRA026\s5.png,Wikimedia Commons,https://commons.wikimedia.org/wiki/File:A_Pair_Of_Chnese_Collectible_Walnuts.jpg,CC BY-SA 4.0
FRA026,轻脆\FRA026\s6.png,Wikimedia Commons,https://commons.wikimedia.org/wiki/File:A_pair_of_walnuts.jpg,CC BY-SA 4.0
FRA026,轻脆\FRA026\s7.png,Wikimedia Commons,https://commons.wikimedia.org/wiki/File:AMERICAN_WHOLE_WALNUT.jpg,CC0
FRA026,轻脆\FRA026\s8.png,Wikimedia Commons,"https://commons.wikimedia.org/wiki/File:Black_Diamond_walnuts_McCalls_v050_n04_(1923-01)_(-03,_04,_16,_17,_25,_26,_40,_41,_68,_69)_0040.jpg",Public domain
FRA026,轻脆\FRA026\s9.png,Wikimedia Commons,https://commons.wikimedia.org/wiki/File:Black_walnut_cracked_open_to_expose_meat.jpg,CC BY-SA 4.0
FRA026,轻脆\FRA026\s10.png,Wikimedia Commons,https://commons.wikimedia.org/wiki/File:Black_walnut_cracked_open.jpg,CC BY-SA 4.0
FRA026,轻脆\FRA026\s11.png,Wikimedia Commons,https://commons.wikimedia.org/wiki/File:Black_walnut_fruits_on_the_ground.jpg,CC BY-SA 4.0
FRA026,轻脆\FRA026\s12.png,Wikimedia Commons,https://commons.wikimedia.org/wiki/File:Close_up_of_an_old_man_peeling_the_walnut_skin_with_a_knife_-_50431897463.jpg,CC BY 2.0
FRA026,轻脆\FRA026\s13.png,Wikimedia Commons,https://commons.wikimedia.org/wiki/File:A_walnut_out_of_the_shell.jpg,CC BY-SA 4.0
FRA026,轻脆\FRA026\s14.png,Wikimedia Commons,https://commons.wikimedia.org/wiki/File:Band_Shell_Walnut_Hill_Park.jpg,CC0
FRA027,轻脆\FRA027\s0.png,Wikimedia Commons,https://commons.wikimedia.org/wiki/File:Dried_Noodles_in_Market_-_Tansen_-_Nepal_(13773299734).jpg,CC BY-SA 2.0
FRA027,轻脆\FRA027\s1.png,Wikimedia Commons,"https://commons.wikimedia.org/wiki/File:Dried_fish,_soy_beans,_corn,_and_salsa_on_mixed_noodles,_with_guacamole_habanero_sauce_-_Massachusetts.jpg",CC0
FRA027,轻脆\FRA027\s2.png,Wikimedia Commons,"https://commons.wikimedia.org/wiki/File:Dried_shiitake_and_eggplant_noodles,_vegan_(7596900412).jpg",CC BY 2.0
FRA027,轻脆\FRA027\s3.png,Wikimedia Commons,https://commons.wikimedia.org/wiki/File:Dried_soba_noodles_and_package_by_FotoosVanRobin.jpg,CC BY-SA 2.0
FRA027,轻脆\FRA027\s4.png,Wikimedia Commons,https://commons.wikimedia.org/wiki/File:Dried_soba_noodles_by_FotoosVanRobin.jpg,CC BY-SA 2.0
FRA027,轻脆\FRA027\s5.png,Wikimedia Commons,https://commons.wikimedia.org/wiki/File:Futu-sun-dried-noodles-0060.jpg,CC BY-SA 3.0
FRA027,轻脆\FRA027\s6.png,Wikimedia Commons,https://commons.wikimedia.org/wiki/File:Futu-sun-dried-noodles-0061.jpg,CC BY-SA 3.0
FRA027,轻脆\FRA027\s7.png,Wikimedia Commons,"https://commons.wikimedia.org/wiki/File:Yakisoba_fried_noodles_with_pork,_cabbage,_bean_sprouts,_carrots,_and_onions_topped_with_dried_seaweed_and_pickled_ginger_%E8%B1%9A%E8%82%89%E9%87%8E%E8%8F%9C%E3%82%BD%E3%83%BC%E3%82%B9%E7%84%BC%E3%81%8D%E3%81%9D%E3%81%B0.jpg",CC BY 2.0
FRA027,轻脆\FRA027\s8.png,Wikimedia Commons,"https://commons.wikimedia.org/wiki/File:%E9%A6%99%E8%8F%87%E8%9A%9D%E8%B1%89%E7%84%96%E8%8A%A5%E8%8F%9C%E5%8D%A4%E9%9D%A2_Noodles_with_Stewed_Mustard_Greens,_Shiitake_Mushroom_and_Dried_Oysters_(4859608049).jpg",CC BY-SA 2.0
FRA027,轻脆\FRA027\s9.png,Wikimedia Commons,https://commons.wikimedia.org/wiki/File:20171115_Noodle_Village_Phonsavan_2599_DxO.jpg,CC BY-SA 4.0
FRA027,轻脆\FRA027\s10.png,Wikimedia Commons,https://commons.wikimedia.org/wiki/File:20171115_Noodle_Village_Phonsavan_2600_DxO.jpg,CC BY-SA 4.0
FRA027,轻脆\FRA027\s11.png,Wikimedia Commons,https://commons.wikimedia.org/wiki/File:A_Steamed_Rice_Noodle_Rolls_with_dried_Shrimps_and_green_onion_from_Fat_Kee_Yuen_Long.jpg,CC BY-SA 4.0
FRA027,轻脆\FRA027\s12.png,Wikimedia Commons,https://commons.wikimedia.org/wiki/File:A_bowl_Cart_Noodle_Soup_with_Octopus_Ball_and_Dried_Tofu_and_fish_dumplings.jpg,CC BY-SA 4.0
FRA027,轻脆\FRA027\s13.png,Wikimedia Commons,https://commons.wikimedia.org/wiki/File:Brooklyn_Museum_-_Young_Girl_and_Servant_Drying_Japanese_Fine_Noodles_-_Suzuki_Harunobu.jpg,Public domain
FRA027,轻脆\FRA027\s14.png,Wikimedia Commons,https://commons.wikimedia.org/wiki/File:Chauchau_(Nepali_Instant_Noodles_Snack).jpg,CC0
FRA028,轻脆\FRA028\s0.png,Wikimedia Commons,https://commons.wikimedia.org/wiki/File:1-chalk_powder_making-boiler.jpg,CC BY-SA 3.0
FRA028,轻脆\FRA028\s1.png,Wikimedia Commons,https://commons.wikimedia.org/wiki/File:1chalk_powder.jpg,CC BY-SA 3.0
FRA028,轻脆\FRA028\s2.png,Wikimedia Commons,https://commons.wikimedia.org/wiki/File:2005_squeegee_sponge_chalk.jpg,CC BY-SA 3.0
FRA028,轻脆\FRA028\s3.png,Wikimedia Commons,"https://commons.wikimedia.org/wiki/File:Bead_1,_Chalk_bead_(FindID_225826).jpg",CC BY-SA 2.0
FRA028,轻脆\FRA028\s4.png,Wikimedia Commons,"https://commons.wikimedia.org/wiki/File:Big_Dill_pickle-shaped_chalk,_unknown_designer,_produced_by_Fred,_circa_2023,_11.4_x_3.5_x_3.5_cm,_sold_at_Urban_Outfitters_in_the_Aventura_Mall_in_Florida,_US.jpg",CC0
FRA028,轻脆\FRA028\s5.png,Wikimedia Commons,"https://commons.wikimedia.org/wiki/File:Blessing_of_Chalk,_Frankincense_and_Myrrh_during_the_Mass_Liturgy_of_the_Epiphany_in_Poland.JPG",CC BY-SA 4.0
FRA028,轻脆\FRA028\s6.png,Wikimedia Commons,"https://commons.wikimedia.org/wiki/File:Blessing_of_Chalk,_Frankincense_and_Myrrh_during_the_Mass_Liturgy_of_the_Epiphany,_in_Poland.JPG",CC BY-SA 4.0
FRA028,轻脆\FRA028\s7.png,Wikimedia Commons,"https://commons.wikimedia.org/wiki/File:Chalk_(%22Upper_Chalk%22_Formation,_Upper_Cretaceous;_White_Cliffs_of_Dover,_England,_southern_Britain).jpg",CC BY 2.0
FRA028,轻脆\FRA028\s8.png,Wikimedia Commons,"https://commons.wikimedia.org/wiki/File:Chalk_(Annona_Chalk,_Upper_Cretaceous;_White_Cliffs_of_the_Little_River,_Arkansas,_USA)_(40795385595).jpg",CC BY 2.0
FRA028,轻脆\FRA028\s9.png,Wikimedia Commons,https://commons.wikimedia.org/wiki/File:Chalk_(kreda)_1.JPG,CC BY-SA 3.0
FRA028,轻脆\FRA028\s10.png,Wikimedia Commons,https://commons.wikimedia.org/wiki/File:Chalk_(kreda).JPG,CC BY-SA 3.0
FRA028,轻脆\FRA028\s11.png,Wikimedia Commons,"https://commons.wikimedia.org/wiki/File:Chalk_at_Cooper%27s_Pit_RIGS,_Wincheap.jpg",CC0
FRA028,轻脆\FRA028\s12.png,Wikimedia Commons,https://commons.wikimedia.org/wiki/File:Chalk_layers_in_Cyprus_(Paphos-Limassol)_01.jpg,CC BY 3.0
FRA028,轻脆\FRA028\s13.png,Wikimedia Commons,https://commons.wikimedia.org/wiki/File:Chalk_layers_in_Cyprus_(Paphos-Limassol)_03.jpg,CC BY 3.0
FRA028,轻脆\FRA028\s14.png,Wikimedia Commons,https://commons.wikimedia.org/wiki/File:Chalk_Mons_Klint.JPG,CC BY-SA 4.0
FRA029,轻脆\FRA029\s0.png,Wikimedia Commons,"https://commons.wikimedia.org/wiki/File:Candle_light,_pillar_candle.jpg",CC BY-SA 3.0
FRA029,轻脆\FRA029\s1.png,Wikimedia Commons,"https://commons.wikimedia.org/wiki/File:Ss_Peter_and_Thomas%27_Church,_Stambourne,_Essex_-_candle_with_Chi_Rho_christogram.jpg",CC BY-SA 4.0
FRA029,轻脆\FRA029\s2.png,Wikimedia Commons,"https://commons.wikimedia.org/wiki/File:Church_of_St_Andrew%27s,_Boreham,_Essex_-_candle_with_Chi_Rho_christogram.jpg",CC BY-SA 4.0
FRA029,轻脆\FRA029\s3.png,Wikimedia Commons,https://commons.wikimedia.org/wiki/File:A_candle_with_runes_on_a_saucer_-_Kerze_mit_Runen_auf_Unterteller.jpg,CC BY-SA 4.0
FRA029,轻脆\FRA029\s4.png,Wikimedia Commons,https://commons.wikimedia.org/wiki/File:A_candle_with_runes_on_a_tablecloth_with_runes_-_Kerze_mit_Runen_auf_Tischdecke_mit_Runen.jpg,CC BY-SA 4.0
FRA029,轻脆\FRA029\s5.png,Wikimedia Commons,"https://commons.wikimedia.org/wiki/File:Blue,_white,_red_candles_in_prayer_for_people_affected_by_the_November_2015_Paris_attacks_(22974591656).jpg",CC BY 2.0
FRA029,轻脆\FRA029\s6.png,Wikimedia Commons,https://commons.wikimedia.org/wiki/File:Candle_arrangement.JPG,CC BY-SA 3.0
FRA029,轻脆\FRA029\s7.png,Wikimedia Commons,https://commons.wikimedia.org/wiki/File:Candle_made_out_of_dollar_bills.jpg,CC BY 2.0
FRA029,轻脆\FRA029\s8.png,Wikimedia Commons,https://commons.wikimedia.org/wiki/File:Candle-10_years_Wikipedia-P1420642r3.jpg,CC BY-SA 3.0
FRA029,轻脆\FRA029\s9.png,Wikimedia Commons,https://commons.wikimedia.org/wiki/File:Church_of_St_Mary_Magdalen_Laver_Essex_England_-_candle_chandelier.jpg,CC BY-SA 4.0
FRA029,轻脆\FRA029\s10.png,Wikimedia Commons,"https://commons.wikimedia.org/wiki/File:Church_of_the_Holy_Trinity_-_choir_stalls_and_candle_-_East_Grimstead,_Wiltshire,_England.jpg",CC BY-SA 4.0
FRA029,轻脆\FRA029\s11.png,Wikimedia Commons,https://commons.wikimedia.org/wiki/File:Pourquoi._Lit_candle._(22590133777).jpg,CC BY 2.0
FRA029,轻脆\FRA029\s12.png,Wikimedia Commons,"https://commons.wikimedia.org/wiki/File:Church_of_St_Mary_the_Virgin,_Sheering,_Essex_~_chancel_altar_and_east_window.jpg",CC BY-SA 4.0
FRA029,轻脆\FRA029\s13.png,Wikimedia Commons,"https://commons.wikimedia.org/wiki/File:St_Mary%27s_Church,_Stapleford_Tawney,_Essex,_England_~_Bibles_and_prayer_books.jpg",CC BY-SA 4.0
FRA029,轻脆\FRA029\s14.png,Wikimedia Commons,"https://commons.wikimedia.org/wiki/File:Church_of_St_Andrew%27s,_Boreham,_Essex_-_pulpit.jpg",CC BY-SA 4.0
FRA030,轻脆\FRA030\s0.png,Wikimedia Commons,"https://commons.wikimedia.org/wiki/File:Adolf_Hitler_caricature_pincushion_figurine_made_of_painted_plaster_and_cotton,_United_States,_circa_1941,_Spurlock_Museum,_University_of_Illinois,_Urbana-Champaign_(Gary_Todd).jpg",Public domain
FRA030,轻脆\FRA030\s1.png,Wikimedia Commons,"https://commons.wikimedia.org/wiki/File:Austin_L._Davison,_Plaster_Cast_Figurine,_c._1940,_NGA_22037.jpg",CC0
FRA030,轻脆\FRA030\s2.png,Wikimedia Commons,"https://commons.wikimedia.org/wiki/File:Cycladic_figurine,_plaster_cast_after_original_from_Siphnos,_c._2800-2300_BC_-_Teece_Museum_of_Classical_Antiquities_-_Christchurch,_NZ_-_DSC01893.jpg",Public domain
FRA030,轻脆\FRA030\s3.png,Wikimedia Commons,"https://commons.wikimedia.org/wiki/File:Figurine_of_Horus,_Egypt,_New_Kingdom,_probably_19th_dynasty,_about_1293-1185_BC,_wood,_plaster,_and_polychrome_decoration_-_Fitchburg_Art_Museum_-_DSC08594.JPG",CC0
FRA030,轻脆\FRA030\s4.png,Wikimedia Commons,"https://commons.wikimedia.org/wiki/File:Figurine_of_Ptah-Sokar-Osiris,_Egypt,_Late_Period,_about_747-332_BC,_wood,_plaster,_and_polychrome_decoration_-_Fitchburg_Art_Museum_-_DSC08591.JPG",CC0
FRA030,轻脆\FRA030\s5.png,Wikimedia Commons,https://commons.wikimedia.org/wiki/File:Modern_gypsum_plaster_(plaster_of_Paris)_figurine_(FindID_582639).jpg,CC BY-SA 4.0
FRA030,轻脆\FRA030\s6.png,Wikimedia Commons,https://commons.wikimedia.org/wiki/File:Modern_gypsum_plaster_(plaster_of_Paris)_figurine_(FindID_582639-443879).jpg,CC BY-SA 4.0
FRA030,轻脆\FRA030\s7.png,Wikimedia Commons,"https://commons.wikimedia.org/wiki/File:Figurine_from_Fakhariyah_(female),_Tell_Fakhariyah,_Pre-pottery_Neolithic_B,_9000-7000_BC,_gypsum_with_bitumen_and_stone_inlays_-_Oriental_Institute_Museum,_University_of_Chicago_-_DSC07633.JPG",CC0
FRA030,轻脆\FRA030\s8.png,Wikimedia Commons,"https://commons.wikimedia.org/wiki/File:Figurine_from_Fakhariyah_(male),_Tell_Fakhariyah,_Pre-pottery_Neolithic_B,_9000-7000_BC,_gypsum_with_bitumen_and_stone_inlays_-_Oriental_Institute_Museum,_University_of_Chicago_-_DSC07636.JPG",CC0
FRA030,轻脆\FRA030\s9.png,Wikimedia Commons,https://commons.wikimedia.org/wiki/File:Votive_Figurine_Khafaje_Iraq_Early_Dynastic_II_3rd_Millenium_Gypsum_(64319210).jpg,CC BY 2.0
FRA030,轻脆\FRA030\s10.png,Wikimedia Commons,https://commons.wikimedia.org/wiki/File:DSCF1143_A_child_paints_a_row_of_plaster_figurines_at_a_seaside_craft_stall_as_vendors_watch_from_the_railing_at_dusk.jpg,CC BY-SA 4.0
FRA030,轻脆\FRA030\s11.png,Wikimedia Commons,https://commons.wikimedia.org/wiki/File:Figurine_(AM_2012.19.316-10).jpg,CC BY 4.0
FRA030,轻脆\FRA030\s12.png,Wikimedia Commons,https://commons.wikimedia.org/wiki/File:Figurine_(AM_2012.19.316-11).jpg,CC BY 4.0
FRA030,轻脆\FRA030\s13.png,Wikimedia Commons,https://commons.wikimedia.org/wiki/File:Figurine_(AM_2012.19.316-12).jpg,CC BY 4.0
FRA030,轻脆\FRA030\s14.png,Wikimedia Commons,https://commons.wikimedia.org/wiki/File:Figurine_(AM_2012.19.316-5).jpg,CC BY 4.0
FRA041,轻脆\FRA041\s0.png,Wikimedia Commons,https://commons.wikimedia.org/wiki/File:13_chocolate_chip_cookies_in_detail.jpg,CC BY 2.0
FRA041,轻脆\FRA041\s1.png,Wikimedia Commons,https://commons.wikimedia.org/wiki/File:14_more_chocolate_chip_cookies.jpg,CC BY 2.0
FRA041,轻脆\FRA041\s2.png,Wikimedia Commons,"https://commons.wikimedia.org/wiki/File:2018.10.21_Low_Carbohydrate_Chocolate_Chip_Cookies,_Washington,_DC_USA_06722_(44777058354).jpg",CC BY-SA 2.0
FRA041,轻脆\FRA041\s3.png,Wikimedia Commons,"https://commons.wikimedia.org/wiki/File:2019-10-24_06_36_54_Chocolate_chip_cookies_in_the_Dulles_section_of_Sterling,_Loudoun_County,_Virginia.jpg",CC BY-SA 4.0
FRA041,轻脆\FRA041\s4.png,Wikimedia Commons,"https://commons.wikimedia.org/wiki/File:2019-11-05_09_07_08_A_chocolate_fudge_brownie_with_chocolate_chips,_slice_of_blueberry_pastry,_banana_nut_muffin_and_two_chocolate_chip_cookies_in_the_Dulles_section_of_Sterling,_Loudoun_County,_Virginia.jpg",CC BY-SA 4.0
FRA041,轻脆\FRA041\s5.png,Wikimedia Commons,"https://commons.wikimedia.org/wiki/File:2022-06-19_16_00_42_A_plate_of_chocolate_chip_cookies_in_the_Mountainview_section_of_Ewing_Township,_Mercer_County,_New_Jersey.jpg",CC BY-SA 4.0
FRA041,轻脆\FRA041\s6.png,Wikimedia Commons,https://commons.wikimedia.org/wiki/File:109_365_-_Double_Choc_Chip_Cookies_(6343791094).jpg,CC BY 2.0
FRA041,轻脆\FRA041\s7.png,Wikimedia Commons,"https://commons.wikimedia.org/wiki/File:2019-01-29_00_31_28_A_Good_Humor_Chocolate_Chip_Cookie_Sandwich_with_the_package_removed_in_the_Franklin_Farm_section_of_Oak_Hill,_Fairfax_County,_Virginia.jpg",CC BY-SA 4.0
FRA041,轻脆\FRA041\s8.png,Wikimedia Commons,"https://commons.wikimedia.org/wiki/File:2019-08-22_10_22_59_A_chocolate_chip_cookie_in_Purcellville,_Loudoun_County,_Virginia.jpg",CC BY-SA 4.0
FRA041,轻脆\FRA041\s9.png,Wikimedia Commons,"https://commons.wikimedia.org/wiki/File:2019-10-24_06_39_07_A_chocolate_chip_cookie_after_being_dunked_in_milk_in_the_Dulles_section_of_Sterling,_Loudoun_County,_Virginia.jpg",CC BY-SA 4.0
FRA041,轻脆\FRA041\s10.png,Wikimedia Commons,"https://commons.wikimedia.org/wiki/File:2019-10-24_06_42_56_A_chocolate_chip_cookie_sinking_into_a_cup_of_milk_in_the_Dulles_section_of_Sterling,_Loudoun_County,_Virginia.jpg",CC BY-SA 4.0
FRA041,轻脆\FRA041\s11.png,Wikimedia Commons,"https://commons.wikimedia.org/wiki/File:2019-12-23_07_54_22_A_chocolate_chip_cookie_in_the_Dulles_section_of_Sterling,_Loudoun_County,_Virginia.jpg",CC BY-SA 4.0
FRA041,轻脆\FRA041\s12.png,Wikimedia Commons,"https://commons.wikimedia.org/wiki/File:2019-12-23_23_04_37_A_chocolate_brownie_chocolate_chip_cookie_in_the_Dulles_section_of_Sterling,_Loudoun_County,_Virginia.jpg",CC BY-SA 4.0
FRA041,轻脆\FRA041\s13.png,Wikimedia Commons,"https://commons.wikimedia.org/wiki/File:2020-01-28_10_18_13_A_Famous_Amos_Bite_Size_Chocolate_Chip_Cookie_in_the_Dulles_section_of_Sterling,_Loudoun_County,_Virginia.jpg",CC BY-SA 4.0
FRA041,轻脆\FRA041\s14.png,Wikimedia Commons,"https://commons.wikimedia.org/wiki/File:2020-02-21_15_38_15_A_Klondike_Mrs._Fields_Ice_Cream_Chocolate_Chip_Cookie_Sandwich_in_the_Dulles_section_of_Sterling,_Loudoun_County,_Virginia.jpg",CC BY-SA 4.0
FRA042,轻脆\FRA042\s0.png,Wikimedia Commons,https://commons.wikimedia.org/wiki/File:486_Wafer.jpg,CC BY 2.0
FRA042,轻脆\FRA042\s1.png,Wikimedia Commons,https://commons.wikimedia.org/wiki/File:4th_Generation_Intel%C2%AE_Core%E2%84%A2_Processor_Wafer_Black.jpg,CC BY-SA 2.0
FRA042,轻脆\FRA042\s2.png,Wikimedia Commons,https://commons.wikimedia.org/wiki/File:4th_Generation_Intel%C2%AE_Core%E2%84%A2_Processor_Wafer_White.jpg,CC BY-SA 2.0
FRA042,轻脆\FRA042\s3.png,Wikimedia Commons,https://commons.wikimedia.org/wiki/File:A_wafer_consisting_of_MPC_designs_all_over_the_wafer_and_five_process_control_monitor_(PCM)_designs_for_ensuring_good_quality_of_the_processing.jpg,CC BY-SA 4.0
FRA042,轻脆\FRA042\s4.png,Wikimedia Commons,https://commons.wikimedia.org/wiki/File:A_Wafer_of_the_Latest_D-Wave_Quantum_Computers_(39188583425).jpg,CC BY 2.0
FRA042,轻脆\FRA042\s5.png,Wikimedia Commons,https://commons.wikimedia.org/wiki/File:Chips_on_6-Inch-Wafer_01.jpg,CC BY-SA 3.0
FRA042,轻脆\FRA042\s6.png,Wikimedia Commons,https://commons.wikimedia.org/wiki/File:Colorful_patterns_in_the_wafers_(5900040461).jpg,CC BY 2.0
FRA042,轻脆\FRA042\s7.png,Wikimedia Commons,https://commons.wikimedia.org/wiki/File:Exposed_150mm_6%22_wafer_with_hundreds_of_chips.jpg,CC BY-SA 4.0
FRA042,轻脆\FRA042\s8.png,Wikimedia Commons,https://commons.wikimedia.org/wiki/File:Hot_off_the_press_%E2%80%94_the_latest_D-Wave_wafer_of_quantum_processors_and_TIME_cover_story.jpg,CC BY 2.0
FRA042,轻脆\FRA042\s9.png,Wikimedia Commons,https://commons.wikimedia.org/wiki/File:InP_Mult-Project_Wafer_(graphic).jpg,CC BY-SA 4.0
FRA042,轻脆\FRA042\s10.png,Wikimedia Commons,https://commons.wikimedia.org/wiki/File:Cadbury-Snack-Wafer-Split.jpg,CC0
FRA042,轻脆\FRA042\s11.png,Wikimedia Commons,https://commons.wikimedia.org/wiki/File:200mm_Si_Wafer.png,CC BY-SA 4.0
FRA042,轻脆\FRA042\s12.png,Wikimedia Commons,https://commons.wikimedia.org/wiki/File:A_semiconductor_wafer_on_a_dicing_(blue)_tape._Few_chips_(dies)_from_the_wafer_have_already_been_picked_up_(removed)_for_further_manufacturing.png,CC BY-SA 4.0
FRA042,轻脆\FRA042\s13.png,Wikimedia Commons,https://commons.wikimedia.org/wiki/File:2008Computex_Intel_Atom_Launch_at_Grand_Hyatt_Taipei_the_Fab.jpg,CC BY-SA 4.0
FRA042,轻脆\FRA042\s14.png,Wikimedia Commons,https://commons.wikimedia.org/wiki/File:6_inch_SMIF_POD.jpg,CC BY-SA 3.0
FRA043,轻脆\FRA043\s0.png,Wikimedia Commons,https://commons.wikimedia.org/wiki/File:Arare_rice_crackers-0415.jpg,CC BY-SA 4.0
FRA043,轻脆\FRA043\s1.png,Wikimedia Commons,https://commons.wikimedia.org/wiki/File:Arare_rice_crackers_-_Osenbei_package-0412.jpg,CC BY-SA 4.0
FRA043,轻脆\FRA043\s2.png,Wikimedia Commons,"https://commons.wikimedia.org/wiki/File:Bell_peppers,_celery,_garlic_hummus,_marinated_olives,_and_Japanese_rice_soy_crackers_-_Massachusetts.jpg",CC0
FRA043,轻脆\FRA043\s3.png,Wikimedia Commons,https://commons.wikimedia.org/wiki/File:Bin_bin_rice_crackers.jpg,CC BY-SA 4.0
FRA043,轻脆\FRA043\s4.png,Wikimedia Commons,https://commons.wikimedia.org/wiki/File:Cheddar_cheese_and_Japanese_rice_crackers_with_black_sesame_and_soy_sauce_-_Massachusetts.jpg,CC0
FRA043,轻脆\FRA043\s5.png,Wikimedia Commons,https://commons.wikimedia.org/wiki/File:Crab-flavored_rice_crackers.jpg,CC0
FRA043,轻脆\FRA043\s6.png,Wikimedia Commons,https://commons.wikimedia.org/wiki/File:Drying_Javanese_rice_crackers_(karak)_in_the_sun.jpg,CC BY-SA 3.0
FRA043,轻脆\FRA043\s7.png,Wikimedia Commons,"https://commons.wikimedia.org/wiki/File:Green_olive_and_almond_tapenade_on_Japanese_rice_crackers_with_black_sesame,_toasted_-_Massachusetts.jpg",CC0
FRA043,轻脆\FRA043\s8.png,Wikimedia Commons,https://commons.wikimedia.org/wiki/File:Harbison_cheese_(Jasper_Hill)_on_Japanese_rice-soy_crackers_with_black_sesame_seeds_-_Massachusetts.jpg,CC0
FRA043,轻脆\FRA043\s9.png,Wikimedia Commons,https://commons.wikimedia.org/wiki/File:Javanese_rice_crackers_(karak)_ready_to_be_sold.jpg,CC BY-SA 3.0
FRA043,轻脆\FRA043\s10.png,Wikimedia Commons,"https://commons.wikimedia.org/wiki/File:Lamb_loin_chops,_peas,_cheddar,_and_rice-soy_crackers_-_Massachusetts.jpg",CC0
FRA043,轻脆\FRA043\s11.png,Wikimedia Commons,https://commons.wikimedia.org/wiki/File:Little_Hosmer_cheese_(Jasper_Hill)_on_Japanese_rice-soy_crackers_with_black_sesame_seeds_-_Massachusetts.jpg,CC0
FRA043,轻脆\FRA043\s12.png,Wikimedia Commons,"https://commons.wikimedia.org/wiki/File:Mascarpone_ice_cream,_red_bean,_chestnuts,_rice_crackers,_green_tea_sauce.jpg",CC BY 2.0
FRA043,轻脆\FRA043\s13.png,Wikimedia Commons,"https://commons.wikimedia.org/wiki/File:Mascarpone_ice_cream,_red_bean,_chestnuts,_rice_crackers,_green_tea_sauce_2.jpg",CC BY 2.0
FRA043,轻脆\FRA043\s14.png,Wikimedia Commons,https://commons.wikimedia.org/wiki/File:Nippattu_(Rice_crackers).jpg,CC BY-SA 3.0
FRA044,轻脆\FRA044\s0.png,Wikimedia Commons,https://commons.wikimedia.org/wiki/File:HK_CWB_%E7%B6%AD%E5%9C%92%E5%B9%B4%E5%AE%B5%E5%B8%82%E5%A0%B4_Victoria_Park_Fair_-_food_%E8%96%A9%E5%85%B6%E9%A6%AC%E4%BB%94%E9%A4%85_Sachima_sweet_snack_Jan-2012.jpg,CC BY-SA 3.0
FRA044,轻脆\FRA044\s1.png,Wikimedia Commons,"https://commons.wikimedia.org/wiki/File:%E8%8F%A0%E8%90%9D%E9%BB%91%E7%B3%AF%E7%B1%B3%E9%A5%AD_Sweet_Black_Glutinous_Rice_in_Pineapple_-_Tastes_of_Dai_stall,_Huguoqiaotou_Snack_Centre_(2501942686).jpg",CC BY-SA 2.0
FRA044,轻脆\FRA044\s2.png,Wikimedia Commons,https://commons.wikimedia.org/wiki/File:No_sucrose_caramel_treats_sachima.jpg,CC0
FRA044,轻脆\FRA044\s3.png,Wikimedia Commons,"https://commons.wikimedia.org/wiki/File:Rose_Cake,_Sunni_Efen_white_cake,_and_Sachima.jpg",CC BY-SA 4.0
FRA044,轻脆\FRA044\s4.png,Wikimedia Commons,https://commons.wikimedia.org/wiki/File:Sachima.jpg,Public domain
FRA044,轻脆\FRA044\s5.png,Wikimedia Commons,https://commons.wikimedia.org/wiki/File:Dried_sweet_potato_shreds.jpg,CC0
FRA044,轻脆\FRA044\s6.png,Wikimedia Commons,https://commons.wikimedia.org/wiki/File:Dried_sweet_potatoes_(1).jpg,CC BY 2.0
FRA044,轻脆\FRA044\s7.png,Wikimedia Commons,https://commons.wikimedia.org/wiki/File:Fried_sweet_rice_flour_sticks.jpg,CC BY-SA 2.0
FRA044,轻脆\FRA044\s8.png,Wikimedia Commons,https://commons.wikimedia.org/wiki/File:HK_Sai_Ying_Pun_%E5%90%8D%E6%98%9F%E6%B5%B7%E9%AE%AE%E9%85%92%E5%AE%B6_Star_Seafood_Restaurant_food_sweet_desserts_March-2012.jpg,CC BY-SA 3.0
FRA044,轻脆\FRA044\s9.png,Wikimedia Commons,https://commons.wikimedia.org/wiki/File:Purple_sweet_potato_crisp.jpg,CC BY 2.0
FRA044,轻脆\FRA044\s10.png,Wikimedia Commons,https://commons.wikimedia.org/wiki/File:Sweet_and_spicy_tteokbokki_crisps.jpg,CC0
FRA044,轻脆\FRA044\s11.png,Wikimedia Commons,https://commons.wikimedia.org/wiki/File:Sweet_potato_slices.jpg,CC BY 2.0
FRA044,轻脆\FRA044\s12.png,Wikimedia Commons,"https://commons.wikimedia.org/wiki/File:The_World_(5_different_snacks_representing_5_different_countries)_Croquette_(Korea)_Taco_(Mexico)_Tomato_with_Lentils_and_Spices_(Turkey)_Vegetables_(China)_Honey,_Sweet,_Almond_(Morocco)_(15250558024).jpg",CC BY 2.0
FRA044,轻脆\FRA044\s13.png,Wikimedia Commons,"https://commons.wikimedia.org/wiki/File:The_World_(5_different_snacks_representing_5_different_countries)_Croquette_(Korea)_Taco_(Mexico)_Tomato_with_Lentils_and_Spices_(Turkey)_Vegetables_(China)_Honey,_Sweet,_Almond_(Morocco)_(15685296348).jpg",CC BY 2.0
FRA044,轻脆\FRA044\s14.png,Wikimedia Commons,"https://commons.wikimedia.org/wiki/File:The_World_(5_different_snacks_representing_5_different_countries)_Croquette_(Korea)_Taco_(Mexico)_Tomato_with_Lentils_and_Spices_(Turkey)_Vegetables_(China)_Honey,_Sweet,_Almond_(Morocco)_(15685479440).jpg",CC BY 2.0
FRA048,轻脆\FRA048\s0.png,Wikimedia Commons,https://commons.wikimedia.org/wiki/File:Mango_Pocky_sticks.jpg,CC0
FRA048,轻脆\FRA048\s1.png,Wikimedia Commons,https://commons.wikimedia.org/wiki/File:EZAKI_GLICO_SAKURA_ALMOND_CHOCOLATE_POCKY_CHINA_VERSION_(4).jpg,CC BY-SA 4.0
FRA048,轻脆\FRA048\s2.png,Wikimedia Commons,https://commons.wikimedia.org/wiki/File:For_my_Pocky-loving_friends.jpg,CC BY 2.0
FRA048,轻脆\FRA048\s3.png,Wikimedia Commons,https://commons.wikimedia.org/wiki/File:Giant_Pocky!.jpg,CC BY 2.0
FRA048,轻脆\FRA048\s4.png,Wikimedia Commons,https://commons.wikimedia.org/wiki/File:Mousse_Pocky.jpg,CC BY-SA 3.0
FRA048,轻脆\FRA048\s5.png,Wikimedia Commons,https://commons.wikimedia.org/wiki/File:Pocky_(3832518108).jpg,CC BY 2.0
FRA048,轻脆\FRA048\s6.png,Wikimedia Commons,https://commons.wikimedia.org/wiki/File:Pocky_custard_fondu.jpg,CC BY 2.5
FRA048,轻脆\FRA048\s7.png,Wikimedia Commons,https://commons.wikimedia.org/wiki/File:Pocky-Sticks.jpg,CC BY-SA 3.0
FRA048,轻脆\FRA048\s8.png,Wikimedia Commons,https://commons.wikimedia.org/wiki/File:Conference_room_in_Toyosato_Elemenrary_School_Old_Building_(1).JPG,CC0
FRA048,轻脆\FRA048\s9.png,Wikimedia Commons,https://commons.wikimedia.org/wiki/File:Conference_room_in_Toyosato_Elemenrary_School_Old_Building_(2).JPG,CC0
FRA048,轻脆\FRA048\s10.png,Wikimedia Commons,https://commons.wikimedia.org/wiki/File:IMAG3595_%E3%83%9D%E3%83%83%E3%82%AD%E3%83%BC_(54723725392).jpg,CC BY-SA 4.0
FRA048,轻脆\FRA048\s11.png,Wikimedia Commons,https://commons.wikimedia.org/wiki/File:IMG_1742_-_Desucon_Frostbite_2013_-_matiast1.jpg,CC BY 2.0
FRA048,轻脆\FRA048\s12.png,Wikimedia Commons,https://commons.wikimedia.org/wiki/File:Iwatayama_2018_(30649737087).jpg,CC BY 2.0
FRA048,轻脆\FRA048\s13.png,Wikimedia Commons,https://commons.wikimedia.org/wiki/File:NILS%E5%8C%97%E6%B5%B7%E9%81%93_(523155260).jpg,CC BY 2.0
FRA048,轻脆\FRA048\s14.png,Wikimedia Commons,https://commons.wikimedia.org/wiki/File:RD0A0483.jpg,CC BY-SA 4.0
FRA049,轻脆\FRA049\s0.png,Wikimedia Commons,"https://commons.wikimedia.org/wiki/File:2020-03-29_03_01_20_A_Rice_Krispies_Treat_in_the_Dulles_section_of_Sterling,_Loudoun_County,_Virginia.jpg",CC BY-SA 4.0
FRA049,轻脆\FRA049\s1.png,Wikimedia Commons,https://commons.wikimedia.org/wiki/File:Rice_Krispies_Treat_milkshake_at_Flipburger_Boutique.jpg,CC BY 2.0
FRA049,轻脆\FRA049\s2.png,Wikimedia Commons,"https://commons.wikimedia.org/wiki/File:2020-07-22_13_20_25_A_wrapped_Kellogg%27s_Original_Rice_Krispies_Treats_in_the_Dulles_section_of_Sterling,_Loudoun_County,_Virginia.jpg",CC BY-SA 4.0
FRA049,轻脆\FRA049\s3.png,Wikimedia Commons,"https://commons.wikimedia.org/wiki/File:2020-07-22_13_20_45_An_unwrapped_Kellogg%27s_Original_Rice_Krispies_Treats_in_the_Dulles_section_of_Sterling,_Loudoun_County,_Virginia.jpg",CC BY-SA 4.0
FRA049,轻脆\FRA049\s4.png,Wikimedia Commons,https://commons.wikimedia.org/wiki/File:Kelloggs_Rice_Krispies_Squares.jpg,CC BY-SA 4.0
FRA049,轻脆\FRA049\s5.png,Wikimedia Commons,https://commons.wikimedia.org/wiki/File:Wangwang_Wangzai_Kazicui_Rice_Bar_With_Chestnuts_Coconut_Milk_Flavor.jpg,CC0
FRA049,轻脆\FRA049\s6.png,Wikimedia Commons,https://commons.wikimedia.org/wiki/File:Vegan_Rice_Crispy_Treat_Cupcakes_(3617941263).jpg,CC BY-SA 2.0
FRA049,轻脆\FRA049\s7.png,Wikimedia Commons,https://commons.wikimedia.org/wiki/File:Diamond_Krispie_Treat_(28926770280).jpg,CC BY 2.0
FRA049,轻脆\FRA049\s8.png,Wikimedia Commons,https://commons.wikimedia.org/wiki/File:KOCIS_rice_puff_yeotgangjeong_(4646381787).jpg,CC BY-SA 2.0
FRA049,轻脆\FRA049\s9.png,Wikimedia Commons,https://commons.wikimedia.org/wiki/File:Milk_chocolate_Coco_Dolce_Davao_puffed_riceH.jpg,CC BY-SA 4.0
FRA049,轻脆\FRA049\s10.png,Wikimedia Commons,https://commons.wikimedia.org/wiki/File:DFC_4471_Crispy_Thai_coconut_pancakes_khanom_krok_topped_with_sweet_shredded_coconut_and_a_sprinkle_of_savory_garnish_arranged_on_a_woven_tray.jpg,CC BY-SA 4.0
FRA049,轻脆\FRA049\s11.png,Wikimedia Commons,https://commons.wikimedia.org/wiki/File:Turkish_Pilaf_Rice_-_degustation_-_Ottoman_Cuisine_(3061206332).jpg,CC BY-SA 2.0
FRA049,轻脆\FRA049\s12.png,Wikimedia Commons,https://commons.wikimedia.org/wiki/File:Day_of_the_Dead_Coyoacan_2014_-_70.JPG,CC BY-SA 4.0
FRA049,轻脆\FRA049\s13.png,Wikimedia Commons,https://commons.wikimedia.org/wiki/File:Day_of_the_Dead_Coyoacan_2014_-_80.JPG,CC BY-SA 4.0
FRA049,轻脆\FRA049\s14.png,Wikimedia Commons,https://commons.wikimedia.org/wiki/File:Food_Donated_by_Boy_Scouts_to_LVMPD.jpg,CC BY-SA 4.0
FRA050,轻脆\FRA050\s0.png,Wikimedia Commons,"https://commons.wikimedia.org/wiki/File:2019-11-09_19_29_30_A_blue_raspberry-flavored_Jolly_Rancher_Hard_Candy_Stix_after_being_unwrapped_in_the_Dulles_section_of_Sterling,_Loudoun_County,_Virginia.jpg",CC BY-SA 4.0
FRA050,轻脆\FRA050\s1.png,Wikimedia Commons,"https://commons.wikimedia.org/wiki/File:2020-03-04_22_16_36_An_orange_ring-shaped_fruit-flavored_hard_candy_in_the_Dulles_section_of_Sterling,_Loudoun_County,_Virginia.jpg",CC BY-SA 4.0
FRA050,轻脆\FRA050\s2.png,Wikimedia Commons,"https://commons.wikimedia.org/wiki/File:2020-03-04_22_16_51_A_red_ring-shaped_fruit-flavored_hard_candy_in_the_Dulles_section_of_Sterling,_Loudoun_County,_Virginia.jpg",CC BY-SA 4.0
FRA050,轻脆\FRA050\s3.png,Wikimedia Commons,"https://commons.wikimedia.org/wiki/File:2020-03-04_22_17_06_A_purple_ring-shaped_fruit-flavored_hard_candy_in_the_Dulles_section_of_Sterling,_Loudoun_County,_Virginia.jpg",CC BY-SA 4.0
FRA050,轻脆\FRA050\s5.png,Wikimedia Commons,https://commons.wikimedia.org/wiki/File:Hard_Candy_(21833777163).jpg,CC BY-SA 2.0
FRA050,轻脆\FRA050\s6.png,Wikimedia Commons,https://commons.wikimedia.org/wiki/File:Hard_Candy_2014-07_07.jpg,CC BY-SA 4.0
FRA050,轻脆\FRA050\s7.png,Wikimedia Commons,https://commons.wikimedia.org/wiki/File:Harley_Davidson_Hard_Candy_Custom_(15374878271).jpg,CC BY-SA 2.0
FRA050,轻脆\FRA050\s8.png,Wikimedia Commons,"https://commons.wikimedia.org/wiki/File:Industries_of_War_-_Candy_-_CANDY_MANUFACTURE._Wrapping_Department_Number_1._Wrapping_hard_candy_in_wax_paper_in_rooms_cooled_by_cold_air._Wallace_and_Co.,_New_York_City_-_NARA_-_31486406.jpg",Public domain
FRA050,轻脆\FRA050\s9.png,Wikimedia Commons,"https://commons.wikimedia.org/wiki/File:Industries_of_War_-_Candy_-_MANUFACTURING_CANDY_FOR_THE_War_Department_at_the_Wallace_and_Company_Plant,_Brooklyn,_New_York._Hard_Candy_Department._Pouring_batch_of_hard_candy_cooked_to_340_on_water_cooled_tables_-_NARA_-_31486390.jpg",Public domain
FRA050,轻脆\FRA050\s10.png,Wikimedia Commons,"https://commons.wikimedia.org/wiki/File:Industries_of_War_-_Candy_-_WAR_INDUSTRIES,_CANDY_MANUFACTURE._Hard_candy_department_Number_1._Pouring_batch_of_100_1b._Hard_candy_cooked_to_340_degrees_on_steel_plate_tables,_cooled_by_water._Wallace_%26_Co_-_NARA_-_31486404.jpg",Public domain
FRA050,轻脆\FRA050\s11.png,Wikimedia Commons,"https://commons.wikimedia.org/wiki/File:Industries_of_War_-_Candy_-_WAR_INDUSTRIES,_CANDY_MANUFACTURE._Hard_candy_department_Number_2,_Wallace_%26_Co.,_New_York_-_NARA_-_31486510.jpg",Public domain
FRA050,轻脆\FRA050\s12.png,Wikimedia Commons,https://commons.wikimedia.org/wiki/File:Old_Hard_Candy_rolls.JPG,CC0
FRA050,轻脆\FRA050\s13.png,Wikimedia Commons,"https://commons.wikimedia.org/wiki/File:Pineapple_flavored_hard_candies_in_West_Bengal,_India,_photographed_by_Yogabrata_Chakraborty,_on_March_8,_2023.jpg",CC BY-SA 4.0
FRA050,轻脆\FRA050\s14.png,Wikimedia Commons,https://commons.wikimedia.org/wiki/File:Red_and_pink_love_jelly_candy_in_a_glass_hard_on_pink_napkin_(16991290045).jpg,CC BY 2.0
FRA051,轻脆\FRA051\s0.png,Wikimedia Commons,https://commons.wikimedia.org/wiki/File:Glutinous_Rice_Filled_Salted_Duck_Egg_-_Doumen_-_20181118.jpg,CC BY-SA 4.0
FRA051,轻脆\FRA051\s1.png,Wikimedia Commons,https://commons.wikimedia.org/wiki/File:Itlog_na_Pula_(Salted_duck_egg).jpg,CC BY-SA 4.0
FRA051,轻脆\FRA051\s2.png,Wikimedia Commons,https://commons.wikimedia.org/wiki/File:Salted_duck_egg_yolk.jpg,CC0
FRA051,轻脆\FRA051\s3.png,Wikimedia Commons,https://commons.wikimedia.org/wiki/File:Salted_duck_egg_yolk_and_pork_floss_bread.jpg,CC BY 2.0
FRA051,轻脆\FRA051\s4.png,Wikimedia Commons,https://commons.wikimedia.org/wiki/File:Salted_duck_egg_yolk_chocolate_bread.jpg,CC BY 2.0
FRA051,轻脆\FRA051\s5.png,Wikimedia Commons,https://commons.wikimedia.org/wiki/File:A_Fresh_Salted_Duck_Eggs_on_the_poly_box_at_Yan_Oi_Market.jpg,CC BY-SA 4.0
FRA051,轻脆\FRA051\s6.png,Wikimedia Commons,https://commons.wikimedia.org/wiki/File:Gaoyou_boiled_salted_duck_eggs.jpg,CC0
FRA051,轻脆\FRA051\s7.png,Wikimedia Commons,https://commons.wikimedia.org/wiki/File:HK_SKD_%E8%A5%BF%E8%B2%A2_Sai_Kung_Town_%E5%AE%9C%E6%98%A5%E8%A1%97_67_Yi_Chun_Street_%E8%A5%BF%E8%B2%A2%E8%A1%97%E5%B8%82_Sai_Kung_Market_%E9%AB%98%E8%A8%98%E7%87%92%E8%87%98_Ko_Kee_Siu_Mei_box_plastic_salt_duck_egg_April_2024_R12S_01.jpg,CC0
FRA051,轻脆\FRA051\s8.png,Wikimedia Commons,https://commons.wikimedia.org/wiki/File:HK_SKD_%E8%A5%BF%E8%B2%A2_Sai_Kung_Town_%E5%AE%9C%E6%98%A5%E8%A1%97_67_Yi_Chun_Street_%E8%A5%BF%E8%B2%A2%E8%A1%97%E5%B8%82_Sai_Kung_Market_%E9%AB%98%E8%A8%98%E7%87%92%E8%87%98_Ko_Kee_Siu_Mei_box_plastic_salt_duck_egg_April_2024_R12S_02.jpg,CC0
FRA051,轻脆\FRA051\s9.png,Wikimedia Commons,https://commons.wikimedia.org/wiki/File:HK_SKD_%E8%A5%BF%E8%B2%A2_Sai_Kung_Town_%E5%AE%9C%E6%98%A5%E8%A1%97_67_Yi_Chun_Street_%E8%A5%BF%E8%B2%A2%E8%A1%97%E5%B8%82_Sai_Kung_Market_%E9%AB%98%E8%A8%98%E7%87%92%E8%87%98_Ko_Kee_Siu_Mei_box_plastic_salt_duck_egg_April_2024_R12S_03.jpg,CC0
FRA051,轻脆\FRA051\s10.png,Wikimedia Commons,https://commons.wikimedia.org/wiki/File:HK_SKD_%E8%A5%BF%E8%B2%A2_Sai_Kung_Town_%E5%AE%9C%E6%98%A5%E8%A1%97_67_Yi_Chun_Street_%E8%A5%BF%E8%B2%A2%E8%A1%97%E5%B8%82_Sai_Kung_Market_%E9%AB%98%E8%A8%98%E7%87%92%E8%87%98_Ko_Kee_Siu_Mei_box_plastic_salt_duck_egg_April_2024_R12S_04.jpg,CC0
FRA051,轻脆\FRA051\s11.png,Wikimedia Commons,https://commons.wikimedia.org/wiki/File:HK_SKD_%E8%A5%BF%E8%B2%A2_Sai_Kung_Town_%E5%AE%9C%E6%98%A5%E8%A1%97_67_Yi_Chun_Street_%E8%A5%BF%E8%B2%A2%E8%A1%97%E5%B8%82_Sai_Kung_Market_%E9%AB%98%E8%A8%98%E7%87%92%E8%87%98_Ko_Kee_Siu_Mei_box_plastic_salt_duck_egg_April_2024_R12S_05.jpg,CC0
FRA051,轻脆\FRA051\s12.png,Wikimedia Commons,https://commons.wikimedia.org/wiki/File:HK_SKD_%E8%A5%BF%E8%B2%A2_Sai_Kung_Town_%E5%AE%9C%E6%98%A5%E8%A1%97_67_Yi_Chun_Street_%E8%A5%BF%E8%B2%A2%E8%A1%97%E5%B8%82_Sai_Kung_Market_%E9%AB%98%E8%A8%98%E7%87%92%E8%87%98_Ko_Kee_Siu_Mei_box_plastic_salt_duck_egg_April_2024_R12S_06.jpg,CC0
FRA051,轻脆\FRA051\s13.png,Wikimedia Commons,https://commons.wikimedia.org/wiki/File:HK_SKD_%E8%A5%BF%E8%B2%A2_Sai_Kung_Town_%E5%AE%9C%E6%98%A5%E8%A1%97_67_Yi_Chun_Street_%E8%A5%BF%E8%B2%A2%E8%A1%97%E5%B8%82_Sai_Kung_Market_%E9%AB%98%E8%A8%98%E7%87%92%E8%87%98_Ko_Kee_Siu_Mei_%E5%8F%89%E7%87%92%E9%A3%AF%E7%9B%92_Cha_Siu_rice_box_plastic_salt_duck_egg_coca_cola_can_April_2024_R12S_01.jpg,CC0
FRA051,轻脆\FRA051\s14.png,Wikimedia Commons,https://commons.wikimedia.org/wiki/File:Itlog_na_maalat_(Philippine_salted_duck_eggs).jpg,CC0
FRA055,轻脆\FRA055\s0.png,Wikimedia Commons,"https://commons.wikimedia.org/wiki/File:%22Autumn_Hues%22_silk,paper_and_dried_flowers_(4039981406).jpg",CC BY 2.0
FRA055,轻脆\FRA055\s1.png,Wikimedia Commons,https://commons.wikimedia.org/wiki/File:Cynara_cardunculus_-_dried_flower_heads.JPG,CC BY-SA 3.0
FRA055,轻脆\FRA055\s2.png,Wikimedia Commons,https://commons.wikimedia.org/wiki/File:Domestic_short_haired_cat_perched_in_dried_autumn_flowers.jpg,Public domain
FRA055,轻脆\FRA055\s3.png,Wikimedia Commons,https://commons.wikimedia.org/wiki/File:Dried_Ashoka_flower_(Saraca_asoca)_01.jpg,CC BY-SA 4.0
FRA055,轻脆\FRA055\s4.png,Wikimedia Commons,https://commons.wikimedia.org/wiki/File:Dried_Ashoka_flower_(Saraca_asoca).jpg,CC BY-SA 4.0
FRA055,轻脆\FRA055\s5.png,Wikimedia Commons,https://commons.wikimedia.org/wiki/File:Dried_flowers_(50559866603).jpg,CC BY 2.0
FRA055,轻脆\FRA055\s6.png,Wikimedia Commons,https://commons.wikimedia.org/wiki/File:Dried_flowers_-_54392349193.jpg,CC0
FRA055,轻脆\FRA055\s7.png,Wikimedia Commons,https://commons.wikimedia.org/wiki/File:Dried_flowers_-_decoration_1.jpg,CC BY-SA 3.0
FRA055,轻脆\FRA055\s8.png,Wikimedia Commons,https://commons.wikimedia.org/wiki/File:Dried_flowers_-_decoration_2.jpg,CC BY-SA 3.0
FRA055,轻脆\FRA055\s9.png,Wikimedia Commons,https://commons.wikimedia.org/wiki/File:Dried_flowers_-_decoration_3.jpg,CC BY-SA 3.0
FRA055,轻脆\FRA055\s10.png,Wikimedia Commons,https://commons.wikimedia.org/wiki/File:Dried_flowers_-_decoration.jpg,CC BY-SA 3.0
FRA055,轻脆\FRA055\s11.png,Wikimedia Commons,https://commons.wikimedia.org/wiki/File:Dried_flowers_catching_window_light_in_an_old_house_-_Flickr_-_Ted_Moravec.jpg,CC0
FRA055,轻脆\FRA055\s12.png,Wikimedia Commons,https://commons.wikimedia.org/wiki/File:Dried_Flowers_for_Making_Oshibana.jpg,CC BY-SA 4.0
FRA055,轻脆\FRA055\s13.png,Wikimedia Commons,https://commons.wikimedia.org/wiki/File:Dried_flowers_on_grave.jpg,CC BY 2.0
FRA055,轻脆\FRA055\s14.png,Wikimedia Commons,https://commons.wikimedia.org/wiki/File:Dried_flowers.JPG,CC BY-SA 3.0
FRA056,轻脆\FRA056\s0.png,Wikimedia Commons,https://commons.wikimedia.org/wiki/File:A_translucent_eggshell_-_geograph.org.uk_-_6921706.jpg,CC BY-SA 2.0
FRA056,轻脆\FRA056\s1.png,Wikimedia Commons,https://commons.wikimedia.org/wiki/File:Broken_egg_on_black_surface.jpg,CC BY-SA 4.0
FRA056,轻脆\FRA056\s2.png,Wikimedia Commons,https://commons.wikimedia.org/wiki/File:Broken_eggshell.jpg,CC BY-SA 4.0
FRA056,轻脆\FRA056\s3.png,Wikimedia Commons,"https://commons.wikimedia.org/wiki/File:Deep_buff_eggshell_ware_bowl,_Clay,_600-500_BCE,_Deve_H%C3%BCy%C3%BCk,_Syria,_Fitzwilliam_Museum,_Cambridge.jpg",CC BY-SA 4.0
FRA056,轻脆\FRA056\s4.png,Wikimedia Commons,https://commons.wikimedia.org/wiki/File:Diepkloof_Eggshell_Engravings.jpg,CC BY-SA 4.0
FRA056,轻脆\FRA056\s5.png,Wikimedia Commons,https://commons.wikimedia.org/wiki/File:Dinosaur_Eggshell_-2_(52961061669).jpg,Public domain
FRA056,轻脆\FRA056\s6.png,Wikimedia Commons,https://commons.wikimedia.org/wiki/File:Dinosaur_Eggshell_-9_(51888034786).jpg,Public domain
FRA056,轻脆\FRA056\s7.png,Wikimedia Commons,https://commons.wikimedia.org/wiki/File:Egg-rmh.jpg,CC BY 2.0
FRA056,轻脆\FRA056\s8.png,Wikimedia Commons,https://commons.wikimedia.org/wiki/File:Eggshell.JPG,CC BY-SA 4.0
FRA056,轻脆\FRA056\s9.png,Wikimedia Commons,https://commons.wikimedia.org/wiki/File:Eggshell_001.jpg,CC BY-SA 3.0
FRA056,轻脆\FRA056\s10.png,Wikimedia Commons,https://commons.wikimedia.org/wiki/File:Eggshell_3D.JPG,CC BY-SA 4.0
FRA056,轻脆\FRA056\s11.png,Wikimedia Commons,https://commons.wikimedia.org/wiki/File:Eggshell_Cottage_-_geograph.org.uk_-_6874975.jpg,CC BY-SA 2.0
FRA056,轻脆\FRA056\s12.png,Wikimedia Commons,https://commons.wikimedia.org/wiki/File:Eggshell_Cottage_-_geograph.org.uk_-_7009741.jpg,CC BY-SA 2.0
FRA056,轻脆\FRA056\s13.png,Wikimedia Commons,"https://commons.wikimedia.org/wiki/File:Eggshell_Lane,_Clapham_-_geograph.org.uk_-_555315.jpg",CC BY-SA 2.0
FRA056,轻脆\FRA056\s14.png,Wikimedia Commons,https://commons.wikimedia.org/wiki/File:Eggshell_Lane_-_geograph.org.uk_-_4078923.jpg,CC BY-SA 2.0
FRA057,轻脆\FRA057\s0.png,Wikimedia Commons,https://commons.wikimedia.org/wiki/File:Box_of_Eight_Crayons_Created_by_the_St._Louis_Crayon_Co.jpg,Public domain
FRA057,轻脆\FRA057\s1.png,Wikimedia Commons,https://commons.wikimedia.org/wiki/File:Crayon_Colors_with_Hex_Values_-_120_Box.png,CC0
FRA057,轻脆\FRA057\s2.png,Wikimedia Commons,https://commons.wikimedia.org/wiki/File:Back_to_school_snacks_wraps_and_crayons_(20502563390).jpg,CC BY 2.0
FRA057,轻脆\FRA057\s3.png,Wikimedia Commons,https://commons.wikimedia.org/wiki/File:BB_Crayons.jpg,CC BY-SA 3.0
FRA057,轻脆\FRA057\s4.png,Wikimedia Commons,https://commons.wikimedia.org/wiki/File:Bellen%27s_More_than_Peach_Working_Document_and_Crayon_Prototypes_-_DPLA_-_9b3527eaa8667ce92d5c4d8a14b9657d_(page_2).jpg,Public domain
FRA057,轻脆\FRA057\s5.png,Wikimedia Commons,https://commons.wikimedia.org/wiki/File:Box_of_Eight_Crayons_Created_by_the_Binney_and_Smith_Co.jpg,Public domain
FRA057,轻脆\FRA057\s6.png,Wikimedia Commons,https://commons.wikimedia.org/wiki/File:Christian_Francis_Roth_Crayon_dress_at_the_Met_(52725).jpg,CC BY-SA 4.0
FRA057,轻脆\FRA057\s7.png,Wikimedia Commons,https://commons.wikimedia.org/wiki/File:Color_piel.JPG,CC BY 4.0
FRA057,轻脆\FRA057\s8.png,Wikimedia Commons,https://commons.wikimedia.org/wiki/File:Cont%C3%A9_crayons.JPG,CC BY-SA 3.0
FRA057,轻脆\FRA057\s9.png,Wikimedia Commons,https://commons.wikimedia.org/wiki/File:Crayon_Block_(David_Soriano).jpg,CC BY-SA 4.0
FRA057,轻脆\FRA057\s10.png,Wikimedia Commons,https://commons.wikimedia.org/wiki/File:Crayons_Cont%C3%A9.jpg,CC BY-SA 3.0
FRA057,轻脆\FRA057\s11.png,Wikimedia Commons,https://commons.wikimedia.org/wiki/File:Dixon_Crayon_Ad.jpg,Public domain
FRA057,轻脆\FRA057\s12.png,Wikimedia Commons,https://commons.wikimedia.org/wiki/File:Double-ended_crayon_2.jpg,CC0
FRA057,轻脆\FRA057\s13.png,Wikimedia Commons,https://commons.wikimedia.org/wiki/File:Double-ended_crayon.jpg,CC0
FRA057,轻脆\FRA057\s14.png,Wikimedia Commons,https://commons.wikimedia.org/wiki/File:Dove_School_Crayons_1896.jpg,Public domain
FRA001,重脆\FRA001\s0.png,Wikimedia Commons,https://commons.wikimedia.org/wiki/File:2026.03.09_Antique_Art_Nouveau_Glass_in_Private_Collection_of_Tatiana_Markina.jpg,CC BY-SA 4.0
FRA001,重脆\FRA001\s1.png,Wikimedia Commons,https://commons.wikimedia.org/wiki/File:Toyo-Sasaki_Glass_HS_Blue_tumbler.jpg,CC BY-SA 4.0
FRA001,重脆\FRA001\s2.png,Wikimedia Commons,https://commons.wikimedia.org/wiki/File:Britannica_Glass_Webb_Table_Glass.png,Public domain
FRA001,重脆\FRA001\s3.png,Wikimedia Commons,"https://commons.wikimedia.org/wiki/File:Belitski,_Ludwig_-_14_Venezianische_und_deutsche_Gl%C3%A4ser_und_eine_orientalische_Glas-Vase_aus_Milch-_und_Opalglas,_mit_eingebrannter_Vergoldung_und_Malerei._2-5_Naturgr%C3%B6%C3%9Fe._16.,_17._und_18._Jahrhundert,_Liegnitz_(Zeno_Fotografie).jpg",Public domain
FRA001,重脆\FRA001\s4.png,Wikimedia Commons,https://commons.wikimedia.org/wiki/File:Formal_Place_Setting.jpg,CC BY-SA 3.0
FRA001,重脆\FRA001\s5.png,Wikimedia Commons,https://commons.wikimedia.org/wiki/File:(313-365)_Clean_(6141780580).jpg,CC BY-SA 2.0
FRA001,重脆\FRA001\s6.png,Wikimedia Commons,https://commons.wikimedia.org/wiki/File:-_panoramio_(838).jpg,CC BY 3.0
FRA001,重脆\FRA001\s7.png,Wikimedia Commons,https://commons.wikimedia.org/wiki/File:-_panoramio_(839).jpg,CC BY 3.0
FRA001,重脆\FRA001\s8.png,Wikimedia Commons,https://commons.wikimedia.org/wiki/File:-_panoramio_(840).jpg,CC BY 3.0
FRA001,重脆\FRA001\s9.png,Wikimedia Commons,https://commons.wikimedia.org/wiki/File:-365_ValDanceBar_(23711884326).jpg,CC BY 2.0
FRA001,重脆\FRA001\s10.png,Wikimedia Commons,"https://commons.wikimedia.org/wiki/File:097_Vinseum,_copes.JPG",CC BY-SA 3.0
FRA001,重脆\FRA001\s11.png,Wikimedia Commons,https://commons.wikimedia.org/wiki/File:09kirin02.jpg,CC0
FRA001,重脆\FRA001\s12.png,Wikimedia Commons,https://commons.wikimedia.org/wiki/File:168_Vasos_i_ventall_de_Xavier_Nogu%C3%A9s.jpg,CC BY-SA 3.0
FRA001,重脆\FRA001\s13.png,Wikimedia Commons,https://commons.wikimedia.org/wiki/File:18-02-01-Prag-Hotel-Clarion-City-RalfR_RRK0937.jpg,GFDL 1.2
FRA001,重脆\FRA001\s14.png,Wikimedia Commons,https://commons.wikimedia.org/wiki/File:2018-02-09_(312)_Becherovka_at_restaurant_in_the_near_of_train_station_%C4%8Cesk%C3%BD_Krumlov.jpg,CC BY-SA 4.0
FRA002,重脆\FRA002\s0.png,Wikimedia Commons,"https://commons.wikimedia.org/wiki/File:King%27s_Cross_Central_Coal_Drops_Yard_cafe_demerara_sugar,_London,_England.jpg",CC BY-SA 4.0
FRA002,重脆\FRA002\s1.png,Wikimedia Commons,"https://commons.wikimedia.org/wiki/File:2023-01-01_00_00_07_Two_glasses_for_ringing_in_the_New_Year_in_the_Mountainview_section_of_Ewing_Township,_Mercer_County,_New_Jersey.jpg",CC BY-SA 4.0
FRA002,重脆\FRA002\s2.png,Wikimedia Commons,"https://commons.wikimedia.org/wiki/File:2023-01-01_00_00_19_Two_glasses_for_ringing_in_the_New_Year_in_the_Mountainview_section_of_Ewing_Township,_Mercer_County,_New_Jersey.jpg",CC BY-SA 4.0
FRA002,重脆\FRA002\s3.png,Wikimedia Commons,"https://commons.wikimedia.org/wiki/File:2023-09-16_Mercure_Bristol_Grand_Hotel,_Broad_Street,_Bristol,_party%27s_over,_please_take_away_the_glasses.jpg",CC BY-SA 4.0
FRA002,重脆\FRA002\s4.png,Wikimedia Commons,"https://commons.wikimedia.org/wiki/File:29156-Berlin-1956-Staatliches_Museum,_Kunstgewerbemuseum-Br%C3%BCck_%26_Sohn_Kunstverlag.jpg",CC BY-SA 3.0
FRA002,重脆\FRA002\s5.png,Wikimedia Commons,https://commons.wikimedia.org/wiki/File:3_Georgian_ale_glasses.jpg,CC BY-SA 4.0
FRA002,重脆\FRA002\s6.png,Wikimedia Commons,https://commons.wikimedia.org/wiki/File:31574-Mei%C3%9Fen-1995-Glasgravurwerkstatt_Kotte-Br%C3%BCck_%26_Sohn_Kunstverlag.jpg,CC BY-SA 4.0
FRA002,重脆\FRA002\s7.png,Wikimedia Commons,https://commons.wikimedia.org/wiki/File:32288-Mei%C3%9Fen-1999-Antiquit%C3%A4ten_im_Bennohaus-Br%C3%BCck_%26_Sohn_Kunstverlag.jpg,CC BY-SA 4.0
FRA002,重脆\FRA002\s8.png,Wikimedia Commons,https://commons.wikimedia.org/wiki/File:33551-Mei%C3%9Fen-2012-Mehrteilig_(Welle)-Br%C3%BCck_%26_Sohn_Kunstverlag.jpg,CC BY-SA 4.0
FRA002,重脆\FRA002\s9.png,Wikimedia Commons,https://commons.wikimedia.org/wiki/File:4_oatmeal_cookie_shots_and_cookies_stacked_on_plate_(28414254223).jpg,CC BY 2.0
FRA002,重脆\FRA002\s10.png,Wikimedia Commons,"https://commons.wikimedia.org/wiki/File:4455D_-_01,_Acervo_do_Museu_Paulista_da_USP.jpg",Public domain
FRA002,重脆\FRA002\s11.png,Wikimedia Commons,https://commons.wikimedia.org/wiki/File:5_Dwarf_ale_glasses..jpg,CC BY-SA 4.0
FRA002,重脆\FRA002\s12.png,Wikimedia Commons,https://commons.wikimedia.org/wiki/File:500px_photo_(26110663).jpeg,CC BY-SA 3.0
FRA002,重脆\FRA002\s13.png,Wikimedia Commons,https://commons.wikimedia.org/wiki/File:500px_photo_(54910042).jpeg,CC BY-SA 3.0
FRA002,重脆\FRA002\s14.png,Wikimedia Commons,https://commons.wikimedia.org/wiki/File:500px_photo_(61816813).jpeg,CC BY 3.0
FRA003,重脆\FRA003\s0.png,Wikimedia Commons,"https://commons.wikimedia.org/wiki/File:05_Wine_glasses_upside_down_in_a_restaurant_in_Barcelona,_Spain.jpg",CC BY 3.0
FRA003,重脆\FRA003\s1.png,Wikimedia Commons,https://commons.wikimedia.org/wiki/File:020260524_140002_Red_wine_in_glass.jpg,CC BY-SA 4.0
FRA003,重脆\FRA003\s2.png,Wikimedia Commons,https://commons.wikimedia.org/wiki/File:A_glass_of_red_wine.jpg,CC BY-SA 2.0
FRA003,重脆\FRA003\s3.png,Wikimedia Commons,https://commons.wikimedia.org/wiki/File:Bottle_and_glass_of_red_wine.jpg,CC0
FRA003,重脆\FRA003\s4.png,Wikimedia Commons,https://commons.wikimedia.org/wiki/File:Copas_de_cristal_de_Baccarat_de_principios_del_siglo_XX_red_wine_glass.jpg,CC0
FRA003,重脆\FRA003\s5.png,Wikimedia Commons,https://commons.wikimedia.org/wiki/File:Glass_of_Red_Wine_(28216529995).jpg,CC BY 2.0
FRA003,重脆\FRA003\s6.png,Wikimedia Commons,https://commons.wikimedia.org/wiki/File:Glass_of_Red_Wine_with_a_bottle_of_Red_Wine_-_Evan_Swigart.jpg,CC BY 2.0
FRA003,重脆\FRA003\s7.png,Wikimedia Commons,https://commons.wikimedia.org/wiki/File:Glass_of_bright_ruby_red_wine.jpg,CC BY-SA 2.0
FRA003,重脆\FRA003\s8.png,Wikimedia Commons,https://commons.wikimedia.org/wiki/File:Glass_of_red_wine.jpg,Public domain
FRA003,重脆\FRA003\s9.png,Wikimedia Commons,https://commons.wikimedia.org/wiki/File:Glass_of_red_wine_at_Clarion_Hotel_Helsinki_Christmas_buffet_2024.jpg,CC BY-SA 4.0
FRA003,重脆\FRA003\s10.png,Wikimedia Commons,https://commons.wikimedia.org/wiki/File:Glass_of_red_wine_in_front_of_Microsoft_Teams_meeting.jpg,CC BY-SA 4.0
FRA003,重脆\FRA003\s11.png,Wikimedia Commons,https://commons.wikimedia.org/wiki/File:Glass_of_red_wine_on_coaster.jpg,CC BY-SA 4.0
FRA003,重脆\FRA003\s12.png,Wikimedia Commons,https://commons.wikimedia.org/wiki/File:Glass_with_red_wine.jpg,Public domain
FRA003,重脆\FRA003\s13.png,Wikimedia Commons,https://commons.wikimedia.org/wiki/File:James_Ensor_-_Red_Cabbage_and_Green_Wine_Glass.jpg,Public domain
FRA003,重脆\FRA003\s14.png,Wikimedia Commons,https://commons.wikimedia.org/wiki/File:Lady_relaxing_next_to_glass_of_red_wine_and_glass_of_1664_beer.jpg,CC BY-SA 2.0
FRA004,重脆\FRA004\s0.png,Wikimedia Commons,"https://commons.wikimedia.org/wiki/File:02023_Roman_glass_teapot,_P%C3%B3%C5%82chleb_around_3rd_century_AD.jpg",CC0
FRA004,重脆\FRA004\s1.png,Wikimedia Commons,https://commons.wikimedia.org/wiki/File:Teapot_with_glass_%27piala%27.jpg,CC BY-SA 4.0
FRA004,重脆\FRA004\s2.png,Wikimedia Commons,https://commons.wikimedia.org/wiki/File:A_cup_of_red_tea_pouring_from_a_tea_pot_(%E0%A6%9A%E0%A6%BE%E0%A6%AF%E0%A6%BC%E0%A7%87%E0%A6%B0_%E0%A6%AA%E0%A6%BE%E0%A6%A4%E0%A7%8D%E0%A6%B0_%E0%A6%A5%E0%A7%87%E0%A6%95%E0%A7%87_%E0%A6%8F%E0%A6%95%E0%A6%9F%E0%A6%BF_%E0%A6%95%E0%A6%BE%E0%A6%AA%E0%A7%87_%E0%A6%A2%E0%A6%BE%E0%A6%B2%E0%A6%BE_%E0%A6%B2%E0%A6%BE%E0%A6%B2_%E0%A6%9A%E0%A6%BE).jpg,CC BY-SA 4.0
FRA004,重脆\FRA004\s3.png,Wikimedia Commons,https://commons.wikimedia.org/wiki/File:A_cup_of_tea_and_a_tea_pot_(%E0%A6%8F%E0%A6%95_%E0%A6%95%E0%A6%BE%E0%A6%AA_%E0%A6%9A%E0%A6%BE_%E0%A6%93_%E0%A6%9A%E0%A6%BE%E0%A6%AF%E0%A6%BC%E0%A7%87%E0%A6%B0_%E0%A6%AA%E0%A6%BE%E0%A6%A4%E0%A7%8D%E0%A6%B0).jpg,CC BY-SA 4.0
FRA004,重脆\FRA004\s4.png,Wikimedia Commons,https://commons.wikimedia.org/wiki/File:Glass_Tea_Set_Scene.jpg,CC0
FRA004,重脆\FRA004\s5.png,Wikimedia Commons,"https://commons.wikimedia.org/wiki/File:Glass_tea_kettle,_Kashgar.jpg",CC BY-SA 3.0
FRA004,重脆\FRA004\s6.png,Wikimedia Commons,https://commons.wikimedia.org/wiki/File:Heisey_glass_(341_Old_Williamsburg_footed_ice_tea_glass;_Amber)_(1939-1957).jpg,CC BY 2.0
FRA004,重脆\FRA004\s7.png,Wikimedia Commons,https://commons.wikimedia.org/wiki/File:Heisey_glass_(341_Old_Williamsburg_ice_tea_glass;_Cobalt).jpg,CC BY 2.0
FRA004,重脆\FRA004\s8.png,Wikimedia Commons,https://commons.wikimedia.org/wiki/File:Peppermint_Tea_in_a_pot_-_Abyssinia.jpg,CC0
FRA004,重脆\FRA004\s9.png,Wikimedia Commons,https://commons.wikimedia.org/wiki/File:Small_pot_of_oolong_tea.jpg,CC BY-SA 3.0
FRA004,重脆\FRA004\s10.png,Wikimedia Commons,https://commons.wikimedia.org/wiki/File:Tea_is_pouring_from_the_tea_pot_to_a_cup_(%E0%A6%95%E0%A6%BE%E0%A6%AA%E0%A7%87_%E0%A6%9A%E0%A6%BE%E0%A6%AF%E0%A6%BC%E0%A7%87%E0%A6%B0_%E0%A6%AA%E0%A6%BE%E0%A6%A4%E0%A7%8D%E0%A6%B0_%E0%A6%A5%E0%A7%87%E0%A6%95%E0%A7%87_%E0%A6%A2%E0%A6%BE%E0%A6%B2%E0%A6%BE_%E0%A6%9A%E0%A6%BE).jpg,CC BY-SA 4.0
FRA004,重脆\FRA004\s11.png,Wikimedia Commons,https://commons.wikimedia.org/wiki/File:Utah_Teapot_-_Glass.png,CC BY-SA 4.0
FRA004,重脆\FRA004\s13.png,Wikimedia Commons,"https://commons.wikimedia.org/wiki/File:02023_Glass_vessel,_Kotor%C3%B3w,_end_of_the_3rd_-_1st_half_of_the_4th_century_AD.jpg",CC0
FRA004,重脆\FRA004\s14.png,Wikimedia Commons,https://commons.wikimedia.org/wiki/File:02023_Roman_glass_bowl_decorated_with_ribs_found_in_Kosin.jpg,CC BY 2.5
FRA005,重脆\FRA005\s0.png,Wikimedia Commons,https://commons.wikimedia.org/wiki/File:Aqua_Glass_Bottle_from_the_Vogel-Buol_Soda_Water_Co._-_DPLA_-_eca00e2c537d2a90d21c9f6bac068953_(page_1).jpg,Public domain
FRA005,重脆\FRA005\s1.png,Wikimedia Commons,https://commons.wikimedia.org/wiki/File:Aqua_Glass_Bottle_from_the_Vogel-Buol_Soda_Water_Co._-_DPLA_-_eca00e2c537d2a90d21c9f6bac068953_(page_2).jpg,Public domain
FRA005,重脆\FRA005\s2.png,Wikimedia Commons,https://commons.wikimedia.org/wiki/File:Aqua_Glass_Soda_Bottle_from_E._Schweigler_and_Co._-_DPLA_-_c1217548bacf95235c9cabdc40a7a5cf_(page_1).jpg,Public domain
FRA005,重脆\FRA005\s6.png,Wikimedia Commons,"https://commons.wikimedia.org/wiki/File:Bisby_Finley,_Glass_Soda_Bottle,_c._1940,_NGA_22676.jpg",CC0
FRA005,重脆\FRA005\s8.png,Wikimedia Commons,https://commons.wikimedia.org/wiki/File:Clear_Glass_Bottle_from_the_Enno_Sander_Seltzer_and_Soda_Company_-_DPLA_-_8ecd2bf3e31342a5464381784fc520f6_(page_2).jpg,Public domain
FRA005,重脆\FRA005\s10.png,Wikimedia Commons,https://commons.wikimedia.org/wiki/File:Clear_Glass_Soda_Bottle_from_the_Banner_Bottling_Co._-_DPLA_-_bd796594bcc6b64b3e3b8a5e5ef1ba31_(page_2).jpg,Public domain
FRA005,重脆\FRA005\s11.png,Wikimedia Commons,"https://commons.wikimedia.org/wiki/File:Drinking,_tableau,_cigar,_bottle,_glass,_soda_water_bottle,_bicycle_Fortepan_22933.jpg",Public domain
FRA005,重脆\FRA005\s13.png,Wikimedia Commons,https://commons.wikimedia.org/wiki/File:Glass_Bottle_from_Cascade_Soda_Water_Company_-_DPLA_-_ceb51014393068da0e791c81c10969ae_(page_2).jpg,Public domain
FRA005,重脆\FRA005\s14.png,Wikimedia Commons,"https://commons.wikimedia.org/wiki/File:Tableau,_soda_water_bottle,_drinking,_companionship,_garden_furniture,_yard,_wine-tasting_glass,_decanter,_glass,_hat_Fortepan_60321.jpg",CC BY-SA 3.0
FRA006,重脆\FRA006\s0.png,Wikimedia Commons,https://commons.wikimedia.org/wiki/File:Antique_Glass_Honey_Jar_With_Rusted_Metal_Cap_(31009798197).jpg,CC BY 2.0
FRA006,重脆\FRA006\s1.png,Wikimedia Commons,https://commons.wikimedia.org/wiki/File:Glass_Honey_Jar_and_Dipper_-_DPLA_-_6ec6bab89039fff763bac852e34d43bd.jpg,Public domain
FRA006,重脆\FRA006\s2.png,Wikimedia Commons,https://commons.wikimedia.org/wiki/File:A_honey_stall_at_the_fair_of_Hanseatic_Days_of_Tartu_2013.JPG,CC BY-SA 3.0
FRA006,重脆\FRA006\s3.png,Wikimedia Commons,"https://commons.wikimedia.org/wiki/File:A_stoll_of_Honey,_pee_nut_and_passion_Fruit.jpg",CC BY-SA 4.0
FRA006,重脆\FRA006\s4.png,Wikimedia Commons,https://commons.wikimedia.org/wiki/File:Antiguan_honey_products_at_an_exhibition_in_Saint_Lucia.jpg,Public domain
FRA006,重脆\FRA006\s5.png,Wikimedia Commons,https://commons.wikimedia.org/wiki/File:Forest_honey.jpg,CC BY-SA 3.0
FRA006,重脆\FRA006\s6.png,Wikimedia Commons,https://commons.wikimedia.org/wiki/File:Guanshengyuan_Honey.jpg,CC BY-SA 3.0
FRA006,重脆\FRA006\s7.png,Wikimedia Commons,https://commons.wikimedia.org/wiki/File:Honey_at_Asheville_Farmers_Market.jpg,CC BY 2.0
FRA006,重脆\FRA006\s8.png,Wikimedia Commons,https://commons.wikimedia.org/wiki/File:Honey_Bear_-_Backlit_(20302280285).jpg,CC BY-SA 2.0
FRA006,重脆\FRA006\s9.png,Wikimedia Commons,https://commons.wikimedia.org/wiki/File:Honey_Bear.JPG,CC BY-SA 3.0
FRA006,重脆\FRA006\s10.png,Wikimedia Commons,https://commons.wikimedia.org/wiki/File:Honey_Bottle.jpg,CC BY-SA 3.0
FRA006,重脆\FRA006\s11.png,Wikimedia Commons,https://commons.wikimedia.org/wiki/File:Jars_of_Honey_on_Display_at_the_Fair_(42128624510).jpg,CC BY 2.0
FRA006,重脆\FRA006\s12.png,Wikimedia Commons,https://commons.wikimedia.org/wiki/File:National_Honey_Show_2019_(49277481213).jpg,CC BY 2.0
FRA006,重脆\FRA006\s13.png,Wikimedia Commons,https://commons.wikimedia.org/wiki/File:Dipper_stick_and_honey_in_a_jar.jpg,CC BY 2.0
FRA006,重脆\FRA006\s14.png,Wikimedia Commons,https://commons.wikimedia.org/wiki/File:Fragement_from_a_jar_with_a_label_identifying_contents_as_honey_MET_DP112593.jpg,CC0
FRA008,重脆\FRA008\s0.png,Wikimedia Commons,"https://commons.wikimedia.org/wiki/File:Copped_Hall_interior_empty_picture_frame,_Epping,_Essex,_England_01.jpg",CC BY 4.0
FRA008,重脆\FRA008\s1.png,Wikimedia Commons,https://commons.wikimedia.org/wiki/File:A_photo_frame_of_bernese_mountain_dog_(11018600043).jpg,CC BY-SA 2.0
FRA008,重脆\FRA008\s2.png,Wikimedia Commons,https://commons.wikimedia.org/wiki/File:Aesthetic_Picture_Frame_(154902183).jpg,CC BY-SA 2.0
FRA008,重脆\FRA008\s3.png,Wikimedia Commons,https://commons.wikimedia.org/wiki/File:Box_Picture_Frame_Cross_Section.jpg,CC BY-SA 4.0
FRA008,重脆\FRA008\s4.png,Wikimedia Commons,https://commons.wikimedia.org/wiki/File:A_mock-up_Picture_frame.png,CC0
FRA008,重脆\FRA008\s5.png,Wikimedia Commons,https://commons.wikimedia.org/wiki/File:BrahmaBaba_photo.jpg,CC BY-SA 4.0
FRA008,重脆\FRA008\s6.png,Wikimedia Commons,"https://commons.wikimedia.org/wiki/File:Cadre_photo,_taombaovao_malagasy_2024.jpg",CC0
FRA008,重脆\FRA008\s7.png,Wikimedia Commons,"https://commons.wikimedia.org/wiki/File:Clyde_L._Cheney,_Frame_of_Hair_Flowers,_c._1938,_NGA_22425.jpg",CC0
FRA008,重脆\FRA008\s8.png,Wikimedia Commons,https://commons.wikimedia.org/wiki/File:Coffee_table_books_and_picture_frames_on_wall_shelves_with_potted_hydrangea_(18691253511).jpg,CC BY 2.0
FRA008,重脆\FRA008\s9.png,Wikimedia Commons,https://commons.wikimedia.org/wiki/File:A_picture_frame_of_a_man.jpg,CC0
FRA008,重脆\FRA008\s10.png,Wikimedia Commons,https://commons.wikimedia.org/wiki/File:Church_Street-_Picture_Frame_Maker_-_geograph.org.uk_-_2682868.jpg,CC BY-SA 2.0
FRA008,重脆\FRA008\s11.png,Wikimedia Commons,https://commons.wikimedia.org/wiki/File:Detail_of_a_picture_frame_in_monochrome.jpg,CC0
FRA008,重脆\FRA008\s12.png,Wikimedia Commons,"https://commons.wikimedia.org/wiki/File:Girl_in_a_Picture_Frame,_Rembrandt_(50608276853).jpg",CC BY 2.0
FRA008,重脆\FRA008\s13.png,Wikimedia Commons,"https://commons.wikimedia.org/wiki/File:Girl_in_a_Picture_Frame,_Rembrandt_(50608287023).jpg",CC BY 2.0
FRA008,重脆\FRA008\s14.png,Wikimedia Commons,"https://commons.wikimedia.org/wiki/File:Girl_in_a_Picture_Frame,_Rembrandt_(50609022091).jpg",CC BY 2.0
FRA010,重脆\FRA010\s0.png,Wikimedia Commons,https://commons.wikimedia.org/wiki/File:Ceramic_a_mug.jpg,CC BY-SA 4.0
FRA010,重脆\FRA010\s1.png,Wikimedia Commons,https://commons.wikimedia.org/wiki/File:Ceramic_mug_with_a_monogram_and_date.jpg,CC BY-SA 4.0
FRA010,重脆\FRA010\s2.png,Wikimedia Commons,https://commons.wikimedia.org/wiki/File:City_of_London_Cemetery_caf%C3%A9_flat_white_coffee.jpg,CC BY-SA 4.0
FRA010,重脆\FRA010\s3.png,Wikimedia Commons,https://commons.wikimedia.org/wiki/File:City_of_London_Cemetery_caf%C3%A9_tea_bag_mug_of_tea.jpg,CC BY-SA 4.0
FRA010,重脆\FRA010\s4.png,Wikimedia Commons,https://commons.wikimedia.org/wiki/File:Mug_of_Tea_Starmugs_Cafe_on_Lordship_Lane_Tottenham_London_England_03.jpg,CC BY-SA 4.0
FRA010,重脆\FRA010\s5.png,Wikimedia Commons,https://commons.wikimedia.org/wiki/File:1984_Mug-DoubleCasting_Masahiro-Mori.jpg,CC BY 3.0
FRA010,重脆\FRA010\s6.png,Wikimedia Commons,https://commons.wikimedia.org/wiki/File:2009-07-23Stormy_times_coffee_break-02.jpg,CC BY-SA 3.0
FRA010,重脆\FRA010\s7.png,Wikimedia Commons,https://commons.wikimedia.org/wiki/File:BLW_Mug_(1).jpg,CC BY-SA 2.0 uk
FRA010,重脆\FRA010\s8.png,Wikimedia Commons,https://commons.wikimedia.org/wiki/File:Bucharest_mug_(Unsplash).jpg,CC0
FRA010,重脆\FRA010\s9.png,Wikimedia Commons,https://commons.wikimedia.org/wiki/File:Concurrent_Computer_Corporation_mug.jpg,CC BY-SA 4.0
FRA010,重脆\FRA010\s10.png,Wikimedia Commons,https://commons.wikimedia.org/wiki/File:Cup_of_coffee_on_black_background.jpg,CC BY 3.0
FRA010,重脆\FRA010\s11.png,Wikimedia Commons,https://commons.wikimedia.org/wiki/File:Ceramic_mug_Antiksy_ceramic_mug.jpg,CC BY-SA 4.0
FRA010,重脆\FRA010\s12.png,Wikimedia Commons,https://commons.wikimedia.org/wiki/File:Ceramic_mug_and_saucer_with_Uzbek_national_patterns01.jpg,CC BY-SA 4.0
FRA010,重脆\FRA010\s13.png,Wikimedia Commons,https://commons.wikimedia.org/wiki/File:Ceramic_mug_antisky_ceramic.jpg,CC BY-SA 4.0
FRA010,重脆\FRA010\s14.png,Wikimedia Commons,https://commons.wikimedia.org/wiki/File:Ceramic_mug_printed_with_Wikipedia_25th_anniversary_branding.jpg,CC BY-SA 4.0
FRA011,重脆\FRA011\s0.png,Wikimedia Commons,https://commons.wikimedia.org/wiki/File:Crown_Trent_Staffordshire_Porcelain_Tea_Cup_Saucer_Bone_China_England_Floral_Pattern.jpg,CC BY-SA 4.0
FRA011,重脆\FRA011\s1.png,Wikimedia Commons,https://commons.wikimedia.org/wiki/File:F_Tichauer_mark_on_a_porcelain_tea_cup.jpg,Public domain
FRA011,重脆\FRA011\s2.png,Wikimedia Commons,"https://commons.wikimedia.org/wiki/File:French_tea_cup,_c._1735,_Chantilly,_soft-paste_porcelain,_Honolulu.JPG",CC0
FRA011,重脆\FRA011\s3.png,Wikimedia Commons,https://commons.wikimedia.org/wiki/File:Porcelain_tea_pot_and_cup.jpg,CC BY 4.0
FRA011,重脆\FRA011\s4.png,Wikimedia Commons,"https://commons.wikimedia.org/wiki/File:Tea_cup_with_Aesop%27s_Fable_of_the_Lion_%26_the_Mouse_%26_the_Fox_%26_the_Grapes,_c._1752-1755,_Chelsea,_glassy_soft-paste_porcelain,_overglaze_enamels_-_Gardiner_Museum,_Toronto_-_DSC00848.JPG",CC0
FRA011,重脆\FRA011\s5.png,Wikimedia Commons,https://commons.wikimedia.org/wiki/File:A_Teapot_and_A_Cup_of_Puer_Tea_and_Salted_Chicken_Rice_at_TKL_Chinese_restaurant.jpg,CC BY-SA 4.0
FRA011,重脆\FRA011\s6.png,Wikimedia Commons,https://commons.wikimedia.org/wiki/File:HK_restaurant_Cafe_de_Coral_drink_%E4%B8%AD%E5%9C%8B%E8%8C%B6_Chinese_tea_%E8%8C%B6%E5%8C%85_bag_%E7%B4%99%E6%9D%AF_paper_cup_October_2025_N13P_01.jpg,CC0
FRA011,重脆\FRA011\s7.png,Wikimedia Commons,https://commons.wikimedia.org/wiki/File:HK_restaurant_Cafe_de_Coral_drink_%E4%B8%AD%E5%9C%8B%E8%8C%B6_Chinese_tea_%E8%8C%B6%E5%8C%85_bag_%E7%B4%99%E6%9D%AF_paper_cup_October_2025_N13P_02.jpg,CC0
FRA011,重脆\FRA011\s8.png,Wikimedia Commons,https://commons.wikimedia.org/wiki/File:HK_restaurant_Cafe_de_Coral_drink_%E4%B8%AD%E5%9C%8B%E8%8C%B6_Chinese_tea_%E8%8C%B6%E5%8C%85_bag_%E7%B4%99%E6%9D%AF_paper_cup_October_2025_N13P_03.jpg,CC0
FRA011,重脆\FRA011\s9.png,Wikimedia Commons,https://commons.wikimedia.org/wiki/File:2025.03.27_Vintage_English_Porcelain_QUEEN%27s_ROSINA_Bone_China_Cup_and_Saucer_Strawberry.jpg,CC BY-SA 4.0
FRA011,重脆\FRA011\s10.png,Wikimedia Commons,https://commons.wikimedia.org/wiki/File:2025.03.27_Vintage_English_Porcelain_QUEEN%27s_ROSINA_Bone_China_Cup_and_Saucer_Strawberry_01.jpg,CC BY-SA 4.0
FRA011,重脆\FRA011\s11.png,Wikimedia Commons,https://commons.wikimedia.org/wiki/File:2025.03.27_Vintage_English_Porcelain_QUEEN%27s_ROSINA_Bone_China_Cup_and_Saucer_Strawberry_02.jpg,CC BY-SA 4.0
FRA011,重脆\FRA011\s12.png,Wikimedia Commons,https://commons.wikimedia.org/wiki/File:2025.03.27_Vintage_English_Porcelain_QUEEN%27s_ROSINA_Bone_China_Cup_and_Saucer_Strawberry_03.jpg,CC BY-SA 4.0
FRA011,重脆\FRA011\s13.png,Wikimedia Commons,https://commons.wikimedia.org/wiki/File:2025.03.27_Vintage_English_Porcelain_QUEEN%27s_ROSINA_Bone_China_Cup_and_Saucer_Strawberry_04.jpg,CC BY-SA 4.0
FRA011,重脆\FRA011\s14.png,Wikimedia Commons,https://commons.wikimedia.org/wiki/File:A_super-cup_of_tea.jpg,CC BY-SA 4.0
FRA014,重脆\FRA014\s0.png,Wikimedia Commons,https://commons.wikimedia.org/wiki/File:20221204-porcelain_figurine_of_Benedictine_with_a_drum_Katowice_Panewniki.jpg,CC BY-SA 4.0
FRA014,重脆\FRA014\s1.png,Wikimedia Commons,https://commons.wikimedia.org/wiki/File:An_incomplete_ceramic_figurine_of_unknown_date_(FindID_742187).jpg,CC BY 2.0
FRA014,重脆\FRA014\s2.png,Wikimedia Commons,https://commons.wikimedia.org/wiki/File:Albert_Caasmann_Rosenthal_figurine_of_Satyr.jpg,CC BY-SA 4.0
FRA014,重脆\FRA014\s3.png,Wikimedia Commons,https://commons.wikimedia.org/wiki/File:Bunnykin_figurine_Clean_Sweep.JPG,CC BY-SA 4.0
FRA014,重脆\FRA014\s4.png,Wikimedia Commons,"https://commons.wikimedia.org/wiki/File:Ceramic_Figurines,_Ramkhamhaeng_Museum,_Sukhothai_(47595498362).jpg",Public domain
FRA014,重脆\FRA014\s5.png,Wikimedia Commons,https://commons.wikimedia.org/wiki/File:Ceramic_statue_of_a_Spanish_fraternity_member_in_yellow_and_Wellcome_L0058324.jpg,CC BY 4.0
FRA014,重脆\FRA014\s6.png,Wikimedia Commons,https://commons.wikimedia.org/wiki/File:Figurine_en_c%C3%A9ramique-14e-16e_s.-Mus%C3%A9e_historique_de_Strasbourg_(1).jpg,CC BY-SA 4.0
FRA014,重脆\FRA014\s7.png,Wikimedia Commons,https://commons.wikimedia.org/wiki/File:Figurine_en_c%C3%A9ramique-14e-16e_s.-Mus%C3%A9e_historique_de_Strasbourg_(2).jpg,CC BY-SA 4.0
FRA014,重脆\FRA014\s8.png,Wikimedia Commons,https://commons.wikimedia.org/wiki/File:Figurine_en_c%C3%A9ramique-14e-16e_s.-Mus%C3%A9e_historique_de_Strasbourg_(3).jpg,CC BY-SA 4.0
FRA014,重脆\FRA014\s9.png,Wikimedia Commons,https://commons.wikimedia.org/wiki/File:Figurine_en_c%C3%A9ramique-14e-16e_s.-Mus%C3%A9e_historique_de_Strasbourg_(4).jpg,CC BY-SA 4.0
FRA014,重脆\FRA014\s10.png,Wikimedia Commons,https://commons.wikimedia.org/wiki/File:Figurine_en_c%C3%A9ramique-14e-16e_s.-Mus%C3%A9e_historique_de_Strasbourg_(5).jpg,CC BY-SA 4.0
FRA014,重脆\FRA014\s11.png,Wikimedia Commons,"https://commons.wikimedia.org/wiki/File:Ceramic_figurine_1,_Museo_de_Am%C3%A9rica,_Madrid.jpg",CC BY-SA 3.0
FRA014,重脆\FRA014\s12.png,Wikimedia Commons,"https://commons.wikimedia.org/wiki/File:Ceramic_figurine_2,_Museo_de_Am%C3%A9rica,_Madrid.jpg",CC BY-SA 3.0
FRA014,重脆\FRA014\s13.png,Wikimedia Commons,https://commons.wikimedia.org/wiki/File:Classic_Maya_Ceramic_Figurine_(9757125501).jpg,CC0
FRA014,重脆\FRA014\s14.png,Wikimedia Commons,https://commons.wikimedia.org/wiki/File:Classic_Maya_Ceramic_Figurine_(9757152246).jpg,CC0
FRA015,重脆\FRA015\s0.png,Wikimedia Commons,https://commons.wikimedia.org/wiki/File:2021-11-16_kiki-piggy-bank_by-David-Revoy.jpg,CC BY-SA 4.0
FRA015,重脆\FRA015\s1.png,Wikimedia Commons,https://commons.wikimedia.org/wiki/File:20250828_ceramic_piggy_banks.jpg,CC0
FRA015,重脆\FRA015\s2.png,Wikimedia Commons,https://commons.wikimedia.org/wiki/File:A_Model_1925_Kenworth_Collectible_piggy_bank_sitting_on_table.jpg,CC BY-SA 4.0
FRA015,重脆\FRA015\s3.png,Wikimedia Commons,https://commons.wikimedia.org/wiki/File:A_plastic_container_used_as_a_piggy_bank.jpg,CC BY-SA 3.0
FRA015,重脆\FRA015\s4.png,Wikimedia Commons,"https://commons.wikimedia.org/wiki/File:COINK_Piggy_Bank,_Designed_by_Scott_Henderson,_2004.jpg",CC0
FRA015,重脆\FRA015\s5.png,Wikimedia Commons,https://commons.wikimedia.org/wiki/File:Emptied_Piggy_Bank.jpg,CC BY 2.0
FRA015,重脆\FRA015\s6.png,Wikimedia Commons,https://commons.wikimedia.org/wiki/File:Ice_Piggy_Bank_(5440372955).jpg,CC BY-SA 2.0
FRA015,重脆\FRA015\s7.png,Wikimedia Commons,"https://commons.wikimedia.org/wiki/File:Juliana_1_cent_piggy_bank,_Winschoten_(2019)_01.jpg",CC BY-SA 4.0
FRA015,重脆\FRA015\s8.png,Wikimedia Commons,"https://commons.wikimedia.org/wiki/File:Juliana_1_cent_piggy_bank,_Winschoten_(2019)_02.jpg",CC BY-SA 4.0
FRA015,重脆\FRA015\s9.png,Wikimedia Commons,https://commons.wikimedia.org/wiki/File:Minnesota_piggy_bank.jpg,CC BY 2.0
FRA015,重脆\FRA015\s10.png,Wikimedia Commons,https://commons.wikimedia.org/wiki/File:Model_1925_Kenworth_Collectible_Piggy_Bank.jpg,CC BY-SA 4.0
FRA015,重脆\FRA015\s11.png,Wikimedia Commons,https://commons.wikimedia.org/wiki/File:Model_1925_Kenworth_Collectible_Piggy_Bank_front_view_2.jpg,CC BY-SA 4.0
FRA015,重脆\FRA015\s12.png,Wikimedia Commons,https://commons.wikimedia.org/wiki/File:Model_1925_Kenworth_Piggy_Bank.jpg,CC BY-SA 4.0
FRA015,重脆\FRA015\s13.png,Wikimedia Commons,https://commons.wikimedia.org/wiki/File:Model_1925_Kenworth_Truck_Piggy_Bank.jpg,CC BY-SA 4.0
FRA015,重脆\FRA015\s14.png,Wikimedia Commons,https://commons.wikimedia.org/wiki/File:Native_Clay_piggy_bank.jpg,CC BY-SA 4.0
FRA031,重脆\FRA031\s0.png,Wikimedia Commons,https://commons.wikimedia.org/wiki/File:20221116_glass_coffee_cup_empty_Panewniki.jpg,CC BY-SA 4.0
FRA031,重脆\FRA031\s1.png,Wikimedia Commons,https://commons.wikimedia.org/wiki/File:Close-up_of_a_woman_holding_a_glass_cup_of_coffee_on_a_work_break.jpg,CC BY 2.0
FRA031,重脆\FRA031\s2.png,Wikimedia Commons,https://commons.wikimedia.org/wiki/File:Close-up_of_a_woman_holding_a_glass_cup_of_coffee_while_reading_a_book.jpg,CC BY 2.0
FRA031,重脆\FRA031\s3.png,Wikimedia Commons,https://commons.wikimedia.org/wiki/File:Coffee-cup-water-glass_(23696519554).jpg,CC0
FRA031,重脆\FRA031\s4.png,Wikimedia Commons,https://commons.wikimedia.org/wiki/File:Coffee_brewing_process_at_home_in_a_relaxed_kitchen_setting_with_modern_equipment_and_a_glass_cup.jpg,CC BY 2.0
FRA031,重脆\FRA031\s5.png,Wikimedia Commons,https://commons.wikimedia.org/wiki/File:Cup_of_coffee_with_heart_design_and_glass_of_water_on_wooden_table_in_a_cafe_setting.jpg,CC BY 2.0
FRA031,重脆\FRA031\s6.png,Wikimedia Commons,https://commons.wikimedia.org/wiki/File:Fresh_coffee_served_in_a_glass_cup_on_a_wooden_table.jpg,CC BY 2.0
FRA031,重脆\FRA031\s7.png,Wikimedia Commons,"https://commons.wikimedia.org/wiki/File:Let%27s_Have_Another_Cup_of_Coffee,_Let%27s_Have_Another_Glass_of_Wine_-_panoramio.jpg",CC BY-SA 3.0
FRA031,重脆\FRA031\s8.png,Wikimedia Commons,https://commons.wikimedia.org/wiki/File:Man_sits_at_a_bar_with_a_small_cup_of_coffee_and_a_glass_of_liquor.jpg,CC BY 2.0
FRA031,重脆\FRA031\s9.png,Wikimedia Commons,https://commons.wikimedia.org/wiki/File:Woman_holding_a_glass_cup_with_coffee_in_a_cafe.jpg,CC BY 2.0
FRA031,重脆\FRA031\s10.png,Wikimedia Commons,https://commons.wikimedia.org/wiki/File:Double-Walled_Beaker_LACMA_M.82.124.23.jpg,Public domain
FRA031,重脆\FRA031\s11.png,Wikimedia Commons,https://commons.wikimedia.org/wiki/File:A_cup_of_coffee_2.jpg,CC0
FRA031,重脆\FRA031\s12.png,Wikimedia Commons,https://commons.wikimedia.org/wiki/File:A_cup_of_coffee_milk.jpg,CC BY-SA 4.0
FRA031,重脆\FRA031\s13.png,Wikimedia Commons,https://commons.wikimedia.org/wiki/File:A_young_man_holding_a_glass_of_iced_coffee_at_home_at_sundown._Happy_hour_non-alcoholic_beverage.jpg,CC BY 2.0
FRA031,重脆\FRA031\s14.png,Wikimedia Commons,https://commons.wikimedia.org/wiki/File:Close-up_of_a_cup_of_coffee_in_a_woman_s_hands._Electric_guitar_in_a_blurry_background.jpg,CC BY 2.0
FRA032,重脆\FRA032\s0.png,Wikimedia Commons,https://commons.wikimedia.org/wiki/File:Chick_peas_garbanzo_beans_in_a_personalized_glass_mason_jar_next_to_a_bowl_of_Tuscan_kale_and_white_bean_soup_and_spaghetti_squash_with_Mediterranean_vegetable_pesto_sauce_on_a_wood_table_(16085956870).jpg,CC BY 2.0
FRA032,重脆\FRA032\s1.png,Wikimedia Commons,https://commons.wikimedia.org/wiki/File:Christmas_mason_jar_mugs_with_frozen_cherry_stirrers_on_wood_table_(16057859971).jpg,CC BY 2.0
FRA032,重脆\FRA032\s2.png,Wikimedia Commons,https://commons.wikimedia.org/wiki/File:Christmas_mason_jar_mugs_with_frozen_cherry_stirrers_on_wood_table_next_to_pine_cones_and_ornament_(15872531720).jpg,CC BY 2.0
FRA032,重脆\FRA032\s3.png,Wikimedia Commons,https://commons.wikimedia.org/wiki/File:Diesel_in_mason_jar.JPG,Public domain
FRA032,重脆\FRA032\s4.png,Wikimedia Commons,https://commons.wikimedia.org/wiki/File:Gasoline_in_mason_jar.jpg,Public domain
FRA032,重脆\FRA032\s5.png,Wikimedia Commons,https://commons.wikimedia.org/wiki/File:Kerosene_in_mason_jar.JPG,Public domain
FRA032,重脆\FRA032\s6.png,Wikimedia Commons,https://commons.wikimedia.org/wiki/File:Kerr_mason_jar.jpg,CC BY-SA 2.5
FRA032,重脆\FRA032\s7.png,Wikimedia Commons,https://commons.wikimedia.org/wiki/File:Lemonade_mason_jar.jpg,CC0
FRA032,重脆\FRA032\s8.png,Wikimedia Commons,https://commons.wikimedia.org/wiki/File:Mason_jar_(26880076552).jpg,CC BY 2.0
FRA032,重脆\FRA032\s9.png,Wikimedia Commons,https://commons.wikimedia.org/wiki/File:Antique_Mason_jars.jpg,CC BY 3.0
FRA032,重脆\FRA032\s10.png,Wikimedia Commons,https://commons.wikimedia.org/wiki/File:Canned_pears_in_mason_jars.jpg,CC0
FRA032,重脆\FRA032\s11.png,Wikimedia Commons,https://commons.wikimedia.org/wiki/File:Day_205_Cy365_In_A_Jar_(77787583).jpeg,CC BY-SA 3.0
FRA032,重脆\FRA032\s12.png,Wikimedia Commons,https://commons.wikimedia.org/wiki/File:Iced_White_Mocha_in_a_Glass_Jug.jpg,CC BY 2.0
FRA032,重脆\FRA032\s13.png,Wikimedia Commons,https://commons.wikimedia.org/wiki/File:Atlas_brand_good_luck_mason_jar.jpg,CC BY-SA 4.0
FRA032,重脆\FRA032\s14.png,Wikimedia Commons,https://commons.wikimedia.org/wiki/File:Atlas_brand_mason_jar.jpg,CC BY-SA 4.0
FRA033,重脆\FRA033\s0.png,Wikimedia Commons,https://commons.wikimedia.org/wiki/File:EFTA00000183_-_Bathroom_with_a_white_sink_red_vase_blue_bottle_candle_in_glass_holder_and_a_large_mirror_reflecting_the_rooms_decor.jpg,Public domain
FRA033,重脆\FRA033\s1.png,Wikimedia Commons,https://commons.wikimedia.org/wiki/File:Wheel_bug_hanging_off_the_edge_of_a_glass_candle_holder_(14576223388).jpg,CC BY 2.0
FRA033,重脆\FRA033\s2.png,Wikimedia Commons,https://commons.wikimedia.org/wiki/File:Wheel_bug_on_the_corner_of_a_glass_candle_holder_(14759683601).jpg,CC BY 2.0
FRA033,重脆\FRA033\s3.png,Wikimedia Commons,https://commons.wikimedia.org/wiki/File:Candle_in_glass_cylinder_with_inscription_%22Double_Action_Reversible%22_and_split-coloured_face_with_arrows.jpg,CC BY-SA 4.0
FRA033,重脆\FRA033\s4.png,Wikimedia Commons,"https://commons.wikimedia.org/wiki/File:Candle_lamp_and_shade,_Louis_Comfort_Tiffany,_Tiffany_Furnaces,_1902-1920,_favrile_glass_-_Portland_Museum_of_Art_-_Portland,_Maine_-_DSC04433.jpg",Public domain
FRA033,重脆\FRA033\s5.png,Wikimedia Commons,https://commons.wikimedia.org/wiki/File:Candle_light_projected_through_a_glass_orb.jpg,CC BY-SA 4.0
FRA033,重脆\FRA033\s6.png,Wikimedia Commons,https://commons.wikimedia.org/wiki/File:Candle_vapor_burning_at_another_end_of_glass_tube.JPG,CC BY-SA 3.0
FRA033,重脆\FRA033\s7.png,Wikimedia Commons,https://commons.wikimedia.org/wiki/File:Glass_Garden_Candle_(154634319).jpeg,CC BY-SA 3.0
FRA033,重脆\FRA033\s8.png,Wikimedia Commons,https://commons.wikimedia.org/wiki/File:Handmade_glass_lampshade_with_candle.jpeg,CC BY-SA 4.0
FRA033,重脆\FRA033\s9.png,Wikimedia Commons,"https://commons.wikimedia.org/wiki/File:McBling_Saturday_Night_candle_with_glitter_and_a_disco_ball,_very_Gen_Z,_unknown_designer,_produced_by_DW_Home,_circa_2024,_glass_and_wax,_sold_at_T%E2%80%A2J%E2%80%A2maxx_in_Miami,_US_(01).jpg",CC0
FRA033,重脆\FRA033\s10.png,Wikimedia Commons,"https://commons.wikimedia.org/wiki/File:McBling_Saturday_Night_candle_with_glitter_and_a_disco_ball,_very_Gen_Z,_unknown_designer,_produced_by_DW_Home,_circa_2024,_glass_and_wax,_sold_at_T%E2%80%A2J%E2%80%A2maxx_in_Miami,_US_(02).jpg",CC0
FRA033,重脆\FRA033\s11.png,Wikimedia Commons,https://commons.wikimedia.org/wiki/File:St_Anthony_shrine_with_stained_glass_window_and_votive_candle_stand.jpg,CC BY-SA 4.0
FRA033,重脆\FRA033\s12.png,Wikimedia Commons,https://commons.wikimedia.org/wiki/File:Stained_glass_behind_candle.JPG,CC BY-SA 4.0
FRA033,重脆\FRA033\s13.png,Wikimedia Commons,https://commons.wikimedia.org/wiki/File:Swarovski_Candle_holder2.jpg,CC BY-SA 3.0
FRA033,重脆\FRA033\s14.png,Wikimedia Commons,https://commons.wikimedia.org/wiki/File:50_glass_candles_in_memory.jpg,CC BY-SA 4.0
FRA034,重脆\FRA034\s0.png,Wikimedia Commons,"https://commons.wikimedia.org/wiki/File:-2019-09-14_Coffee_cup_and_saucer,_%CE%84Parrot_Tulip%CE%84_(E2396),_Susie_Cooper.JPG",CC BY-SA 4.0
FRA034,重脆\FRA034\s1.png,Wikimedia Commons,https://commons.wikimedia.org/wiki/File:Coffee_Cup_and_Saucer_LACMA_55.36.31a-b.jpg,Public domain
FRA034,重脆\FRA034\s2.png,Wikimedia Commons,https://commons.wikimedia.org/wiki/File:Coffee_Cup_and_Saucer_MET_171510.jpg,CC0
FRA034,重脆\FRA034\s3.png,Wikimedia Commons,https://commons.wikimedia.org/wiki/File:Coffee_Cup_and_Saucer_MET_DP258771.jpg,CC0
FRA034,重脆\FRA034\s4.png,Wikimedia Commons,https://commons.wikimedia.org/wiki/File:Coffee_cup_and_a_saucer_with_the_view_of_Pu%C5%82awy_and_Sieniawa.jpg,CC0
FRA034,重脆\FRA034\s5.png,Wikimedia Commons,https://commons.wikimedia.org/wiki/File:Coffee_cup_and_saucer.jpg,CC BY-SA 4.0
FRA034,重脆\FRA034\s6.png,Wikimedia Commons,https://commons.wikimedia.org/wiki/File:Coffee_cup_and_saucer_(part_of_a_service)_MET_188469.jpg,CC0
FRA034,重脆\FRA034\s7.png,Wikimedia Commons,https://commons.wikimedia.org/wiki/File:Coffee_cup_and_saucer_(part_of_a_service)_MET_188470.jpg,CC0
FRA034,重脆\FRA034\s8.png,Wikimedia Commons,https://commons.wikimedia.org/wiki/File:Coffee_cup_and_saucer_MET_195419.jpg,CC0
FRA034,重脆\FRA034\s9.png,Wikimedia Commons,https://commons.wikimedia.org/wiki/File:Coffee_cup_and_saucer_MET_195420.jpg,CC0
FRA034,重脆\FRA034\s10.png,Wikimedia Commons,https://commons.wikimedia.org/wiki/File:Coffee_cup_and_saucer_MET_SF2007_243_7ab.jpg,CC0
FRA034,重脆\FRA034\s11.png,Wikimedia Commons,https://commons.wikimedia.org/wiki/File:Coffee_cup_and_saucer_MET_SF2007_243_8ab.jpg,CC0
FRA034,重脆\FRA034\s12.png,Wikimedia Commons,https://commons.wikimedia.org/wiki/File:Coffee_cup_and_saucer_Newgate_Street_Hatfield_Hertfordshire_England.jpg,CC BY-SA 4.0
FRA034,重脆\FRA034\s13.png,Wikimedia Commons,https://commons.wikimedia.org/wiki/File:Lenox_china_coffee_cup_and_saucer_on_reading_table.jpg,CC BY-SA 4.0
FRA034,重脆\FRA034\s14.png,Wikimedia Commons,"https://commons.wikimedia.org/wiki/File:Porcelain_coffee_cup_and_saucer,_Walker_Art_Gallery.jpg",CC BY 3.0
FRA035,重脆\FRA035\s0.png,Wikimedia Commons,https://commons.wikimedia.org/wiki/File:Ceramic_Soup_Bowl.jpg,Public domain
FRA035,重脆\FRA035\s1.png,Wikimedia Commons,https://commons.wikimedia.org/wiki/File:Fufu_and_light_soup_in_ceramic_bowl.jpg,CC BY-SA 4.0
FRA035,重脆\FRA035\s2.png,Wikimedia Commons,https://commons.wikimedia.org/wiki/File:Fufu_with_light_soup_and_chicken_in_a_ceramic_bowl.jpg,CC BY-SA 4.0
FRA035,重脆\FRA035\s3.png,Wikimedia Commons,https://commons.wikimedia.org/wiki/File:A_bowl_of_dill_seed_(14974123700).jpg,CC BY 2.0
FRA035,重脆\FRA035\s4.png,Wikimedia Commons,https://commons.wikimedia.org/wiki/File:A_white_bowl.jpg,CC BY-SA 4.0
FRA035,重脆\FRA035\s5.png,Wikimedia Commons,https://commons.wikimedia.org/wiki/File:Aidans_Bowl.jpg,CC BY-SA 4.0
FRA035,重脆\FRA035\s6.png,Wikimedia Commons,https://commons.wikimedia.org/wiki/File:Assorted_ceramic_tableware.jpg,CC BY 4.0
FRA035,重脆\FRA035\s7.png,Wikimedia Commons,https://commons.wikimedia.org/wiki/File:BillBoyd_bowl.jpg,CC BY-SA 3.0
FRA035,重脆\FRA035\s8.png,Wikimedia Commons,https://commons.wikimedia.org/wiki/File:Bowl_(pineapple_pattern)_-_from_Thailand.jpg,CC BY-SA 4.0
FRA035,重脆\FRA035\s9.png,Wikimedia Commons,https://commons.wikimedia.org/wiki/File:Bowl_for_fruits_Swan.jpg,Public domain
FRA035,重脆\FRA035\s10.png,Wikimedia Commons,"https://commons.wikimedia.org/wiki/File:Bowl_with_nymphs,_1903,_2017-11-18.jpg",Public domain
FRA035,重脆\FRA035\s11.png,Wikimedia Commons,"https://commons.wikimedia.org/wiki/File:Bowl,_commemorative_(AM_1987.491-1).jpg",CC BY 4.0
FRA035,重脆\FRA035\s12.png,Wikimedia Commons,"https://commons.wikimedia.org/wiki/File:Bowl,_commemorative_(AM_1987.491-2).jpg",CC BY 4.0
FRA035,重脆\FRA035\s13.png,Wikimedia Commons,"https://commons.wikimedia.org/wiki/File:Bowl,_commemorative_(AM_1987.491-3).jpg",CC BY 4.0
FRA035,重脆\FRA035\s14.png,Wikimedia Commons,"https://commons.wikimedia.org/wiki/File:Bowl,_commemorative_(AM_1987.491-4).jpg",CC BY 4.0
FRA037,重脆\FRA037\s0.png,Wikimedia Commons,https://commons.wikimedia.org/wiki/File:Chinese_spoon_and_chopstick_rest.jpg,CC BY 2.0 kr
FRA037,重脆\FRA037\s1.png,Wikimedia Commons,"https://commons.wikimedia.org/wiki/File:Bowl,_spoon,_and_dish_for_services_made_for_Nawab_Feizsalar_of_India,_Chinese_porcelain,_1824_-_Winterthur_Museum_-_DSC01502.JPG",CC0
FRA037,重脆\FRA037\s2.png,Wikimedia Commons,"https://commons.wikimedia.org/wiki/File:Beef_Balls_Noodle_Soup,_Blanco_Court_Beef_Noodles,_Food_Republic_@_Suntec_City,_2023_(01).jpg",CC BY-SA 4.0
FRA037,重脆\FRA037\s3.png,Wikimedia Commons,"https://commons.wikimedia.org/wiki/File:Bone_spoon_and_adze,_Neolithic,_9000-7000_BC,_Donghulin_site,_Beijing.jpg",CC0
FRA037,重脆\FRA037\s4.png,Wikimedia Commons,"https://commons.wikimedia.org/wiki/File:Bone_spoon_and_stone,_Neolithic,_9000-7000_BC,_Donghulin_site,_Beijing.jpg",CC0
FRA037,重脆\FRA037\s5.png,Wikimedia Commons,https://commons.wikimedia.org/wiki/File:Chinese_noodles_of_Ramen_Kiou.JPG,CC BY-SA 4.0
FRA037,重脆\FRA037\s6.png,Wikimedia Commons,https://commons.wikimedia.org/wiki/File:Chinese_spoons.jpg,Public domain
FRA037,重脆\FRA037\s7.png,Wikimedia Commons,"https://commons.wikimedia.org/wiki/File:Flat_spoon_from_China,_Han_dynasty,_bronze,_Honolulu_Museum_of_Art.JPG",CC0
FRA037,重脆\FRA037\s8.png,Wikimedia Commons,"https://commons.wikimedia.org/wiki/File:Armorial_teacup,_coffee_cup,_spoon_and_saucer_from_the_Daniel_Ludlow_service,_c._1775-1778,_Bristol_China_Manufactory,_hard-paste_porcelain,_overglaze_enamels,_gilding_-_Gardiner_Museum,_Toronto_-_DSC00763.JPG",CC0
FRA037,重脆\FRA037\s9.png,Wikimedia Commons,https://commons.wikimedia.org/wiki/File:Chinese_pottery_and_porcelain_-_an_account_of_the_potter%27s_art_in_China_from_primitive_times_to_the_present_day_(1915)_(14777537045).jpg,No restrictions
FRA037,重脆\FRA037\s10.png,Wikimedia Commons,https://commons.wikimedia.org/wiki/File:HK_SYP_%E8%A5%BF%E7%92%B0_Sai_Ying_Pun_%E5%BE%B7%E8%BC%94%E9%81%93%E8%A5%BF_308_Des_Voeux_Road_West_%E9%A3%9F%E7%A5%9E%E9%BA%97%E5%AE%AE%E9%85%92%E5%AE%B6_Chinese_Banquet_Seafood_Restaurant_food_%E7%B4%85%E8%B1%86%E7%B3%96%E6%B0%B4_Red_bean_dessert_soup_bowl_n_white_spoon_January_2026_N13P_01.jpg,CC0
FRA037,重脆\FRA037\s11.png,Wikimedia Commons,https://commons.wikimedia.org/wiki/File:HK_SYP_%E8%A5%BF%E7%92%B0_Sai_Ying_Pun_%E5%BE%B7%E8%BC%94%E9%81%93%E8%A5%BF_308_Des_Voeux_Road_West_%E9%A3%9F%E7%A5%9E%E9%BA%97%E5%AE%AE%E9%85%92%E5%AE%B6_Chinese_Banquet_Seafood_Restaurant_food_%E7%B4%85%E8%B1%86%E7%B3%96%E6%B0%B4_Red_bean_dessert_soup_bowl_n_white_spoon_January_2026_N13P_02.jpg,CC0
FRA037,重脆\FRA037\s12.png,Wikimedia Commons,https://commons.wikimedia.org/wiki/File:HK_SYP_%E8%A5%BF%E7%92%B0_Sai_Ying_Pun_%E5%BE%B7%E8%BC%94%E9%81%93%E8%A5%BF_308_Des_Voeux_Road_West_%E9%A3%9F%E7%A5%9E%E9%BA%97%E5%AE%AE%E9%85%92%E5%AE%B6_Chinese_Banquet_Seafood_Restaurant_food_%E7%B4%85%E8%B1%86%E7%B3%96%E6%B0%B4_Red_bean_dessert_soup_bowl_n_white_spoon_January_2026_N13P_03.jpg,CC0
FRA037,重脆\FRA037\s13.png,Wikimedia Commons,https://commons.wikimedia.org/wiki/File:HK_SYP_%E8%A5%BF%E7%92%B0_Sai_Ying_Pun_%E5%BE%B7%E8%BC%94%E9%81%93%E8%A5%BF_308_Des_Voeux_Road_West_%E9%A3%9F%E7%A5%9E%E9%BA%97%E5%AE%AE%E9%85%92%E5%AE%B6_Chinese_Banquet_Seafood_Restaurant_food_%E7%B4%85%E8%B1%86%E7%B3%96%E6%B0%B4_Red_bean_dessert_soup_bowl_n_white_spoon_January_2026_N13P_04.jpg,CC0
FRA037,重脆\FRA037\s14.png,Wikimedia Commons,https://commons.wikimedia.org/wiki/File:Metal_Chinese_spoon_-_01.jpg,CC0
FRA038,重脆\FRA038\s0.png,Wikimedia Commons,https://commons.wikimedia.org/wiki/File:C.2000s_American_ceramic_copy_of_antique_German_china_doll_head.jpg,CC BY 2.0
FRA038,重脆\FRA038\s1.png,Wikimedia Commons,https://commons.wikimedia.org/wiki/File:China_doll.jpg,CC BY-SA 3.0
FRA038,重脆\FRA038\s2.png,Wikimedia Commons,https://commons.wikimedia.org/wiki/File:CHINA_HEAD_DOLL.jpg,CC BY-SA 4.0
FRA038,重脆\FRA038\s3.png,Wikimedia Commons,https://commons.wikimedia.org/wiki/File:Old_Harlequin_porcelain_Mardigras_doll_New_Orleans_USA_-_6638.jpg,CC BY-SA 3.0
FRA038,重脆\FRA038\s4.png,Wikimedia Commons,"https://commons.wikimedia.org/wiki/File:Porcelain_doll_on_pedal_toy_car,_Tretauto-Werkstatt,_Spielzeug_Welten_Museum,_Basel,_Switzerland_julesvernex2.jpg",CC BY-SA 4.0
FRA038,重脆\FRA038\s5.png,Wikimedia Commons,https://commons.wikimedia.org/wiki/File:Porcelain_doll.jpeg,Public domain
FRA038,重脆\FRA038\s6.png,Wikimedia Commons,https://commons.wikimedia.org/wiki/File:Antique_porcelain_dolls_(26536635506).jpg,CC BY 2.0
FRA038,重脆\FRA038\s7.png,Wikimedia Commons,https://commons.wikimedia.org/wiki/File:Diana_dorozhkina-doll-charity.JPG,GFDL
FRA038,重脆\FRA038\s8.png,Wikimedia Commons,"https://commons.wikimedia.org/wiki/File:Doll,_girl_(AM_2017.117.42-1).jpg",CC BY 4.0
FRA038,重脆\FRA038\s9.png,Wikimedia Commons,"https://commons.wikimedia.org/wiki/File:Doll,_girl_(AM_2017.117.42-2).jpg",CC BY 4.0
FRA038,重脆\FRA038\s10.png,Wikimedia Commons,"https://commons.wikimedia.org/wiki/File:Doll,_girl_(AM_2017.117.42-20).jpg",CC BY 4.0
FRA038,重脆\FRA038\s11.png,Wikimedia Commons,"https://commons.wikimedia.org/wiki/File:Doll,_girl_(AM_2017.117.42-3).jpg",CC BY 4.0
FRA038,重脆\FRA038\s12.png,Wikimedia Commons,"https://commons.wikimedia.org/wiki/File:Doll,_girl_(AM_2017.117.42-4).jpg",CC BY 4.0
FRA038,重脆\FRA038\s13.png,Wikimedia Commons,"https://commons.wikimedia.org/wiki/File:Doll,_girl_(AM_2017.117.42-5).jpg",CC BY 4.0
FRA038,重脆\FRA038\s14.png,Wikimedia Commons,"https://commons.wikimedia.org/wiki/File:Doll,_girl_(AM_2017.117.42-6).jpg",CC BY 4.0
FRA060,重脆\FRA060\s0.png,Wikimedia Commons,https://commons.wikimedia.org/wiki/File:Playing_with_glass_marbles.jpg,CC BY-SA 4.0
FRA060,重脆\FRA060\s1.png,Wikimedia Commons,"https://commons.wikimedia.org/wiki/File:Catalogue_of_the_furniture,_marbles,_bronzes,_clocks,_candelabra,_majolica,_porcelain,_glass,_jewellery,_goldsmith%27s_and_silversmith%27s_work,_ivories,_medals,_illuminations,_miniatures,_and_objects_of_(14576552318).jpg",No restrictions
FRA060,重脆\FRA060\s2.png,Wikimedia Commons,"https://commons.wikimedia.org/wiki/File:Catalogue_of_the_furniture,_marbles,_bronzes,_clocks,_candelabra,_majolica,_porcelain,_glass,_jewellery,_goldsmith%27s_and_silversmith%27s_work,_ivories,_medals,_illuminations,_miniatures,_and_objects_of_(14576639388).jpg",No restrictions
FRA060,重脆\FRA060\s3.png,Wikimedia Commons,"https://commons.wikimedia.org/wiki/File:Catalogue_of_the_furniture,_marbles,_bronzes,_clocks,_candelabra,_majolica,_porcelain,_glass,_jewellery,_goldsmith%27s_and_silversmith%27s_work,_ivories,_medals,_illuminations,_miniatures,_and_objects_of_(14576852657).jpg",No restrictions
FRA060,重脆\FRA060\s4.png,Wikimedia Commons,"https://commons.wikimedia.org/wiki/File:Catalogue_of_the_furniture,_marbles,_bronzes,_clocks,_candelabra,_majolica,_porcelain,_glass,_jewellery,_goldsmith%27s_and_silversmith%27s_work,_ivories,_medals,_illuminations,_miniatures,_and_objects_of_(14740303416).jpg",No restrictions
FRA060,重脆\FRA060\s5.png,Wikimedia Commons,"https://commons.wikimedia.org/wiki/File:Catalogue_of_the_furniture,_marbles,_bronzes,_clocks,_candelabra,_majolica,_porcelain,_glass,_jewellery,_goldsmith%27s_and_silversmith%27s_work,_ivories,_medals,_illuminations,_miniatures,_and_objects_of_(14762976082).jpg",No restrictions
FRA060,重脆\FRA060\s6.png,Wikimedia Commons,https://commons.wikimedia.org/wiki/File:Edinburgh_Castle_through_Glass_Marbles_at_the_College_of_Art_-_geograph.org.uk_-_973482.jpg,CC BY-SA 2.0
FRA060,重脆\FRA060\s7.png,Wikimedia Commons,https://commons.wikimedia.org/wiki/File:Glass_Marble.jpg,CC BY-SA 4.0
FRA060,重脆\FRA060\s8.png,Wikimedia Commons,https://commons.wikimedia.org/wiki/File:Glass_Marbles.jpg,CC BY-SA 3.0
FRA060,重脆\FRA060\s9.png,Wikimedia Commons,https://commons.wikimedia.org/wiki/File:Glass_marble_in_hand_(Unsplash).jpg,CC0
FRA060,重脆\FRA060\s10.png,Wikimedia Commons,https://commons.wikimedia.org/wiki/File:Group_of_Glass_Marbles_-_DPLA_-_d07ef84e36bc777c136bf941e0361ac5_(page_1).jpg,Public domain
FRA060,重脆\FRA060\s11.png,Wikimedia Commons,https://commons.wikimedia.org/wiki/File:Group_of_Glass_Marbles_-_DPLA_-_d07ef84e36bc777c136bf941e0361ac5_(page_2).jpg,Public domain
FRA060,重脆\FRA060\s12.png,Wikimedia Commons,https://commons.wikimedia.org/wiki/File:HK_%E4%B8%AD%E7%92%B0_Central_%E9%A6%99%E6%B8%AF%E5%A4%A7%E6%9C%83%E5%A0%82_City_Hall_Exhibition_Hall_%E6%B3%A2%E5%AD%90_glass_marbles_November_2020_SS2_01.jpg,CC BY-SA 4.0
FRA060,重脆\FRA060\s13.png,Wikimedia Commons,https://commons.wikimedia.org/wiki/File:HK_%E4%B8%AD%E7%92%B0_Central_%E9%A6%99%E6%B8%AF%E5%A4%A7%E6%9C%83%E5%A0%82_City_Hall_Exhibition_Hall_%E6%B3%A2%E5%AD%90_glass_marbles_November_2020_SS2_02.jpg,CC BY-SA 4.0
FRA060,重脆\FRA060\s14.png,Wikimedia Commons,https://commons.wikimedia.org/wiki/File:HK_%E4%B8%AD%E7%92%B0_Central_%E9%A6%99%E6%B8%AF%E5%A4%A7%E6%9C%83%E5%A0%82_City_Hall_Exhibition_Hall_%E6%B3%A2%E5%AD%90_glass_marbles_November_2020_SS2_03.jpg,CC BY-SA 4.0
FRA062,重脆\FRA062\s0.png,Wikimedia Commons,https://commons.wikimedia.org/wiki/File:Blue_and_yellow_glass_bowl_by_Berit_Johansson_for_Gense_1.jpg,CC BY-SA 4.0
FRA062,重脆\FRA062\s1.png,Wikimedia Commons,https://commons.wikimedia.org/wiki/File:Blue_and_yellow_glass_bowl_by_Berit_Johansson_for_Gense_2.jpg,CC BY-SA 4.0
FRA062,重脆\FRA062\s2.png,Wikimedia Commons,https://commons.wikimedia.org/wiki/File:Blue_and_yellow_glass_bowl_by_Berit_Johansson_for_Gense_3.jpg,CC BY-SA 4.0
FRA062,重脆\FRA062\s3.png,Wikimedia Commons,https://commons.wikimedia.org/wiki/File:Blue_and_yellow_glass_bowl_by_Berit_Johansson_for_Gense_4.jpg,CC BY-SA 4.0
FRA062,重脆\FRA062\s4.png,Wikimedia Commons,https://commons.wikimedia.org/wiki/File:Blue_and_yellow_glass_bowl_by_Berit_Johansson_for_Gense_5.jpg,CC BY-SA 4.0
FRA062,重脆\FRA062\s5.png,Wikimedia Commons,https://commons.wikimedia.org/wiki/File:%22Pillar-moulded%22_Bowl_LACMA_M.88.129.47.jpg,Public domain
FRA062,重脆\FRA062\s6.png,Wikimedia Commons,"https://commons.wikimedia.org/wiki/File:Alvin_Shiren,_Bowl,_c._1940,_NGA_29923.jpg",CC0
FRA062,重脆\FRA062\s7.png,Wikimedia Commons,https://commons.wikimedia.org/wiki/File:Antique_crystal_bowl_(9066476134).jpg,CC BY 2.0
FRA062,重脆\FRA062\s8.png,Wikimedia Commons,https://commons.wikimedia.org/wiki/File:Bowl_(AM_4423-2).jpg,CC BY 4.0
FRA062,重脆\FRA062\s9.png,Wikimedia Commons,https://commons.wikimedia.org/wiki/File:Bowl_(AM_4423-3).jpg,CC BY 4.0
FRA062,重脆\FRA062\s10.png,Wikimedia Commons,https://commons.wikimedia.org/wiki/File:Bowl_(AM_4423-6).jpg,CC BY 4.0
FRA062,重脆\FRA062\s11.png,Wikimedia Commons,https://commons.wikimedia.org/wiki/File:Bowl_(AM_9870-1).jpg,CC BY 4.0
FRA062,重脆\FRA062\s12.png,Wikimedia Commons,"https://commons.wikimedia.org/wiki/File:Bowl_from_Japan,_c._1910-20,_Honolulu_Museum_of_Art_7593.1-10.JPG",CC0
FRA062,重脆\FRA062\s13.png,Wikimedia Commons,https://commons.wikimedia.org/wiki/File:Bowl_MET_sf1977.438.2.jpg,CC0
FRA062,重脆\FRA062\s14.png,Wikimedia Commons,https://commons.wikimedia.org/wiki/File:Chinese_-_Bowl_-_Walters_47680.jpg,Public domain
FRA063,重脆\FRA063\s0.png,Wikimedia Commons,https://commons.wikimedia.org/wiki/File:Ancient_Chinese_teapot_(24940771033).jpg,CC BY 2.0
FRA063,重脆\FRA063\s1.png,Wikimedia Commons,https://commons.wikimedia.org/wiki/File:Antique_Chinese_teapot_(25579620615).jpg,CC BY 2.0
FRA063,重脆\FRA063\s2.png,Wikimedia Commons,https://commons.wikimedia.org/wiki/File:Antique_Chinese_teapot_(8312583653).jpg,CC BY 2.0
FRA063,重脆\FRA063\s3.png,Wikimedia Commons,https://commons.wikimedia.org/wiki/File:BLW_Teapot_with_Chinese_Flowers.jpg,CC BY-SA 2.0 uk
FRA063,重脆\FRA063\s4.png,Wikimedia Commons,"https://commons.wikimedia.org/wiki/File:China,_Chinese_Export_--_English_or_American_Markets,_18th_century_-_Teapot_(lid)_-_1958.212.b_-_Cleveland_Museum_of_Art.jpg",CC0
FRA063,重脆\FRA063\s5.png,Wikimedia Commons,"https://commons.wikimedia.org/wiki/File:China,_Chinese_Export_--_English_or_American_Markets,_18th_century_-_Teapot_-_1958.212.a_-_Cleveland_Museum_of_Art.jpg",CC0
FRA063,重脆\FRA063\s6.png,Wikimedia Commons,"https://commons.wikimedia.org/wiki/File:China,_Chinese_Export_--_English_or_American_Markets,_18th_century_-_Teapot_-_1958.212_-_Cleveland_Museum_of_Art.jpg",CC0
FRA063,重脆\FRA063\s7.png,Wikimedia Commons,"https://commons.wikimedia.org/wiki/File:China,_Chinese_Export_--_European_Market,_18th_century_-_Teapot_-_1958.211_-_Cleveland_Museum_of_Art.jpg",CC0
FRA063,重脆\FRA063\s8.png,Wikimedia Commons,https://commons.wikimedia.org/wiki/File:Chinese_-_Teapot_-_Walters_491938_-_Profile.jpg,Public domain
FRA063,重脆\FRA063\s9.png,Wikimedia Commons,https://commons.wikimedia.org/wiki/File:Chinese_-_Teapot_in_the_Form_of_Two_Peaches_-_Walters_491045.jpg,Public domain
FRA063,重脆\FRA063\s10.png,Wikimedia Commons,https://commons.wikimedia.org/wiki/File:Chinese_-_Teapot_with_Landscapes_-_Walters_49740_-_View_A.jpg,Public domain
FRA063,重脆\FRA063\s11.png,Wikimedia Commons,"https://commons.wikimedia.org/wiki/File:Chinese_Qing_Dynasty_Teapot_Decorated_in_Europe,_Jingdezhen_%26_Europe,_1750-1770.jpg",CC0
FRA063,重脆\FRA063\s12.png,Wikimedia Commons,"https://commons.wikimedia.org/wiki/File:Chinese_teapot,_Ming,_porcelain.jpg",CC BY-SA 4.0
FRA063,重脆\FRA063\s13.png,Wikimedia Commons,https://commons.wikimedia.org/wiki/File:HK_%E4%B8%8A%E7%92%B0_Sheung_Wan_%E6%80%A5%E5%BA%87%E5%88%A9%E8%A1%97_Clevely_Street_%E9%8B%BF%E6%99%B6%E9%A4%A8_SC_Cuisine_Chinese_Seafood_Restaurant_white_tableware_%E8%8C%B6%E5%A3%BA_teapot_October_2025_N13P_01.jpg,CC0
FRA063,重脆\FRA063\s14.png,Wikimedia Commons,https://commons.wikimedia.org/wiki/File:Reinterpretation_of_Classic_Chinese_Teapot.jpg,CC BY-SA 4.0
FRA066,重脆\FRA066\s0.png,Wikimedia Commons,"https://commons.wikimedia.org/wiki/File:Ashes_from_Mount_Saint_Helens_eruption_swept_up_in_Missoula,_Montana,_in_a_glass_milk_bottle.jpg",CC BY-SA 3.0
FRA066,重脆\FRA066\s1.png,Wikimedia Commons,"https://commons.wikimedia.org/wiki/File:Glass_milk_bottle_-_ten_cents_-_Missoula,_Montana,_filled_with_ash_from_Mount_Saint_Helens_eruption.jpg",CC BY-SA 3.0
FRA066,重脆\FRA066\s2.png,Wikimedia Commons,https://commons.wikimedia.org/wiki/File:Glass_milk_bottle_cardboard_cap_and_opener.jpg,CC BY-SA 4.0
FRA066,重脆\FRA066\s3.png,Wikimedia Commons,https://commons.wikimedia.org/wiki/File:Glass_School_Milk_Bottle.jpg,CC BY-SA 4.0
FRA066,重脆\FRA066\s4.png,Wikimedia Commons,https://commons.wikimedia.org/wiki/File:1940s_milk_bottle_cap_National_Savings.jpg,Public domain
FRA066,重脆\FRA066\s5.png,Wikimedia Commons,https://commons.wikimedia.org/wiki/File:Adult_crossdresser_drinking_milk_from_a_milk_bottle.jpg,CC0
FRA066,重脆\FRA066\s6.png,Wikimedia Commons,"https://commons.wikimedia.org/wiki/File:Bottle,_milk_(AM_1997.80.37-1).jpg",CC BY 4.0
FRA066,重脆\FRA066\s7.png,Wikimedia Commons,"https://commons.wikimedia.org/wiki/File:Chimpanzee_seated_at_table_with_bottle_and_glass_at_the_National_Zoo,_Washington,_D.C._LCCN2001697392.jpg",Public domain
FRA066,重脆\FRA066\s8.png,Wikimedia Commons,https://commons.wikimedia.org/wiki/File:Dairy_Crest_Semi_Skimmed_Milk_Bottle.jpg,CC BY 3.0
FRA066,重脆\FRA066\s9.png,Wikimedia Commons,https://commons.wikimedia.org/wiki/File:Doorstep_milk_bottles.JPG,CC0
FRA066,重脆\FRA066\s10.png,Wikimedia Commons,https://commons.wikimedia.org/wiki/File:1930_-_Glass_Freeman%27s_Milk_Bottle_-_Allentown_PA.jpg,Public domain
FRA066,重脆\FRA066\s11.png,Wikimedia Commons,https://commons.wikimedia.org/wiki/File:1940_-_Glass_Freeman%27s_Milk_Bottle_-_Allentown_PA.jpg,Public domain
FRA066,重脆\FRA066\s12.png,Wikimedia Commons,https://commons.wikimedia.org/wiki/File:1950_-_Glass_Freeman%27s_Milk_Bottle_-_Allentown_PA.jpg,Public domain
FRA066,重脆\FRA066\s13.png,Wikimedia Commons,https://commons.wikimedia.org/wiki/File:Glass_of_baby_bottle_with_milk_teteo160.jpg,CC BY-SA 4.0
FRA066,重脆\FRA066\s14.png,Wikimedia Commons,https://commons.wikimedia.org/wiki/File:(Milk_lorry_accident_at_Chirk)_(6346731537).jpg,CC0
E008,重脆\E008\s1.png,Wikimedia Commons,https://commons.wikimedia.org/wiki/File:Health_worker_shows_a_jar_of_jam_to_a_child.jpg,CC BY 2.0
E008,重脆\E008\s2.png,Wikimedia Commons,https://commons.wikimedia.org/wiki/File:P.S._Church_Raspberry_Jam_Jar.JPG,CC BY-SA 4.0
E008,重脆\E008\s3.png,Wikimedia Commons,https://commons.wikimedia.org/wiki/File:Jam_and_toast.jpg,CC0
E008,重脆\E008\s4.png,Wikimedia Commons,"https://commons.wikimedia.org/wiki/File:Jam_jar,_Kazakhstan.jpg",CC BY-SA 4.0
E008,重脆\E008\s5.png,Wikimedia Commons,"https://commons.wikimedia.org/wiki/File:Jam_jar_cocktails,_Scottburgh.jpg",CC BY-SA 4.0
E008,重脆\E008\s6.png,Wikimedia Commons,"https://commons.wikimedia.org/wiki/File:Jar,_jam_(AM_1966.79).jpg",CC BY 4.0
E008,重脆\E008\s7.png,Wikimedia Commons,"https://commons.wikimedia.org/wiki/File:Jar,_jam_(AM_1987.421-1).jpg",CC BY 4.0
E008,重脆\E008\s8.png,Wikimedia Commons,"https://commons.wikimedia.org/wiki/File:Jar,_jam_(AM_5091-1).jpg",CC BY 4.0
E008,重脆\E008\s9.png,Wikimedia Commons,"https://commons.wikimedia.org/wiki/File:Jar,_jam_(AM_5091-2).jpg",CC BY 4.0
E008,重脆\E008\s10.png,Wikimedia Commons,"https://commons.wikimedia.org/wiki/File:Jar,_jam_(AM_5091-3).jpg",CC BY 4.0
E008,重脆\E008\s11.png,Wikimedia Commons,"https://commons.wikimedia.org/wiki/File:Jar,_jam_(AM_5091-4).jpg",CC BY 4.0
E008,重脆\E008\s12.png,Wikimedia Commons,"https://commons.wikimedia.org/wiki/File:Jar,_jam_(AM_5091-5).jpg",CC BY 4.0
E008,重脆\E008\s13.png,Wikimedia Commons,"https://commons.wikimedia.org/wiki/File:Jar,_jam_(AM_5091-6).jpg",CC BY 4.0
E008,重脆\E008\s14.png,Wikimedia Commons,https://commons.wikimedia.org/wiki/File:Lemon_jam_jar_and_tamarillo_jam_(dutch_eggplant_jams)_jars_in_Sultan_Thaha_Airport.jpg,CC BY-SA 4.0
E040,轻脆\E040\s1.png,Wikimedia Commons,https://commons.wikimedia.org/wiki/File:%22Aesthetic_Potato_Chips%22.jpg,CC BY-SA 4.0
E040,轻脆\E040\s2.png,Wikimedia Commons,"https://commons.wikimedia.org/wiki/File:073_Potato_chips,_Sanok.JPG",CC BY-SA 3.0
E040,轻脆\E040\s3.png,Wikimedia Commons,https://commons.wikimedia.org/wiki/File:A_pile_of_All_Dressed_potato_chips_on_a_paper_towel.jpg,CC BY-SA 4.0
E040,轻脆\E040\s4.png,Wikimedia Commons,https://commons.wikimedia.org/wiki/File:A_view_of_Potato_chips.jpg,CC BY-SA 3.0
E040,轻脆\E040\s5.png,Wikimedia Commons,https://commons.wikimedia.org/wiki/File:Balsnack_BBQ_flavoured_grand_potato_chips_(1).jpg,CC0
E040,轻脆\E040\s6.png,Wikimedia Commons,https://commons.wikimedia.org/wiki/File:Balsnack_BBQ_flavoured_grand_potato_chips_(2).jpg,CC0
E040,轻脆\E040\s7.png,Wikimedia Commons,https://commons.wikimedia.org/wiki/File:Balsnack_BBQ_flavoured_grand_potato_chips_(3).jpg,CC0
E040,轻脆\E040\s8.png,Wikimedia Commons,https://commons.wikimedia.org/wiki/File:Balsnack_BBQ_flavoured_grand_potato_chips_(4).jpg,CC0
E040,轻脆\E040\s9.png,Wikimedia Commons,https://commons.wikimedia.org/wiki/File:Balsnack_BBQ_flavoured_grand_potato_chips_(5).jpg,CC0
E040,轻脆\E040\s10.png,Wikimedia Commons,https://commons.wikimedia.org/wiki/File:Balsnack_BBQ_flavoured_grand_potato_chips_(6).jpg,CC0
E040,轻脆\E040\s11.png,Wikimedia Commons,https://commons.wikimedia.org/wiki/File:Balsnack_vinegar_grand_potato_chips_(1).jpg,CC0
E040,轻脆\E040\s12.png,Wikimedia Commons,https://commons.wikimedia.org/wiki/File:Balsnack_vinegar_grand_potato_chips_(2).jpg,CC0
E040,轻脆\E040\s13.png,Wikimedia Commons,https://commons.wikimedia.org/wiki/File:Black_Potato_chips_20210406.jpg,CC BY-SA 4.0
E040,轻脆\E040\s14.png,Wikimedia Commons,https://commons.wikimedia.org/wiki/File:Blaue_St._Galler_Potato_Chips_1.jpg,CC BY-SA 4.0
E041,重脆\E041\s1.png,Wikimedia Commons,https://commons.wikimedia.org/wiki/File:Old_Fashioned_Glass.jpg,CC BY-SA 3.0
E041,重脆\E041\s2.png,Wikimedia Commons,https://commons.wikimedia.org/wiki/File:A_Glass_of_Bourbon_Whiskey_(16592440438).jpg,CC BY-SA 2.0
E041,重脆\E041\s3.png,Wikimedia Commons,https://commons.wikimedia.org/wiki/File:A_Glass_of_Whiskey_on_the_Rocks.jpg,CC BY 3.0
E041,重脆\E041\s4.png,Wikimedia Commons,https://commons.wikimedia.org/wiki/File:A_glass_of_whiskey%3F_(3264021608).jpg,CC BY 2.0
E041,重脆\E041\s5.png,Wikimedia Commons,https://commons.wikimedia.org/wiki/File:Bohemian_whisky_glass.jpg,CC BY-SA 3.0
E041,重脆\E041\s6.png,Wikimedia Commons,https://commons.wikimedia.org/wiki/File:Christmas_decorations_and_a_glass_of_whisky.jpg,CC BY-SA 4.0
E041,重脆\E041\s7.png,Wikimedia Commons,https://commons.wikimedia.org/wiki/File:Diluted_pastis_in_a_whisky_glass.jpg,CC BY-SA 4.0
E041,重脆\E041\s8.png,Wikimedia Commons,https://commons.wikimedia.org/wiki/File:Glass_of_whiskey_(4392174696).jpg,CC BY 2.0
E041,重脆\E041\s9.png,Wikimedia Commons,https://commons.wikimedia.org/wiki/File:Old-fashioned_Glass_Window_at_the_Edo-Tokyo_Open_Air_Architectural_Museum.jpg,CC BY 2.0
E041,重脆\E041\s10.png,Wikimedia Commons,https://commons.wikimedia.org/wiki/File:Old_fashioned_glass_1.jpg,CC BY-SA 3.0
E041,重脆\E041\s11.png,Wikimedia Commons,https://commons.wikimedia.org/wiki/File:Old_fashioned_glass_2.jpg,CC BY-SA 3.0
E041,重脆\E041\s12.png,Wikimedia Commons,https://commons.wikimedia.org/wiki/File:Old_fashioned_glass_3.jpg,CC BY-SA 3.0
E041,重脆\E041\s13.png,Wikimedia Commons,https://commons.wikimedia.org/wiki/File:Old_fashioned_glass_4.jpg,CC BY-SA 3.0
E041,重脆\E041\s14.png,Wikimedia Commons,https://commons.wikimedia.org/wiki/File:Vaso_para_whisky_02.jpg,Public domain
E060,轻脆\E060\s1.png,Wikimedia Commons,https://commons.wikimedia.org/wiki/File:A_Basket_of_Brown_Eggs_at_Gold_Coast_Prime_Rib.jpg,CC BY-SA 4.0
E060,轻脆\E060\s2.png,Wikimedia Commons,https://commons.wikimedia.org/wiki/File:Brown_chicken_egg.jpg,Public domain
E060,轻脆\E060\s3.png,Wikimedia Commons,"https://commons.wikimedia.org/wiki/File:Chicken_Fillet,_Scrambled_Egg_%26_Hash_Brown_Breakfast.jpg",CC BY-SA 4.0
E060,轻脆\E060\s4.png,Wikimedia Commons,https://commons.wikimedia.org/wiki/File:%22Have_Eggs_When_Eggs_Are_Scarce._Hatch_Early...Produce_Fall_and_Winter_Eggs.%22_-_NARA_-_512545.jpg,Public domain
E060,轻脆\E060\s5.png,Wikimedia Commons,https://commons.wikimedia.org/wiki/File:A_basket_of_fresh_eggs_(9339949261).jpg,CC BY-SA 2.0
E060,轻脆\E060\s6.png,Wikimedia Commons,https://commons.wikimedia.org/wiki/File:A_basket_of_Hubei_eggs.jpg,CC BY-SA 4.0
E060,轻脆\E060\s7.png,Wikimedia Commons,https://commons.wikimedia.org/wiki/File:A_carton_of_Caubles%27_eggs_-_NARA_-_279961.jpg,Public domain
E060,轻脆\E060\s8.png,Wikimedia Commons,https://commons.wikimedia.org/wiki/File:A_Clutch_of_White_Bird_Eggs_Nestled_in_Dried_Grass.jpg,CC BY-SA 4.0
E060,轻脆\E060\s9.png,Wikimedia Commons,https://commons.wikimedia.org/wiki/File:A_Some_boxes_of_Eggs_on_the_mini_cart_at_Tsuen_Wan.jpg,CC BY-SA 4.0
E060,轻脆\E060\s10.png,Wikimedia Commons,https://commons.wikimedia.org/wiki/File:A_Still_life_with_box_of_eggs.jpg,CC BY-SA 4.0
E060,轻脆\E060\s11.png,Wikimedia Commons,"https://commons.wikimedia.org/wiki/File:A_study_of_selections_for_the_variation_and_inheritance_of_the_size,_shape_and_color_of_hens%27_eggs_(1920)_(14579655078).jpg",No restrictions
E060,轻脆\E060\s12.png,Wikimedia Commons,"https://commons.wikimedia.org/wiki/File:A_study_of_selections_for_the_variation_and_inheritance_of_the_size,_shape_and_color_of_hens%27_eggs_(1920)_(14761563266).jpg",No restrictions
E060,轻脆\E060\s13.png,Wikimedia Commons,"https://commons.wikimedia.org/wiki/File:A_study_of_selections_for_the_variation_and_inheritance_of_the_size,_shape_and_color_of_hens%27_eggs_(1920)_(14763114621).jpg",No restrictions
E060,轻脆\E060\s14.png,Wikimedia Commons,"https://commons.wikimedia.org/wiki/File:A_study_of_selections_for_the_variation_and_inheritance_of_the_size,_shape_and_color_of_hens%27_eggs_(1920)_(14781404721).jpg",No restrictions
E061,轻脆\E061\s1.png,Wikimedia Commons,https://commons.wikimedia.org/wiki/File:White_chicken_egg_square.jpg,CC BY 2.0
E061,轻脆\E061\s2.png,Wikimedia Commons,"https://commons.wikimedia.org/wiki/File:A_study_of_selections_for_the_variation_and_inheritance_of_the_size,_shape_and_color_of_hens%27_eggs_(1920)_(14781411701).jpg",No restrictions
E061,轻脆\E061\s3.png,Wikimedia Commons,"https://commons.wikimedia.org/wiki/File:A_study_of_selections_for_the_variation_and_inheritance_of_the_size,_shape_and_color_of_hens%27_eggs_(1920)_(14804407633).jpg",No restrictions
E061,轻脆\E061\s4.png,Wikimedia Commons,https://commons.wikimedia.org/wiki/File:A_Tray_Of_Eggs.jpg,CC0
E061,轻脆\E061\s5.png,Wikimedia Commons,https://commons.wikimedia.org/wiki/File:A_brown_chicken_egg_on_white_background.png,CC BY-SA 4.0
E061,轻脆\E061\s6.png,Wikimedia Commons,https://commons.wikimedia.org/wiki/File:Boiling_Eggs_for_the_White_House_Easter_Egg_Roll_(5631699105).jpg,CC BY 2.0
E061,轻脆\E061\s7.png,Wikimedia Commons,https://commons.wikimedia.org/wiki/File:Boiling_Eggs_for_the_White_House_Easter_Egg_Roll_(5631701129).jpg,CC BY 2.0
E061,轻脆\E061\s8.png,Wikimedia Commons,https://commons.wikimedia.org/wiki/File:Boiling_Eggs_for_the_White_House_Easter_Egg_Roll_(5631706705).jpg,CC BY 2.0
E061,轻脆\E061\s9.png,Wikimedia Commons,https://commons.wikimedia.org/wiki/File:Boiling_Eggs_for_the_White_House_Easter_Egg_Roll_(5632281732).jpg,CC BY 2.0
E061,轻脆\E061\s10.png,Wikimedia Commons,https://commons.wikimedia.org/wiki/File:Boiling_Eggs_for_the_White_House_Easter_Egg_Roll_(5632296368).jpg,CC BY 2.0
E061,轻脆\E061\s11.png,Wikimedia Commons,https://commons.wikimedia.org/wiki/File:Chicken_egg_lit_from_behind.jpg,CC BY-SA 4.0
E061,轻脆\E061\s12.png,Wikimedia Commons,https://commons.wikimedia.org/wiki/File:Egg_on_white_background.jpg,Public domain
E061,轻脆\E061\s13.png,Wikimedia Commons,https://commons.wikimedia.org/wiki/File:Egg_white_1.jpg,Public domain
E061,轻脆\E061\s14.png,Wikimedia Commons,https://commons.wikimedia.org/wiki/File:Egg_white_noodle.jpg,CC BY-SA 4.0
E108,重脆\E108\s1.png,Wikimedia Commons,https://commons.wikimedia.org/wiki/File:City_of_London_Cemetery_polished_granite_ledger_slab_stone_disgarded_Coca_Cola_bottle.jpg,CC BY-SA 4.0
E108,重脆\E108\s2.png,Wikimedia Commons,https://commons.wikimedia.org/wiki/File:Bottle_of_Coca-Cola_Dreamworld.jpg,CC BY 4.0
E108,重脆\E108\s3.png,Wikimedia Commons,https://commons.wikimedia.org/wiki/File:Bottle_of_Coca-Cola_Life.png,CC BY-SA 4.0
E108,重脆\E108\s4.png,Wikimedia Commons,https://commons.wikimedia.org/wiki/File:Audi_Coke_Zero_name_bottle_(14527923943)_(2).jpg,CC BY 2.0
E108,重脆\E108\s5.png,Wikimedia Commons,https://commons.wikimedia.org/wiki/File:Bloody_Coca_Cola_(6297409129).jpg,CC BY 2.0
E108,重脆\E108\s6.png,Wikimedia Commons,https://commons.wikimedia.org/wiki/File:Bottles_and_cans_of_Coca-Cola_in_Beijing_(20220528101943).jpg,CC BY-SA 4.0
E108,重脆\E108\s8.png,Wikimedia Commons,https://commons.wikimedia.org/wiki/File:Bouteille_de_Coca-Cola_d%27un_litre_cinq_002_(cropped).jpg,CC BY-SA 3.0
E108,重脆\E108\s10.png,Wikimedia Commons,https://commons.wikimedia.org/wiki/File:Bouteille_de_Coca-Cola_d%27un_litre_cinq_003.jpg,CC BY-SA 3.0
E108,重脆\E108\s12.png,Wikimedia Commons,"https://commons.wikimedia.org/wiki/File:Candy,_Oranges_and_Coca-Cola_(417695422).jpg",CC BY-SA 2.0
E108,重脆\E108\s13.png,Wikimedia Commons,https://commons.wikimedia.org/wiki/File:15-09-26-RalfR-WLC-0098_-_Coca-Cola_glass_bottle_(Germany).jpg,Public domain
E108,重脆\E108\s14.png,Wikimedia Commons,https://commons.wikimedia.org/wiki/File:16_fl_oz_Coca-Cola_bottle.jpg,CC BY-SA 4.0
E116,重脆\E116\s1.png,Wikimedia Commons,https://commons.wikimedia.org/wiki/File:500px_photo_(62310695).jpeg,CC BY 3.0
E116,重脆\E116\s2.png,Wikimedia Commons,"https://commons.wikimedia.org/wiki/File:7967D_-_01,_Acervo_do_Museu_Paulista_da_USP.jpg",Public domain
E116,重脆\E116\s3.png,Wikimedia Commons,"https://commons.wikimedia.org/wiki/File:8709D_-_01,_Acervo_do_Museu_Paulista_da_USP.jpg",Public domain
E116,重脆\E116\s4.png,Wikimedia Commons,"https://commons.wikimedia.org/wiki/File:9056D_-_01,_Acervo_do_Museu_Paulista_da_USP.jpg",Public domain
E116,重脆\E116\s5.png,Wikimedia Commons,"https://commons.wikimedia.org/wiki/File:America,_Zanesville,_19th_century_-_Tumbler_-_1952.94_-_Cleveland_Museum_of_Art.jpg",CC0
E116,重脆\E116\s6.png,Wikimedia Commons,https://commons.wikimedia.org/wiki/File:Historic_tumbler_replica.JPG,CC0
E116,重脆\E116\s7.png,Wikimedia Commons,https://commons.wikimedia.org/wiki/File:Hostmaster_Tumbler_Amber.JPG,Public domain
E116,重脆\E116\s8.png,Wikimedia Commons,https://commons.wikimedia.org/wiki/File:John_Schaffner_-_Tumbler_-_1916.554_-_Cleveland_Museum_of_Art.jpg,CC0
E116,重脆\E116\s9.png,Wikimedia Commons,https://commons.wikimedia.org/wiki/File:Tumbler-saam_1929.8.564.jpg,CC0
E116,重脆\E116\s10.png,Wikimedia Commons,https://commons.wikimedia.org/wiki/File:Tumbler_MET_17408.jpg,CC0
E116,重脆\E116\s11.png,Wikimedia Commons,https://commons.wikimedia.org/wiki/File:Tumbler_MET_176278.jpg,CC0
E116,重脆\E116\s12.png,Wikimedia Commons,https://commons.wikimedia.org/wiki/File:Tumbler_MET_186840.jpg,CC0
E116,重脆\E116\s14.png,Wikimedia Commons,https://commons.wikimedia.org/wiki/File:Tumbler_MET_235798.jpg,CC0
E117,重脆\E117\s1.png,Wikimedia Commons,https://commons.wikimedia.org/wiki/File:Margarita_with_lime_in_a_margarita_glass_-_Evan_Swigart.jpg,CC BY 2.0
E117,重脆\E117\s2.png,Wikimedia Commons,https://commons.wikimedia.org/wiki/File:A_margarita_at_the_shed_in_Santa_Fe_-_sarah_stierch.jpg,CC BY-SA 3.0
E117,重脆\E117\s3.png,Wikimedia Commons,"https://commons.wikimedia.org/wiki/File:Baby_Goat_in_Margarita_Island,_Venezuela.jpg",CC BY-SA 3.0
E117,重脆\E117\s4.png,Wikimedia Commons,"https://commons.wikimedia.org/wiki/File:Backlit_Margarita_Island_Sunset_in_Las_Guevaras,_Venezuela_CaptureNX2.jpg",CC0
E117,重脆\E117\s5.png,Wikimedia Commons,https://commons.wikimedia.org/wiki/File:Blended_Margarita.jpg,Public domain
E117,重脆\E117\s6.png,Wikimedia Commons,https://commons.wikimedia.org/wiki/File:Blended_margarita_cocktail_drink.jpg,Public domain
E117,重脆\E117\s7.png,Wikimedia Commons,"https://commons.wikimedia.org/wiki/File:Classic_margarita_with_Cointreau,_good_tequila_and_fresh_lime_juice.jpg",CC BY-SA 3.0
E117,重脆\E117\s8.png,Wikimedia Commons,"https://commons.wikimedia.org/wiki/File:El_Guamache_Bay,_Margarita_island.jpg",CC0
E117,重脆\E117\s9.png,Wikimedia Commons,https://commons.wikimedia.org/wiki/File:Endangered_species_Iguana_Iguana_from_Margarita_Island.jpg,CC0
E117,重脆\E117\s10.png,Wikimedia Commons,https://commons.wikimedia.org/wiki/File:Klassiche_Margarita.jpg,CC BY-SA 3.0
E117,重脆\E117\s11.png,Wikimedia Commons,https://commons.wikimedia.org/wiki/File:Margarita.jpg,Public domain
E117,重脆\E117\s12.png,Wikimedia Commons,https://commons.wikimedia.org/wiki/File:Margarita_(5899250186).jpg,CC BY 2.0
E117,重脆\E117\s13.png,Wikimedia Commons,https://commons.wikimedia.org/wiki/File:Margarita_-_Oyamel_-_Stierch_2018.jpg,CC BY 4.0
E117,重脆\E117\s14.png,Wikimedia Commons,https://commons.wikimedia.org/wiki/File:Margarita_2.jpg,CC BY-SA 3.0
E118,重脆\E118\s1.png,Wikimedia Commons,https://commons.wikimedia.org/wiki/File:Champagne_glass_empty.jpg,CC BY-SA 3.0
E118,重脆\E118\s2.png,Wikimedia Commons,https://commons.wikimedia.org/wiki/File:Copa_champagne.jpg,Public domain
E118,重脆\E118\s3.png,Wikimedia Commons,https://commons.wikimedia.org/wiki/File:A_glass_of_Cava_-_2021-11-19_-_Sarah_Stierch.jpg,CC BY 4.0
E118,重脆\E118\s4.png,Wikimedia Commons,https://commons.wikimedia.org/wiki/File:Bigest_champagne_tower.jpg,CC BY-SA 3.0
E118,重脆\E118\s5.png,Wikimedia Commons,https://commons.wikimedia.org/wiki/File:Billecart_Salmon_Champagne_and_food_pairing.jpg,CC BY 2.0
E118,重脆\E118\s6.png,Wikimedia Commons,https://commons.wikimedia.org/wiki/File:Blanc_de_blanc_grand_Cru_champagne.jpg,CC BY-SA 3.0
E118,重脆\E118\s7.png,Wikimedia Commons,https://commons.wikimedia.org/wiki/File:Blanc_de_Blancs_Champagne.jpg,CC BY-SA 2.0
E118,重脆\E118\s8.png,Wikimedia Commons,https://commons.wikimedia.org/wiki/File:Brie_caviar_duck_pate_and_champagne.jpg,Public domain
E118,重脆\E118\s9.png,Wikimedia Commons,https://commons.wikimedia.org/wiki/File:Champagne_Flute_LACMA_M.2004.176.2.jpg,Public domain
E118,重脆\E118\s10.png,Wikimedia Commons,https://commons.wikimedia.org/wiki/File:Champagne_Glass_MET_191898.jpg,CC0
E118,重脆\E118\s11.png,Wikimedia Commons,https://commons.wikimedia.org/wiki/File:Champagne_Glass_MET_DP234611.jpg,CC0
E118,重脆\E118\s12.png,Wikimedia Commons,https://commons.wikimedia.org/wiki/File:Champagne_Glass_MET_DP236706.jpg,CC0
E118,重脆\E118\s13.png,Wikimedia Commons,https://commons.wikimedia.org/wiki/File:Champagne_Glass_MET_DP237892.jpg,CC0
E118,重脆\E118\s14.png,Wikimedia Commons,https://commons.wikimedia.org/wiki/File:Champagne_bucket_pomegranate_fizz_cocktail_champagne_flute_on_table_(18063376193).jpg,CC BY 2.0
E119,重脆\E119\s1.png,Wikimedia Commons,"https://commons.wikimedia.org/wiki/File:020210724_125229_Hutterite%27s_ceramic_style,_drinking_glasses,_early_18th_century_in_Silesia.jpg",CC BY-SA 4.0
E119,重脆\E119\s2.png,Wikimedia Commons,https://commons.wikimedia.org/wiki/File:Stemmed_Glass_with_Cut_Decoration_01.jpg,CC BY-SA 3.0
E119,重脆\E119\s3.png,Wikimedia Commons,https://commons.wikimedia.org/wiki/File:Stemmed_Glass_with_Cut_Decoration_02.jpg,CC BY-SA 3.0
E119,重脆\E119\s4.png,Wikimedia Commons,https://commons.wikimedia.org/wiki/File:Corsets_2020_Mardi_Gras_Krewe_of_Cleopatra_Wine_Glass.jpg,CC BY 2.0
E119,重脆\E119\s5.png,Wikimedia Commons,https://commons.wikimedia.org/wiki/File:Exploratorium_wine_glass_wall.jpg,CC BY-SA 4.0
E119,重脆\E119\s6.png,Wikimedia Commons,https://commons.wikimedia.org/wiki/File:GLASS_OF_WINE.jpg,CC BY-SA 4.0
E119,重脆\E119\s7.png,Wikimedia Commons,"https://commons.wikimedia.org/wiki/File:Glass,_wine_(AM_1976.117-2).jpg",CC BY 4.0
E119,重脆\E119\s8.png,Wikimedia Commons,https://commons.wikimedia.org/wiki/File:Glass_wine_and_drink.jpg,Public domain
E119,重脆\E119\s9.png,Wikimedia Commons,https://commons.wikimedia.org/wiki/File:Wine_Glass_MET_174130.jpg,CC0
E119,重脆\E119\s10.png,Wikimedia Commons,https://commons.wikimedia.org/wiki/File:Wine_Glass_MET_17458.jpg,CC0
E119,重脆\E119\s11.png,Wikimedia Commons,https://commons.wikimedia.org/wiki/File:Wine_Glass_MET_176276.jpg,CC0
E119,重脆\E119\s12.png,Wikimedia Commons,https://commons.wikimedia.org/wiki/File:Wine_Glass_MET_180800.jpg,CC0
E119,重脆\E119\s13.png,Wikimedia Commons,https://commons.wikimedia.org/wiki/File:Wine_Glass_MET_187146.jpg,CC0
E119,重脆\E119\s14.png,Wikimedia Commons,https://commons.wikimedia.org/wiki/File:Wine_Glass_MET_19169.jpg,CC0
E120,重脆\E120\s1.png,Wikimedia Commons,"https://commons.wikimedia.org/wiki/File:1842_Preston_Guild_mug,_Harris_Museum_(1).JPG",CC BY-SA 3.0
E120,重脆\E120\s2.png,Wikimedia Commons,"https://commons.wikimedia.org/wiki/File:1842_Preston_Guild_mug,_Harris_Museum_(2).JPG",CC BY-SA 3.0
E120,重脆\E120\s3.png,Wikimedia Commons,"https://commons.wikimedia.org/wiki/File:1862_Preston_Guild_mug,_Harris_Museum.JPG",CC BY-SA 3.0
E120,重脆\E120\s4.png,Wikimedia Commons,https://commons.wikimedia.org/wiki/File:A_mug_with_Ogham_letters_-_Tasse_mit_Ogham-Zeichen.jpg,CC BY 4.0
E120,重脆\E120\s5.png,Wikimedia Commons,https://commons.wikimedia.org/wiki/File:A_mug_with_the_runes_of_a_page_of_the_Codex_Runicus_-_Tasse_mit_Runen_einer_Seite_des_Codex_Runicus.jpg,CC BY-SA 4.0
E120,重脆\E120\s6.png,Wikimedia Commons,https://commons.wikimedia.org/wiki/File:A_mug.jpg,CC BY-SA 4.0
E120,重脆\E120\s7.png,Wikimedia Commons,https://commons.wikimedia.org/wiki/File:Back_view_of_a_Carr_Workplaces_mug.jpg,CC BY-SA 3.0
E120,重脆\E120\s8.png,Wikimedia Commons,https://commons.wikimedia.org/wiki/File:Bad_Day_Mug_(100032675).jpeg,CC BY-SA 3.0
E120,重脆\E120\s9.png,Wikimedia Commons,https://commons.wikimedia.org/wiki/File:Battle_of_the_Nile_Mug.jpg,CC BY-SA 4.0
E120,重脆\E120\s10.png,Wikimedia Commons,https://commons.wikimedia.org/wiki/File:Ceramic_mug_with_Uzbek_national_patterns.jpg,CC BY-SA 4.0
E120,重脆\E120\s11.png,Wikimedia Commons,https://commons.wikimedia.org/wiki/File:1984_ShellCoffeeSetMug_Masahiro-Mori.jpg,CC BY 3.0
E120,重脆\E120\s12.png,Wikimedia Commons,https://commons.wikimedia.org/wiki/File:1985_SekkiKumo-K-typeCoffeeCupMug_Masahiro-Mori.jpg,CC BY 3.0
E120,重脆\E120\s13.png,Wikimedia Commons,https://commons.wikimedia.org/wiki/File:2015_Madeira_Samsung_(56).jpg,CC BY-SA 4.0
E120,重脆\E120\s14.png,Wikimedia Commons,https://commons.wikimedia.org/wiki/File:2021-02-14_12-37-51_ILCE-7C_DSC02877_DxO_(51014283441).jpg,CC BY-SA 2.0
FRA016,柔性\FRA016\s0.png,Wikimedia Commons,"https://commons.wikimedia.org/wiki/File:Paper_cup_of_tea_at_Copped_Hall,_Epping,_Essex,_England.jpg",CC BY-SA 4.0
FRA016,柔性\FRA016\s1.png,Wikimedia Commons,"https://commons.wikimedia.org/wiki/File:Paper_cup_and_plate_Sclater_Street_Yard_market,_Brick_Lane_Market_London_E1.jpg",CC BY-SA 4.0
FRA016,柔性\FRA016\s2.png,Wikimedia Commons,https://commons.wikimedia.org/wiki/File:202606_PET_bottle_and_paper_cup_on_Shalun_beach.jpg,CC BY 4.0
FRA016,柔性\FRA016\s3.png,Wikimedia Commons,https://commons.wikimedia.org/wiki/File:A_paper_cup_of_Taiwan_Railway_Administration.jpg,CC BY-SA 4.0
FRA016,柔性\FRA016\s4.png,Wikimedia Commons,"https://commons.wikimedia.org/wiki/File:A)_Paper_cardstock_collapsible_cup,_b)_round_coral_colored_paper_cover_with_c)_matching_lid._Identical_text_printed_on_bottom_of_(7ae02d73-81b3-41b9-8f19-d956d0d96080).jpg",Public domain
FRA016,柔性\FRA016\s5.png,Wikimedia Commons,"https://commons.wikimedia.org/wiki/File:Disposable_paper_coffee_cup_at_Kakadu_Crocodile_Hotel,_Jabiru,_Northern_Territory,_2021.jpg",CC BY-SA 4.0
FRA016,柔性\FRA016\s6.png,Wikimedia Commons,https://commons.wikimedia.org/wiki/File:Kencot_sausage_roll_and_cup_of_tea_West_Oxfordshire_England.jpg,CC BY-SA 4.0
FRA016,柔性\FRA016\s7.png,Wikimedia Commons,https://commons.wikimedia.org/wiki/File:020260509_Express-o_yourself_with_a_tiny_cup.jpg,CC BY-SA 4.0
FRA016,柔性\FRA016\s8.png,Wikimedia Commons,https://commons.wikimedia.org/wiki/File:Alpine_Cup_on_Desk.jpg,CC BY-SA 4.0
FRA016,柔性\FRA016\s9.png,Wikimedia Commons,https://commons.wikimedia.org/wiki/File:201712_Paper_Cup_with_CR_Brand.jpg,CC BY-SA 4.0
FRA016,柔性\FRA016\s10.png,Wikimedia Commons,https://commons.wikimedia.org/wiki/File:A_paper_cup_of_Taiwan_Railway_Administration_01.jpg,CC BY-SA 4.0
FRA016,柔性\FRA016\s11.png,Wikimedia Commons,https://commons.wikimedia.org/wiki/File:Bottom_of_a_paper_cup_of_Taiwan_Railway_Administration.jpg,CC BY-SA 4.0
FRA016,柔性\FRA016\s12.png,Wikimedia Commons,https://commons.wikimedia.org/wiki/File:Crushed_waxed_paper_cup.jpg,CC BY-SA 4.0
FRA016,柔性\FRA016\s13.png,Wikimedia Commons,"https://commons.wikimedia.org/wiki/File:Disposable_,_paper_coffee_cups,_Christmas_in_Australia,_2021.jpg",CC BY-SA 4.0
FRA016,柔性\FRA016\s14.png,Wikimedia Commons,"https://commons.wikimedia.org/wiki/File:Disposable_paper_coffee_cups-_7th_Street,_Coffee_Bug,_Queensland.jpg",CC BY-SA 4.0
FRA039,柔性\FRA039\s0.png,Wikimedia Commons,"https://commons.wikimedia.org/wiki/File:2021-10-19_03_31_39_A_plastic_cup_of_Minute_Maid_Orange_Juice_at_the_Red_Roof_Inn_%26_Suites_Hazleton_in_Hazle_Township,_Luzerne_County,_Pennsylvania.jpg",CC BY-SA 4.0
FRA039,柔性\FRA039\s1.png,Wikimedia Commons,"https://commons.wikimedia.org/wiki/File:2021-10-19_03_35_03_A_plastic_cup_of_Minute_Maid_Cranberry_Apple_Raspberry_juice_at_the_Red_Roof_Inn_%26_Suites_Hazleton_in_Hazle_Township,_Luzerne_County,_Pennsylvania.jpg",CC BY-SA 4.0
FRA039,柔性\FRA039\s2.png,Wikimedia Commons,"https://commons.wikimedia.org/wiki/File:2021-10-19_03_39_27_A_plastic_cup_of_Minute_Maid_Cranberry_Grape_juice_at_the_Red_Roof_Inn_%26_Suites_Hazleton_in_Hazle_Township,_Luzerne_County,_Pennsylvania.jpg",CC BY-SA 4.0
FRA039,柔性\FRA039\s3.png,Wikimedia Commons,"https://commons.wikimedia.org/wiki/File:A_crow_with_a_plastic_cup_in_its_beak,_Lodhi_Gardens,_Delhi.jpg",CC BY-SA 4.0
FRA039,柔性\FRA039\s4.png,Wikimedia Commons,https://commons.wikimedia.org/wiki/File:A_yellow_plastic_cup.jpg,CC BY-SA 4.0
FRA039,柔性\FRA039\s5.png,Wikimedia Commons,https://commons.wikimedia.org/wiki/File:Clear_Plastic_Cups_(4877665249).jpg,CC BY 2.0
FRA039,柔性\FRA039\s6.png,Wikimedia Commons,https://commons.wikimedia.org/wiki/File:Disposable_plastic_cup.jpg,CC BY-SA 4.0
FRA039,柔性\FRA039\s7.png,Wikimedia Commons,https://commons.wikimedia.org/wiki/File:180_mL_rice_cup.jpg,CC0
FRA039,柔性\FRA039\s8.png,Wikimedia Commons,https://commons.wikimedia.org/wiki/File:City_of_London_Cemetery_grave_balloons_red_Solo_party_cup_wine_bottles_and_flowers_1.jpg,CC BY-SA 4.0
FRA039,柔性\FRA039\s9.png,Wikimedia Commons,https://commons.wikimedia.org/wiki/File:Beer_in_a_plastic_cup_at_Korjaamo.jpg,CC BY-SA 4.0
FRA039,柔性\FRA039\s10.png,Wikimedia Commons,https://commons.wikimedia.org/wiki/File:Bottle_and_plastic_cup_of_Cheerwine_at_dinner.jpg,CC BY-SA 4.0
FRA039,柔性\FRA039\s11.png,Wikimedia Commons,https://commons.wikimedia.org/wiki/File:Colorful_plastic_cups_and_mugs.jpg,CC BY-SA 4.0
FRA039,柔性\FRA039\s12.png,Wikimedia Commons,https://commons.wikimedia.org/wiki/File:DDC-I_plastic_cup.jpg,CC BY-SA 4.0
FRA039,柔性\FRA039\s13.png,Wikimedia Commons,https://commons.wikimedia.org/wiki/File:Decorative_messages_on_the_sticks_in_a_plastic_cup._(51540573700).jpg,CC BY 2.0
FRA039,柔性\FRA039\s14.png,Wikimedia Commons,https://commons.wikimedia.org/wiki/File:Dors_Sterk_(.50_can_with_plastic_cup).jpg,CC BY-SA 4.0
FRA040,柔性\FRA040\s0.png,Wikimedia Commons,https://commons.wikimedia.org/wiki/File:(20260615)_Egg_carton_for_2_eggs_01.jpg,CC BY-SA 4.0
FRA040,柔性\FRA040\s1.png,Wikimedia Commons,https://commons.wikimedia.org/wiki/File:(20260615)_Egg_carton_for_2_eggs_02.jpg,CC BY-SA 4.0
FRA040,柔性\FRA040\s2.png,Wikimedia Commons,https://commons.wikimedia.org/wiki/File:(20260615)_Egg_carton_for_2_eggs_03.jpg,CC BY-SA 4.0
FRA040,柔性\FRA040\s3.png,Wikimedia Commons,https://commons.wikimedia.org/wiki/File:(20260615)_Egg_carton_for_2_eggs_04.jpg,CC BY-SA 4.0
FRA040,柔性\FRA040\s4.png,Wikimedia Commons,https://commons.wikimedia.org/wiki/File:An_egg_carton.jpg,CC BY-SA 4.0
FRA040,柔性\FRA040\s5.png,Wikimedia Commons,https://commons.wikimedia.org/wiki/File:EGG_BOX_LOC_hec.07217.jpg,Public domain
FRA040,柔性\FRA040\s6.png,Wikimedia Commons,https://commons.wikimedia.org/wiki/File:Egg_holding_box.JPG,CC BY-SA 3.0
FRA040,柔性\FRA040\s7.png,Wikimedia Commons,"https://commons.wikimedia.org/wiki/File:-2022-04-10_Free_range_hens_eggs,_Trimingham,_Norfolk.JPG",CC BY-SA 4.0
FRA040,柔性\FRA040\s8.png,Wikimedia Commons,"https://commons.wikimedia.org/wiki/File:A_THREE_HUNDRED_DOZEN_EGG_MISUNDERSTANDING_ON_INTERSTATE_59,_FIFTY_MILES_NORTH_OF_BIRMINGHAM_-_NARA_-_545543.jpg",Public domain
FRA040,柔性\FRA040\s9.png,Wikimedia Commons,https://commons.wikimedia.org/wiki/File:Crates_of_eggs.jpg,CC BY-SA 4.0
FRA040,柔性\FRA040\s10.png,Wikimedia Commons,https://commons.wikimedia.org/wiki/File:Edmonds_Historical_Museum_-_wooden_egg_carrier.jpg,CC BY-SA 3.0
FRA040,柔性\FRA040\s11.png,Wikimedia Commons,https://commons.wikimedia.org/wiki/File:Egg_codes_Italy_carrefour.JPG,CC BY-SA 3.0
FRA040,柔性\FRA040\s12.png,Wikimedia Commons,https://commons.wikimedia.org/wiki/File:Egg_container_made_of_plastic.jpg,CC BY-SA 4.0
FRA040,柔性\FRA040\s13.png,Wikimedia Commons,https://commons.wikimedia.org/wiki/File:EGG_PACKAGING_LCCN2016865122.jpg,Public domain
FRA040,柔性\FRA040\s14.png,Wikimedia Commons,https://commons.wikimedia.org/wiki/File:Eggs_at_Galati_Market_-_20200321.jpg,CC BY-SA 4.0
FRA067,轻脆\FRA067\s0.png,Wikimedia Commons,https://commons.wikimedia.org/wiki/File:Cherry_ice_cream_cone_(cropped).jpg,CC BY-SA 2.0
FRA067,轻脆\FRA067\s1.png,Wikimedia Commons,https://commons.wikimedia.org/wiki/File:Cherry_ice_cream_cone.jpg,CC BY-SA 2.0
FRA067,轻脆\FRA067\s2.png,Wikimedia Commons,https://commons.wikimedia.org/wiki/File:Cone_ice_cream.jpg,CC BY-SA 4.0
FRA067,轻脆\FRA067\s3.png,Wikimedia Commons,https://commons.wikimedia.org/wiki/File:Doumar%27s_Ice_Cream_Cone_Maker.JPG,CC BY-SA 3.0
FRA067,轻脆\FRA067\s4.png,Wikimedia Commons,https://commons.wikimedia.org/wiki/File:Ice_cream_cone_at_the_beach.jpg,CC BY-SA 4.0
FRA067,轻脆\FRA067\s5.png,Wikimedia Commons,https://commons.wikimedia.org/wiki/File:Ice_Cream_Cone_Mold_used_by_the_Original_Cone_and_Candy_Company.jpg,Public domain
FRA067,轻脆\FRA067\s6.png,Wikimedia Commons,https://commons.wikimedia.org/wiki/File:Ice_cream_cone_with_spoon.jpg,CC0
FRA067,轻脆\FRA067\s7.png,Wikimedia Commons,https://commons.wikimedia.org/wiki/File:2_ice_cream_cones_2025-05-02.jpg,CC0
FRA067,轻脆\FRA067\s8.png,Wikimedia Commons,"https://commons.wikimedia.org/wiki/File:A_glass_container_holds_several_crisp_ice_cream_cones,_neatly_arranged_and_ready_for_use.jpg",CC BY 2.0
FRA067,轻脆\FRA067\s9.png,Wikimedia Commons,https://commons.wikimedia.org/wiki/File:Afternoon_Ice_Cream.jpg,CC BY-SA 3.0
FRA067,轻脆\FRA067\s10.png,Wikimedia Commons,"https://commons.wikimedia.org/wiki/File:Almaty,_Kazakhstan_(%D0%90%D0%BB%D0%BC%D0%B0%D1%82%D1%8B,_%D2%9A%D0%B0%D0%B7%D0%B0%D2%9B%D1%81%D1%82%D0%B0%D0%BD)_2026_ice_cream_-_1.jpg",CC BY 4.0
FRA067,轻脆\FRA067\s11.png,Wikimedia Commons,"https://commons.wikimedia.org/wiki/File:Almaty,_Kazakhstan_(%D0%90%D0%BB%D0%BC%D0%B0%D1%82%D1%8B,_%D2%9A%D0%B0%D0%B7%D0%B0%D2%9B%D1%81%D1%82%D0%B0%D0%BD)_2026_ice_cream_-_2.jpg",CC BY 4.0
FRA067,轻脆\FRA067\s12.png,Wikimedia Commons,https://commons.wikimedia.org/wiki/File:Citygate_Outlets_McDonald%E2%80%99s_ice_cream_24-01-2026.jpg,CC BY-SA 4.0
FRA067,轻脆\FRA067\s13.png,Wikimedia Commons,https://commons.wikimedia.org/wiki/File:Delicate_pink_ice_cream_cones_topped_with_golden_embellishments_on_a_white_table_in_a_sunny_outdoor_setting.jpg,CC BY 2.0
FRA067,轻脆\FRA067\s14.png,Wikimedia Commons,https://commons.wikimedia.org/wiki/File:Fig_and_mascarpone_ice_cream_with_lemon_sorbet_at_Gelateria_3bis_(19852146638).jpg,CC BY 2.0
FRA068,轻脆\FRA068\s0.png,Wikimedia Commons,https://commons.wikimedia.org/wiki/File:Colorful_gingerbread_cookies_shaped_like_little_men_are_beautifully_arranged_on_a_white_platter_at_a_festive_celebration.jpg,CC BY 2.0
FRA068,轻脆\FRA068\s1.png,Wikimedia Commons,https://commons.wikimedia.org/wiki/File:Phillips(1804)_p609_-_Pantheon_-_Hot_Spiced_Gingerbread.jpg,Public domain
FRA068,轻脆\FRA068\s2.png,Wikimedia Commons,"https://commons.wikimedia.org/wiki/File:2022-01-01_00_57_12_A_piece_of_frosted_gingerbread_in_the_Dulles_section_of_Sterling,_Loudoun_County,_Virginia.jpg",CC BY-SA 4.0
FRA068,轻脆\FRA068\s3.png,Wikimedia Commons,"https://commons.wikimedia.org/wiki/File:2022-01-01_00_58_25_Frosting-coated_gingerbread_on_a_stick_in_the_Dulles_section_of_Sterling,_Loudoun_County,_Virginia.jpg",CC BY-SA 4.0
FRA068,轻脆\FRA068\s4.png,Wikimedia Commons,https://commons.wikimedia.org/wiki/File:An_interesting_variation_on_the_gingerbread_theme_can_be_made_by_substituting_one-half_cup_of_orange_juice_for_the..._-_NARA_-_196267.jpg,Public domain
FRA068,轻脆\FRA068\s5.png,Wikimedia Commons,https://commons.wikimedia.org/wiki/File:Berliner_Weihnachtszeit_-_Lebkuchenmaler_(Gingerbread_Cake_Decorator)_-_geo.hlipp.de_-_30948.jpg,CC BY-SA 2.0
FRA068,轻脆\FRA068\s6.png,Wikimedia Commons,https://commons.wikimedia.org/wiki/File:Caramelized_gingerbread_pudding_(11484842263).jpg,CC BY 2.0
FRA068,轻脆\FRA068\s7.png,Wikimedia Commons,https://commons.wikimedia.org/wiki/File:Cuisson_Gingerbread.jpg,CC BY-SA 3.0
FRA068,轻脆\FRA068\s8.png,Wikimedia Commons,https://commons.wikimedia.org/wiki/File:Cup_of_gl%C3%B6gg_and_gingerbread.jpg,CC BY-SA 4.0
FRA068,轻脆\FRA068\s9.png,Wikimedia Commons,https://commons.wikimedia.org/wiki/File:Delightful_miniature_gingerbread_houses_are_showcased_alongside_a_beautifully_decorated_greenhouse.jpg,CC BY 2.0
FRA068,轻脆\FRA068\s10.png,Wikimedia Commons,https://commons.wikimedia.org/wiki/File:Emily%27s_Gingerbread_Loaf_(6527308297).jpg,CC BY 2.0
FRA068,轻脆\FRA068\s11.png,Wikimedia Commons,https://commons.wikimedia.org/wiki/File:Enarmet_pepperkakedame_-_gingerbread_woman_with_nonstops.JPG,CC BY-SA 4.0
FRA068,轻脆\FRA068\s12.png,Wikimedia Commons,https://commons.wikimedia.org/wiki/File:Gingerbread_(17276481556).jpg,CC BY-SA 2.0
FRA068,轻脆\FRA068\s13.png,Wikimedia Commons,https://commons.wikimedia.org/wiki/File:Gingerbread_176_365_(29130381228).jpg,CC BY-SA 2.0
FRA068,轻脆\FRA068\s14.png,Wikimedia Commons,https://commons.wikimedia.org/wiki/File:Gingerbread_2.jpg,CC BY-SA 3.0
FRA069,轻脆\FRA069\s0.png,Wikimedia Commons,https://commons.wikimedia.org/wiki/File:Bread_Sticks.jpg,CC BY-SA 2.0
FRA069,轻脆\FRA069\s1.png,Wikimedia Commons,https://commons.wikimedia.org/wiki/File:2016_1129_Turin_Grissini.jpg,CC BY-SA 4.0
FRA069,轻脆\FRA069\s2.png,Wikimedia Commons,"https://commons.wikimedia.org/wiki/File:2019-02-16_21_01_03_A_roll_of_bread_at_the_Olive_Garden_in_Fair_Lakes,_Fairfax_County,_Virginia.jpg",CC BY-SA 4.0
FRA069,轻脆\FRA069\s3.png,Wikimedia Commons,"https://commons.wikimedia.org/wiki/File:2019-05-11_20_27_18_A_roll_of_garlic_bread_at_the_Olive_Garden_in_Fair_Lakes,_Fairfax_County,_Virginia.jpg",CC BY-SA 4.0
FRA069,轻脆\FRA069\s4.png,Wikimedia Commons,"https://commons.wikimedia.org/wiki/File:2020-01-24_19_48_02_A_roll_of_garlic_bread_at_the_Olive_Garden_in_Fair_Lakes,_Fairfax_County,_Virginia.jpg",CC BY-SA 4.0
FRA069,轻脆\FRA069\s5.png,Wikimedia Commons,"https://commons.wikimedia.org/wiki/File:2020-01-24_19_48_55_Two_rolls_of_garlic_bread_at_the_Olive_Garden_in_Fair_Lakes,_Fairfax_County,_Virginia.jpg",CC BY-SA 4.0
FRA069,轻脆\FRA069\s6.png,Wikimedia Commons,"https://commons.wikimedia.org/wiki/File:2020-03-14_21_28_53_Three_rolls_of_garlic_bread_at_the_Olive_Garden_in_Fair_Lakes,_Fairfax_County,_Virginia.jpg",CC BY-SA 4.0
FRA069,轻脆\FRA069\s7.png,Wikimedia Commons,"https://commons.wikimedia.org/wiki/File:2021-02-23_20_19_40_Garlic_breadsticks_at_the_Olive_Garden_in_Fair_Lakes,_Fairfax_County,_Virginia.jpg",CC BY-SA 4.0
FRA069,轻脆\FRA069\s8.png,Wikimedia Commons,"https://commons.wikimedia.org/wiki/File:2022-05-28_21_34_02_A_serving_of_garlic_bread_rolls_at_the_Olive_Garden_along_U.S._Route_1_(Brunswick_Pike)_in_Lawrence_Township,_Mercer_County,_New_Jersey.jpg",CC BY-SA 4.0
FRA069,轻脆\FRA069\s9.png,Wikimedia Commons,"https://commons.wikimedia.org/wiki/File:2025-01-25_20_04_34_A_serving_of_garlic_bread_rolls_at_the_Olive_Garden_along_U.S._Route_1_(Brunswick_Pike)_in_Lawrence_Township,_Mercer_County,_New_Jersey.jpg",CC BY-SA 4.0
FRA069,轻脆\FRA069\s10.png,Wikimedia Commons,https://commons.wikimedia.org/wiki/File:Bacon_wrapped_breadsticks.jpg,CC BY 2.0
FRA069,轻脆\FRA069\s11.png,Wikimedia Commons,"https://commons.wikimedia.org/wiki/File:Baked_Ziti_and_breadsticks,_Fazoli%27s.jpg",CC BY-SA 4.0
FRA069,轻脆\FRA069\s12.png,Wikimedia Commons,https://commons.wikimedia.org/wiki/File:Breadsticks_with_cheese_dip.jpg,CC0
FRA069,轻脆\FRA069\s13.png,Wikimedia Commons,https://commons.wikimedia.org/wiki/File:Caf%C3%A9_Grissini_Wollentorstra%C3%9Fe_1.JPG,CC BY-SA 3.0
FRA069,轻脆\FRA069\s14.png,Wikimedia Commons,https://commons.wikimedia.org/wiki/File:Fennel_%5E_anchovy_grissini_-_Flickr_-_jules-stonesoup.jpg,CC BY 2.0
FRA070,轻脆\FRA070\s0.png,Wikimedia Commons,https://commons.wikimedia.org/wiki/File:Asari_Senbei_20170716.jpg,CC BY-SA 4.0
FRA070,轻脆\FRA070\s1.png,Wikimedia Commons,https://commons.wikimedia.org/wiki/File:Baking_senbei.jpeg,CC BY-SA 3.0
FRA070,轻脆\FRA070\s2.png,Wikimedia Commons,"https://commons.wikimedia.org/wiki/File:Cutting_rollers_used_in_the_manufacture_of_Senbei,_showing_different_designs1.jpg",CC BY-SA 4.0
FRA070,轻脆\FRA070\s3.png,Wikimedia Commons,"https://commons.wikimedia.org/wiki/File:Cutting_rollers_used_in_the_manufacture_of_Senbei,_showing_different_designs2.jpg",CC BY-SA 4.0
FRA070,轻脆\FRA070\s4.png,Wikimedia Commons,"https://commons.wikimedia.org/wiki/File:Cutting_rollers_used_in_the_manufacture_of_Senbei,_showing_different_designs3.jpg",CC BY-SA 4.0
FRA070,轻脆\FRA070\s5.png,Wikimedia Commons,"https://commons.wikimedia.org/wiki/File:Cutting_rollers_used_in_the_manufacture_of_Senbei,_showing_different_designs4.jpg",CC BY-SA 4.0
FRA070,轻脆\FRA070\s6.png,Wikimedia Commons,"https://commons.wikimedia.org/wiki/File:Cutting_rollers_used_in_the_manufacture_of_Senbei,_showing_different_designs5.jpg",CC BY-SA 4.0
FRA070,轻脆\FRA070\s7.png,Wikimedia Commons,"https://commons.wikimedia.org/wiki/File:Cutting_rollers_used_in_the_manufacture_of_Senbei,_showing_different_designs6.jpg",CC BY-SA 4.0
FRA070,轻脆\FRA070\s8.png,Wikimedia Commons,"https://commons.wikimedia.org/wiki/File:Cutting_rollers_used_in_the_manufacture_of_Senbei,_showing_different_designs7.jpg",CC BY-SA 4.0
FRA070,轻脆\FRA070\s9.png,Wikimedia Commons,https://commons.wikimedia.org/wiki/File:Green_Tea_Rice_Cracker_(937604941).jpg,CC BY 2.0
FRA070,轻脆\FRA070\s10.png,Wikimedia Commons,https://commons.wikimedia.org/wiki/File:Isobe_Senbei_01.JPG,Public domain
FRA070,轻脆\FRA070\s11.png,Wikimedia Commons,https://commons.wikimedia.org/wiki/File:Japanese_Senbeis.jpg,CC BY 2.5
FRA070,轻脆\FRA070\s12.png,Wikimedia Commons,https://commons.wikimedia.org/wiki/File:Kitsune_senbei.jpg,CC0
FRA070,轻脆\FRA070\s13.png,Wikimedia Commons,"https://commons.wikimedia.org/wiki/File:Nakajima_Kaho_(1866-1939)_-_%27Oni_Senbei%27,_Literati_Modern,_Honolulu_Academy_of_Arts.jpg",Public domain
FRA070,轻脆\FRA070\s14.png,Wikimedia Commons,https://commons.wikimedia.org/wiki/File:Rakuten_Senbei_(%E6%A5%BD%E5%A4%A9%E3%81%9B%E3%82%93%E3%81%B9%E3%81%84)_(2011-11-19_20.05.23_by_yuiseki_aoba).jpg,CC BY 2.0
E002,刚体\E002\s1.png,Wikimedia Commons,https://commons.wikimedia.org/wiki/File:The_Pringles_Salt_%26_Vinegar_chips.jpg,CC BY-SA 4.0
E002,刚体\E002\s2.png,Wikimedia Commons,"https://commons.wikimedia.org/wiki/File:2019-10-29_17_11_34_Fried_Onion_Ring_Flavor_Pringles_in_Spotsylvania_Courthouse,_Spotsylvania_County,_Virginia.jpg",CC BY-SA 4.0
E002,刚体\E002\s3.png,Wikimedia Commons,"https://commons.wikimedia.org/wiki/File:2020-09-06_16_12_54_Several_Original_Pringles_in_the_Franklin_Farm_section_of_Oak_Hill,_Fairfax_County,_Virginia.jpg",CC BY-SA 4.0
E002,刚体\E002\s4.png,Wikimedia Commons,https://commons.wikimedia.org/wiki/File:Bowl_of_Pringles.jpg,CC BY-SA 4.0
E002,刚体\E002\s5.png,Wikimedia Commons,https://commons.wikimedia.org/wiki/File:Pizza_Pringles.jpg,CC0
E002,刚体\E002\s6.png,Wikimedia Commons,https://commons.wikimedia.org/wiki/File:Pringles_(4155206912).jpg,CC BY 2.0
E002,刚体\E002\s7.png,Wikimedia Commons,https://commons.wikimedia.org/wiki/File:Pringles_after_party_(2207492352).jpg,CC BY 2.0
E002,刚体\E002\s8.png,Wikimedia Commons,https://commons.wikimedia.org/wiki/File:Pringles_Chip.jpg,CC BY-SA 3.0
E002,刚体\E002\s9.png,Wikimedia Commons,https://commons.wikimedia.org/wiki/File:Pringles_on_a_white_plate..._(3350279014).jpg,CC BY-SA 2.0
E002,刚体\E002\s10.png,Wikimedia Commons,"https://commons.wikimedia.org/wiki/File:2020-09-06_16_12_15_An_open_can_of_Original_Pringles_in_the_Franklin_Farm_section_of_Oak_Hill,_Fairfax_County,_Virginia.jpg",CC BY-SA 4.0
E002,刚体\E002\s11.png,Wikimedia Commons,https://commons.wikimedia.org/wiki/File:Fly_on_a_Pringles_Can.jpg,CC BY-SA 4.0
E002,刚体\E002\s12.png,Wikimedia Commons,https://commons.wikimedia.org/wiki/File:Pringles_Can_Antenna_Wifi_(106601670).jpg,CC BY-SA 2.0
E002,刚体\E002\s13.png,Wikimedia Commons,"https://commons.wikimedia.org/wiki/File:2020-09-06_16_13_29_An_Original_Pringle_in_the_Franklin_Farm_section_of_Oak_Hill,_Fairfax_County,_Virginia.jpg",CC BY-SA 4.0
E002,刚体\E002\s14.png,Wikimedia Commons,"https://commons.wikimedia.org/wiki/File:2020-09-06_16_14_05_An_Original_Pringle_in_the_Franklin_Farm_section_of_Oak_Hill,_Fairfax_County,_Virginia.jpg",CC BY-SA 4.0
E003,刚体\E003\s1.png,Wikimedia Commons,https://commons.wikimedia.org/wiki/File:Can_of_Spam_on_a_log.jpg,CC0
E003,刚体\E003\s2.png,Wikimedia Commons,https://commons.wikimedia.org/wiki/File:HK_Food_Spaghetti_with_%E5%8D%88%E9%A4%90%E8%82%89_spam_Luncheon_Meat.JPG,CC BY-SA 3.0
E003,刚体\E003\s3.png,Wikimedia Commons,https://commons.wikimedia.org/wiki/File:HK_Shanghai_Maling_Canned_Ham_Luncheon_Meat_Egg_Cream_Style_Corn_Soup_12-2015.JPG,CC BY-SA 4.0
E003,刚体\E003\s4.png,Wikimedia Commons,https://commons.wikimedia.org/wiki/File:HK_Shanghai_Maling_%E4%B8%8A%E6%B5%B7%E6%A2%85%E6%9E%97%E9%A3%9F%E5%93%81_Canned_Ham_%E5%8D%88%E9%A4%90%E8%82%89_Luncheon_Meat_Egg_%E7%B2%9F%E7%B1%B3_Cream_Style_Corn_%E6%B9%AF_Soup_Dec-2015_DSC.JPG,CC BY-SA 4.0
E003,刚体\E003\s5.png,Wikimedia Commons,https://commons.wikimedia.org/wiki/File:Spam_canned_meat_(03-07-2021).jpg,CC BY-SA 4.0
E003,刚体\E003\s6.png,Wikimedia Commons,https://commons.wikimedia.org/wiki/File:Spam_canned_meat_on_shelves_in_Naha_2015.jpg,CC BY-SA 4.0
E003,刚体\E003\s7.png,Wikimedia Commons,https://commons.wikimedia.org/wiki/File:%27Spam_Czar%27_sends_care_packages_to_K-Bay_Marines_DVIDS484019.jpg,Public domain
E003,刚体\E003\s8.png,Wikimedia Commons,https://commons.wikimedia.org/wiki/File:09565jfCuisine_of_Bulacan_potatoes_omellete_spam_chicken_sisigfvf_02.jpg,CC0
E003,刚体\E003\s9.png,Wikimedia Commons,https://commons.wikimedia.org/wiki/File:09565jfCuisine_of_Bulacan_potatoes_omellete_spam_chicken_sisigfvf_03.jpg,CC0
E003,刚体\E003\s10.png,Wikimedia Commons,https://commons.wikimedia.org/wiki/File:09565jfCuisine_of_Bulacan_potatoes_omellete_spam_chicken_sisigfvf_06.jpg,CC0
E003,刚体\E003\s11.png,Wikimedia Commons,https://commons.wikimedia.org/wiki/File:09565jfCuisine_of_Bulacan_potatoes_omellete_spam_chicken_sisigfvf_07.jpg,CC0
E003,刚体\E003\s12.png,Wikimedia Commons,https://commons.wikimedia.org/wiki/File:Bacon_SPAM.jpg,CC BY 4.0
E003,刚体\E003\s13.png,Wikimedia Commons,https://commons.wikimedia.org/wiki/File:Baked_Spam_with_Cloves.jpg,CC0
E003,刚体\E003\s14.png,Wikimedia Commons,"https://commons.wikimedia.org/wiki/File:Breakfast_with_fried_egg,_seared_Spam_and_cherry_tomatoes,_steamed_broccoli_%E7%9B%AE%E7%8E%89%E7%84%BC%E3%81%8D%E3%80%81%E7%84%BC%E3%81%8D%E3%82%B9%E3%83%91%E3%83%A0%E3%81%A8%E3%83%88%E3%83%9E%E3%83%88%E3%80%81%E8%92%B8%E3%81%97%E3%83%96%E3%83%AD%E3%83%83%E3%82%B3%E3%83%AA%E3%83%BC%E3%81%AE%E6%9C%9D%E9%A3%9F.jpg",CC BY 2.0
E016,刚体\E016\s1.png,Wikimedia Commons,https://commons.wikimedia.org/wiki/File:Before-and-after_comparison_of_photo_retouche_on_can_of_Monster_Energy_drink_as_sold_in_China.jpg,CC BY-SA 4.0
E016,刚体\E016\s2.png,Wikimedia Commons,"https://commons.wikimedia.org/wiki/File:Can_of_Monster_Energy_drink_sold_in_China_(0.33_l),_on_white_background.jpg",CC BY-SA 4.0
E016,刚体\E016\s3.png,Wikimedia Commons,https://commons.wikimedia.org/wiki/File:Chevrolet_Silverado_2500HD_GMTT1XX_Crew_Cab_Monster_Energy_@_2026_Montr%C3%A9al_Auto_Show.jpeg,Public domain
E016,刚体\E016\s4.png,Wikimedia Commons,https://commons.wikimedia.org/wiki/File:CreativeTools.se_-_PackshotCreator_-_Energy_Drink_Monster_Ripper_(4324925632).jpg,CC BY 2.0
E016,刚体\E016\s5.png,Wikimedia Commons,https://commons.wikimedia.org/wiki/File:Energy_drink_can_art.jpg,CC BY 2.0
E016,刚体\E016\s6.png,Wikimedia Commons,https://commons.wikimedia.org/wiki/File:Monster_Energy_Drink_%C3%97_Matsuya_at_Sennichimae.jpg,CC BY-SA 4.0
E016,刚体\E016\s7.png,Wikimedia Commons,https://commons.wikimedia.org/wiki/File:Monster_Energy_Mega_can.jpg,CC BY-SA 4.0
E016,刚体\E016\s8.png,Wikimedia Commons,https://commons.wikimedia.org/wiki/File:Monster_Energy_drink_(cropped).jpg,CC BY-SA 4.0
E016,刚体\E016\s9.png,Wikimedia Commons,https://commons.wikimedia.org/wiki/File:Japan_monster.jpg,CC BY-SA 4.0
E016,刚体\E016\s10.png,Wikimedia Commons,https://commons.wikimedia.org/wiki/File:GUINNESS_i_Monster_Energy_20250110_172941.jpg,CC0
E016,刚体\E016\s11.png,Wikimedia Commons,https://commons.wikimedia.org/wiki/File:GUINNESS_i_Monster_Energy_20250110_175427.jpg,CC0
E016,刚体\E016\s13.png,Wikimedia Commons,"https://commons.wikimedia.org/wiki/File:Katy_Perry_with_energy_drink,_by_medigirol.jpg",CC BY 2.0
E016,刚体\E016\s14.png,Wikimedia Commons,https://commons.wikimedia.org/wiki/File:Monster_Can_Man!_(7125422237).jpg,CC BY 2.0
E017,刚体\E017\s1.png,Wikimedia Commons,https://commons.wikimedia.org/wiki/File:2023_-Pol%E2%80%99and%E2%80%99Rock_(047)_Red_Bull.jpg,CC BY 4.0
E017,刚体\E017\s2.png,Wikimedia Commons,https://commons.wikimedia.org/wiki/File:2025_Pol%E2%80%99and%E2%80%99Rock_(056)_Red_Bull.jpg,CC BY 4.0
E017,刚体\E017\s3.png,Wikimedia Commons,https://commons.wikimedia.org/wiki/File:Red_Bull_2016_Summer_Edition_Kiwi_Twist_(26782485115).jpg,CC BY-SA 2.0
E017,刚体\E017\s4.png,Wikimedia Commons,https://commons.wikimedia.org/wiki/File:Red_bull_bottle_in_kyiv.jpg,CC BY-SA 4.0
E017,刚体\E017\s5.png,Wikimedia Commons,"https://commons.wikimedia.org/wiki/File:Red_Bull_Festival_2009108,_Jerusalem,_Israel.jpg",Public domain
E017,刚体\E017\s6.png,Wikimedia Commons,https://commons.wikimedia.org/wiki/File:Red_Bull_Parachute.jpg,CC BY-SA 3.0
E017,刚体\E017\s7.png,Wikimedia Commons,https://commons.wikimedia.org/wiki/File:Red_Bull_Wristband.JPG,CC BY-SA 3.0
E017,刚体\E017\s8.png,Wikimedia Commons,https://commons.wikimedia.org/wiki/File:Red_Bull%27s_Supermoon.jpg,CC BY-SA 4.0
E017,刚体\E017\s9.png,Wikimedia Commons,https://commons.wikimedia.org/wiki/File:Chinese_Red_Bull_Functional_Drink.jpg,CC BY 2.0
E017,刚体\E017\s10.png,Wikimedia Commons,https://commons.wikimedia.org/wiki/File:Decoration_EOE_Can_Top_Red_Bull.jpg,CC BY-SA 3.0
E017,刚体\E017\s11.png,Wikimedia Commons,https://commons.wikimedia.org/wiki/File:Red_Bell_Energy_Drink_250ml_can.jpg,CC BY-SA 4.0
E017,刚体\E017\s12.png,Wikimedia Commons,https://commons.wikimedia.org/wiki/File:Red_Bull_can_car.jpg,CC BY-SA 4.0
E017,刚体\E017\s13.png,Wikimedia Commons,https://commons.wikimedia.org/wiki/File:Red_Bull_can_in_South_Korea_20130502.jpg,Public domain
E017,刚体\E017\s14.png,Wikimedia Commons,https://commons.wikimedia.org/wiki/File:Red_Bull_energy_drinks.jpg,CC BY-SA 4.0
E043,刚体\E043\s1.png,Wikimedia Commons,https://commons.wikimedia.org/wiki/File:7up_lithiated_lemon_soda_bottle_cap.jpg,CC0
E043,刚体\E043\s2.png,Wikimedia Commons,https://commons.wikimedia.org/wiki/File:Salted_Lemon_7_Up.jpg,CC BY-SA 4.0
E043,刚体\E043\s3.png,Wikimedia Commons,https://commons.wikimedia.org/wiki/File:Can_of_Seven_Up.jpg,CC BY 3.0
E043,刚体\E043\s4.png,Wikimedia Commons,"https://commons.wikimedia.org/wiki/File:7_and_7,_Macaroni_Grill,_Dunwoody_GA.jpg",CC BY-SA 3.0
E043,刚体\E043\s5.png,Wikimedia Commons,"https://commons.wikimedia.org/wiki/File:7up,_Skeppsbron_-_20260417_-_16.jpg",CC BY-SA 4.0
E043,刚体\E043\s6.png,Wikimedia Commons,https://commons.wikimedia.org/wiki/File:7upsoda.jpg,CC BY-SA 4.0
E043,刚体\E043\s7.png,Wikimedia Commons,https://commons.wikimedia.org/wiki/File:A_BOWL_OF_BEEF_NOODLE_%26_PEPSI_7UP_CHINA_VERSION_IN_SHENZHEN_SAFARI_PARK_RESTAURANT.jpg,CC BY-SA 4.0
E043,刚体\E043\s8.png,Wikimedia Commons,"https://commons.wikimedia.org/wiki/File:Christmas_Buffe,_Silja_Symphony_-_20231213_-_21.jpg",CC BY-SA 4.0
E043,刚体\E043\s9.png,Wikimedia Commons,https://commons.wikimedia.org/wiki/File:CodeRED_Alien_Arena_softshadow2.jpg,CC0
E043,刚体\E043\s10.png,Wikimedia Commons,https://commons.wikimedia.org/wiki/File:DEA_Museum_IMG_2081_(9699490723).jpg,CC BY-SA 2.0
E043,刚体\E043\s11.png,Wikimedia Commons,https://commons.wikimedia.org/wiki/File:Dr_Pepper_Museum_December_2016_14_(7up_bottling_exhibit).jpg,CC BY-SA 4.0
E043,刚体\E043\s12.png,Wikimedia Commons,https://commons.wikimedia.org/wiki/File:HK_SKD_TKO_%E5%AF%B6%E7%90%B3_Po_Lam_%E6%96%B0%E9%83%BD%E5%9F%8E%E4%B8%AD%E5%BF%83%E5%95%86%E5%A0%B4_Metro_City_Plaza_MCP_Two_Central_mall_%E6%97%A5%E7%89%9B%E6%B6%AE%E6%B6%AE%E9%8D%8B%E5%B0%88%E9%96%80%E5%BA%97_Nichigyu_Shabu_Shabu_%26_Sukiyaki_Restaurant_buffet_May_2022_Px3_31.jpg,CC BY-SA 4.0
E043,刚体\E043\s13.png,Wikimedia Commons,https://commons.wikimedia.org/wiki/File:I%C3%A7ecek_raf%C4%B1.jpg,CC BY-SA 4.0
E043,刚体\E043\s14.png,Wikimedia Commons,https://commons.wikimedia.org/wiki/File:Jack_Mizzi_in_2016.jpg,CC BY-SA 4.0
E044,刚体\E044\s1.png,Wikimedia Commons,https://commons.wikimedia.org/wiki/File:Diet_Coke_Can.jpg,CC BY-SA 2.0
E044,刚体\E044\s2.png,Wikimedia Commons,https://commons.wikimedia.org/wiki/File:Diet-Coke-Can.jpg,Public domain
E044,刚体\E044\s3.png,Wikimedia Commons,https://commons.wikimedia.org/wiki/File:Discarded_Diet_Coke_glass_bottle_(54513193286).jpg,CC BY-SA 2.0
E044,刚体\E044\s4.png,Wikimedia Commons,"https://commons.wikimedia.org/wiki/File:Giant,_Inflatable_Diet_Coke_Can_1980s.jpg",CC BY-SA 4.0
E044,刚体\E044\s5.png,Wikimedia Commons,https://commons.wikimedia.org/wiki/File:Coke_can_(2341184861).jpg,CC BY 2.0
E044,刚体\E044\s6.png,Wikimedia Commons,https://commons.wikimedia.org/wiki/File:Diet_Coke_(2284171165).jpg,CC BY-SA 2.0
E044,刚体\E044\s7.png,Wikimedia Commons,https://commons.wikimedia.org/wiki/File:Diet_Coke_-_48585011302.jpg,CC BY 2.0
E044,刚体\E044\s8.png,Wikimedia Commons,https://commons.wikimedia.org/wiki/File:Diet_coke_1.jpg,CC BY 2.0
E044,刚体\E044\s9.png,Wikimedia Commons,https://commons.wikimedia.org/wiki/File:Diet_Coke_Bubbles_(51442153643).jpg,CC BY 2.0
E044,刚体\E044\s10.png,Wikimedia Commons,https://commons.wikimedia.org/wiki/File:Diet_Coke_cans.jpg,CC BY-SA 4.0
E044,刚体\E044\s11.png,Wikimedia Commons,https://commons.wikimedia.org/wiki/File:Diet_coke_in_arabic.jpg,CC BY 2.0
E044,刚体\E044\s12.png,Wikimedia Commons,https://commons.wikimedia.org/wiki/File:Diet_Coke_Products.JPG,Public domain
E044,刚体\E044\s13.png,Wikimedia Commons,https://commons.wikimedia.org/wiki/File:Diet_coke_thai.jpg,CC BY 2.0
E044,刚体\E044\s14.png,Wikimedia Commons,https://commons.wikimedia.org/wiki/File:Diet_Coke_with_named_labels.jpg,CC BY-SA 3.0
E050,刚体\E050\s1.png,Wikimedia Commons,https://commons.wikimedia.org/wiki/File:A_tv_remote_control_in_hand.jpg,CC BY-SA 4.0
E050,刚体\E050\s2.png,Wikimedia Commons,https://commons.wikimedia.org/wiki/File:Amazon_Fire_TV_Stick_(1st_generation)_-_remote_control-6394.jpg,CC BY-SA 4.0
E050,刚体\E050\s3.png,Wikimedia Commons,https://commons.wikimedia.org/wiki/File:Amazon_Fire_TV_Stick_(1st_generation)_-_remote_control-6395.jpg,CC BY-SA 4.0
E050,刚体\E050\s4.png,Wikimedia Commons,https://commons.wikimedia.org/wiki/File:Amazon_Fire_TV_Stick_(1st_generation)_-_remote_control_-_board-6396.jpg,CC BY-SA 4.0
E050,刚体\E050\s5.png,Wikimedia Commons,https://commons.wikimedia.org/wiki/File:Amazon_Fire_TV_Stick_(1st_generation)_-_remote_control_-_board-6397.jpg,CC BY-SA 4.0
E050,刚体\E050\s6.png,Wikimedia Commons,https://commons.wikimedia.org/wiki/File:Amazon_Fire_TV_Stick_(1st_generation)_-_remote_control_-_board_-_Broadcom_BCM20730-6398.jpg,CC BY-SA 4.0
E050,刚体\E050\s7.png,Wikimedia Commons,https://commons.wikimedia.org/wiki/File:ELION_SMART_TV_remote_control.JPG,Public domain
E050,刚体\E050\s8.png,Wikimedia Commons,"https://commons.wikimedia.org/wiki/File:JVC_RM-C1100_TV_remote_control,_Hillegersberg,_Rotterdam_(2020)_01.jpg",CC BY-SA 4.0
E050,刚体\E050\s9.png,Wikimedia Commons,"https://commons.wikimedia.org/wiki/File:JVC_RM-C1100_TV_remote_control,_Hillegersberg,_Rotterdam_(2020)_02.jpg",CC BY-SA 4.0
E050,刚体\E050\s10.png,Wikimedia Commons,"https://commons.wikimedia.org/wiki/File:JVC_RM-C1100_TV_remote_control,_Hillegersberg,_Rotterdam_(2020)_03.jpg",CC BY-SA 4.0
E050,刚体\E050\s11.png,Wikimedia Commons,"https://commons.wikimedia.org/wiki/File:JVC_RM-C1100_TV_remote_control,_Hillegersberg,_Rotterdam_(2020)_04.jpg",CC BY-SA 4.0
E050,刚体\E050\s12.png,Wikimedia Commons,"https://commons.wikimedia.org/wiki/File:JVC_RM-C1100_TV_remote_control,_Hillegersberg,_Rotterdam_(2020)_05.jpg",CC BY-SA 4.0
E050,刚体\E050\s13.png,Wikimedia Commons,"https://commons.wikimedia.org/wiki/File:JVC_RM-C1100_TV_remote_control,_Hillegersberg,_Rotterdam_(2020)_06.jpg",CC BY-SA 4.0
E050,刚体\E050\s14.png,Wikimedia Commons,"https://commons.wikimedia.org/wiki/File:JVC_RM-C1508_TV_remote_control_unit,_Het_Lage_Land,_Rotterdam_(2020)_01.jpg",CC BY-SA 4.0
E052,刚体\E052\s1.png,Wikimedia Commons,"https://commons.wikimedia.org/wiki/File:A_lace_guide_for_makers_and_collectors;_with_a_bibliography_and_five-language_nomenclature,_profusely_illus._with_halftone_plates_and_key_designs_(1920)_(14778859682).jpg",No restrictions
E053,刚体\E053\s1.png,Wikimedia Commons,https://commons.wikimedia.org/wiki/File:13._Peeler_and_kitchen_knife.jpg,CC0
E053,刚体\E053\s2.png,Wikimedia Commons,https://commons.wikimedia.org/wiki/File:Apple_peeler_with_potato_01_Pengo.jpg,CC BY-SA 3.0
E053,刚体\E053\s3.png,Wikimedia Commons,https://commons.wikimedia.org/wiki/File:Oscar_F._Mayhew%27s_Vegetable_and_Fruit_Peeler_-_DPLA_-_951ad7c85d8e113ccf4bc1e5219d33c2_(page_1).jpg,Public domain
E053,刚体\E053\s4.png,Wikimedia Commons,https://commons.wikimedia.org/wiki/File:Oscar_F._Mayhew%27s_Vegetable_and_Fruit_Peeler_-_DPLA_-_951ad7c85d8e113ccf4bc1e5219d33c2_(page_2).jpg,Public domain
E053,刚体\E053\s5.png,Wikimedia Commons,https://commons.wikimedia.org/wiki/File:Peeling_the_mangoes_with_the_help_of_vegetable_peeler.jpg,CC0
E053,刚体\E053\s6.png,Wikimedia Commons,https://commons.wikimedia.org/wiki/File:Potato_Peeler_001.jpg,Public domain
E053,刚体\E053\s7.png,Wikimedia Commons,https://commons.wikimedia.org/wiki/File:Potato_peeler_held_in_hand_on_white_background.JPG,CC BY-SA 4.0
E053,刚体\E053\s8.png,Wikimedia Commons,https://commons.wikimedia.org/wiki/File:The_Potato_Peeler.jpg,Public domain
E053,刚体\E053\s9.png,Wikimedia Commons,https://commons.wikimedia.org/wiki/File:The_clerk_Nabin_kills_his_wife_Elokeshi_with_a_vegetable_peeler_(recto)_(6124606015).jpg,Public domain
E053,刚体\E053\s10.png,Wikimedia Commons,https://commons.wikimedia.org/wiki/File:VEGETABLE_PEELER.jpg,CC0
E053,刚体\E053\s11.png,Wikimedia Commons,https://commons.wikimedia.org/wiki/File:Vegetable_Peeler_(4283857515).jpg,CC BY-SA 2.0
E053,刚体\E053\s12.png,Wikimedia Commons,https://commons.wikimedia.org/wiki/File:Vegetable_peeler_01.jpg,Public domain
E053,刚体\E053\s13.png,Wikimedia Commons,https://commons.wikimedia.org/wiki/File:Apple_peeler_4580.JPG,CC BY-SA 4.0
E053,刚体\E053\s14.png,Wikimedia Commons,https://commons.wikimedia.org/wiki/File:Chef_uses_a_Y_peeler_to_peel_a_lime.jpg,CC BY-SA 4.0
E058,刚体\E058\s1.png,Wikimedia Commons,https://commons.wikimedia.org/wiki/File:EFTA00002094_-_Red_Nikon_camera_with_a_lens_cap_and_strap_rests_on_a_white_surface_next_to_a_black_flashlight_a_lint_roller_and_a_printer.jpg,Public domain
E058,刚体\E058\s2.png,Wikimedia Commons,https://commons.wikimedia.org/wiki/File:Lint_Remover.jpg,CC BY-SA 4.0
E058,刚体\E058\s3.png,Wikimedia Commons,https://commons.wikimedia.org/wiki/File:Lint_Roller_(30942436745).jpg,CC BY 2.0
E058,刚体\E058\s4.png,Wikimedia Commons,https://commons.wikimedia.org/wiki/File:Lint_roller_(8013290103).jpg,CC BY-SA 2.0
E058,刚体\E058\s5.png,Wikimedia Commons,https://commons.wikimedia.org/wiki/File:Static-y_lint_(cat_hair)_roller._(4281999257).jpg,CC BY 2.0
E058,刚体\E058\s6.png,Wikimedia Commons,https://commons.wikimedia.org/wiki/File:Lint_remover.png,CC BY-SA 4.0
E058,刚体\E058\s7.png,Wikimedia Commons,https://commons.wikimedia.org/wiki/File:Green_Handle_White_Sticky_Brush_(44273709980).jpg,CC BY 2.0
E058,刚体\E058\s8.png,Wikimedia Commons,https://commons.wikimedia.org/wiki/File:Lint_catchers_sold_as_laundry_balls_empty.jpg,Public domain
E058,刚体\E058\s9.png,Wikimedia Commons,https://commons.wikimedia.org/wiki/File:2018-01-30-Fusselrolle.jpg,CC BY-SA 4.0
E058,刚体\E058\s10.png,Wikimedia Commons,https://commons.wikimedia.org/wiki/File:Annual_catalogue_of_the_Agricultural_and_Mechanical_College_of_Mississippi_(1901)_(14594068517).jpg,No restrictions
E058,刚体\E058\s11.png,Wikimedia Commons,https://commons.wikimedia.org/wiki/File:Cotton_Gin._-_DPLA_-_64549cdcac5910ae18a343c5f3e92a09_(page_1).jpg,Public domain
E058,刚体\E058\s12.png,Wikimedia Commons,https://commons.wikimedia.org/wiki/File:Cotton_Gin._-_DPLA_-_64549cdcac5910ae18a343c5f3e92a09_(page_2).jpg,Public domain
E090,刚体\E090\s1.png,Wikimedia Commons,https://commons.wikimedia.org/wiki/File:Apple_Cider_Cake_Mix_Cookies.jpg,CC BY-SA 4.0
E090,刚体\E090\s2.png,Wikimedia Commons,https://commons.wikimedia.org/wiki/File:Christmas_M%26M%E2%80%99s_Funfetti_Cake_Cookies.jpg,CC BY-SA 4.0
E090,刚体\E090\s3.png,Wikimedia Commons,"https://commons.wikimedia.org/wiki/File:Curry_Laksa_-_Petaling_Street,_Box_Hill_AUD8.90_(4698168573).jpg",CC BY-SA 2.0
E090,刚体\E090\s4.png,Wikimedia Commons,"https://commons.wikimedia.org/wiki/File:Curry_Laksa_-_close-up_-_Petaling_Street,_Box_Hill_AUD8.90_(4698180427).jpg",CC BY-SA 2.0
E090,刚体\E090\s5.png,Wikimedia Commons,https://commons.wikimedia.org/wiki/File:The_pride_of_the_household;_the_bakers%27_complete_management_(1900)_(14586978498).jpg,No restrictions
E090,刚体\E090\s6.png,Wikimedia Commons,"https://commons.wikimedia.org/wiki/File:Packet,_food_product_(AM_2015.4.49-1).jpg",CC BY 4.0
E090,刚体\E090\s7.png,Wikimedia Commons,"https://commons.wikimedia.org/wiki/File:Packet,_food_product_(AM_2015.4.49-2).jpg",CC BY 4.0
E090,刚体\E090\s8.png,Wikimedia Commons,"https://commons.wikimedia.org/wiki/File:Packet,_food_product_(AM_2015.4.49-3).jpg",CC BY 4.0
E090,刚体\E090\s9.png,Wikimedia Commons,"https://commons.wikimedia.org/wiki/File:Packet,_food_product_(AM_2015.4.49-4).jpg",CC BY 4.0
E090,刚体\E090\s10.png,Wikimedia Commons,"https://commons.wikimedia.org/wiki/File:Packet,_food_product_(AM_2015.4.49-5).jpg",CC BY 4.0
E090,刚体\E090\s11.png,Wikimedia Commons,"https://commons.wikimedia.org/wiki/File:Packet,_food_product_(AM_2015.4.49-6).jpg",CC BY 4.0
E090,刚体\E090\s12.png,Wikimedia Commons,"https://commons.wikimedia.org/wiki/File:Packet,_food_product_(AM_2015.4.49-7).jpg",CC BY 4.0
E090,刚体\E090\s13.png,Wikimedia Commons,"https://commons.wikimedia.org/wiki/File:Packet,_food_product_(AM_2015.4.50-1).jpg",CC BY 4.0
E090,刚体\E090\s14.png,Wikimedia Commons,"https://commons.wikimedia.org/wiki/File:Packet,_food_product_(AM_2015.4.50-10).jpg",CC BY 4.0
E091,刚体\E091\s1.png,Wikimedia Commons,"https://commons.wikimedia.org/wiki/File:2020-07-19_11_25_13_A_sample_of_Cheez-it_crackers_in_the_Dulles_section_of_Sterling,_Loudoun_County,_Virginia.jpg",CC BY-SA 4.0
E091,刚体\E091\s2.png,Wikimedia Commons,https://commons.wikimedia.org/wiki/File:Cheez-It-Crackers.jpg,Public domain
E091,刚体\E091\s3.png,Wikimedia Commons,https://commons.wikimedia.org/wiki/File:Scrabble_from_Cheez-It_crackers_(33205777343).jpg,CC BY-SA 2.0
E091,刚体\E091\s4.png,Wikimedia Commons,https://commons.wikimedia.org/wiki/File:2019_Cheez-It_Bowl_action.jpg,Public domain
E091,刚体\E091\s5.png,Wikimedia Commons,https://commons.wikimedia.org/wiki/File:2019_Cheez-It_Bowl_action2.jpg,Public domain
E091,刚体\E091\s6.png,Wikimedia Commons,https://commons.wikimedia.org/wiki/File:2019_Cheez-It_Bowl_field.jpg,Public domain
E091,刚体\E091\s7.png,Wikimedia Commons,"https://commons.wikimedia.org/wiki/File:2020-01-28_10_26_58_A_Cheez-It_in_the_Dulles_section_of_Sterling,_Loudoun_County,_Virginia.jpg",CC BY-SA 4.0
E091,刚体\E091\s8.png,Wikimedia Commons,"https://commons.wikimedia.org/wiki/File:2020-09-29_21_02_59_A_bag_of_White_Cheddar_Cheez-Its_in_the_Dulles_section_of_Sterling,_Loudoun_County,_Virginia.jpg",CC BY-SA 4.0
E091,刚体\E091\s9.png,Wikimedia Commons,"https://commons.wikimedia.org/wiki/File:2020-09-29_21_03_39_A_sample_of_White_Cheddar_Cheez-Its_in_the_Dulles_section_of_Sterling,_Loudoun_County,_Virginia.jpg",CC BY-SA 4.0
E091,刚体\E091\s10.png,Wikimedia Commons,"https://commons.wikimedia.org/wiki/File:2020-09-29_21_04_02_A_single_White_Cheddar_Cheez-It_in_the_Dulles_section_of_Sterling,_Loudoun_County,_Virginia.jpg",CC BY-SA 4.0
E091,刚体\E091\s11.png,Wikimedia Commons,"https://commons.wikimedia.org/wiki/File:2020-09-29_21_05_56_A_bag_of_Double_Cheese_Cheez-It_Snap%27d_in_the_Dulles_section_of_Sterling,_Loudoun_County,_Virginia.jpg",CC BY-SA 4.0
E091,刚体\E091\s12.png,Wikimedia Commons,"https://commons.wikimedia.org/wiki/File:2020-09-29_21_06_38_A_sample_of_Double_Cheese_Cheez-It_Snap%27d_in_the_Dulles_section_of_Sterling,_Loudoun_County,_Virginia.jpg",CC BY-SA 4.0
E091,刚体\E091\s13.png,Wikimedia Commons,"https://commons.wikimedia.org/wiki/File:2020-09-29_21_07_00_A_single_Double_Cheese_Cheez-It_Snap%27d_in_the_Dulles_section_of_Sterling,_Loudoun_County,_Virginia.jpg",CC BY-SA 4.0
E091,刚体\E091\s14.png,Wikimedia Commons,"https://commons.wikimedia.org/wiki/File:2020-09-29_21_09_06_A_bag_of_Cheddar_Sour_Cream_and_Onion_Cheez-It_Snap%27d_in_the_Dulles_section_of_Sterling,_Loudoun_County,_Virginia.jpg",CC BY-SA 4.0
E093,刚体\E093\s1.png,Wikimedia Commons,"https://commons.wikimedia.org/wiki/File:2021-01-02_09_02_00_A_bottle_of_French%27s_Organics_Classic_Yellow_Mustard_in_the_Franklin_Farm_section_of_Oak_Hill,_Fairfax_County,_Virginia.jpg",CC BY-SA 4.0
E093,刚体\E093\s2.png,Wikimedia Commons,https://commons.wikimedia.org/wiki/File:French%27s_classic_yellow_mustard.jpg,CC BY-SA 3.0
E093,刚体\E093\s3.png,Wikimedia Commons,https://commons.wikimedia.org/wiki/File:French%27s_classic_yellow_mustard_(cropped).jpg,CC BY-SA 3.0
E093,刚体\E093\s4.png,Wikimedia Commons,"https://commons.wikimedia.org/wiki/File:18-07-2017_Dijon_mustard_200g_bottle,_Pingo_doce.JPG",CC BY-SA 4.0
E093,刚体\E093\s5.png,Wikimedia Commons,https://commons.wikimedia.org/wiki/File:A._A._Plastridge_Bottle_for_Mustard_-_DPLA_-_1bbf453c43c74c8bcd70b46f6d993b70_(page_1).jpg,Public domain
E093,刚体\E093\s8.png,Wikimedia Commons,https://commons.wikimedia.org/wiki/File:Bottle_of_Zatarain%27s_Creole_Mustard.jpg,CC BY-SA 4.0
E093,刚体\E093\s9.png,Wikimedia Commons,https://commons.wikimedia.org/wiki/File:Ceramic_mustard_bottle_from_Maille_ca_late_19th_century.JPG,CC BY-SA 3.0
E093,刚体\E093\s10.png,Wikimedia Commons,https://commons.wikimedia.org/wiki/File:Dune_Aura_Mustard_oil_bottle_picture.jpg,CC BY 4.0
E093,刚体\E093\s11.png,Wikimedia Commons,https://commons.wikimedia.org/wiki/File:Toxic_gas_set_(CAIS)_bottle_containing_sulfur_mustard_(HD).jpg,Public domain
E093,刚体\E093\s12.png,Wikimedia Commons,"https://commons.wikimedia.org/wiki/File:Cheeseburger_on_toasted_whole_wheat_bread_with_aged_cheddar,_French_mustard,_and_black_pepper_-_Massachusetts.jpg",CC0
E093,刚体\E093\s13.png,Wikimedia Commons,https://commons.wikimedia.org/wiki/File:Cymbidium_Cameliard_French_Mustard_1zz.jpg,CC BY-SA 4.0
E093,刚体\E093\s14.png,Wikimedia Commons,https://commons.wikimedia.org/wiki/File:Cymbidium_Cameliard_French_Mustard_2zz.jpg,CC BY-SA 4.0
E095,刚体\E095\s1.png,Wikimedia Commons,"https://commons.wikimedia.org/wiki/File:2019-02-08_00_05_06_A_can_of_Campbell%27s_Condensed_Tomato_Soup_in_the_Franklin_Farm_section_of_Oak_Hill,_Fairfax_County,_Virginia.jpg",CC BY-SA 4.0
E095,刚体\E095\s2.png,Wikimedia Commons,"https://commons.wikimedia.org/wiki/File:2019-02-08_00_05_41_An_open_can_of_Campbell%27s_Condensed_Tomato_Soup_in_the_Franklin_Farm_section_of_Oak_Hill,_Fairfax_County,_Virginia.jpg",CC BY-SA 4.0
E095,刚体\E095\s3.png,Wikimedia Commons,"https://commons.wikimedia.org/wiki/File:Campbell%27s_Condensed_Tomato_Soup,_1905.jpg",No restrictions
E095,刚体\E095\s4.png,Wikimedia Commons,"https://commons.wikimedia.org/wiki/File:Campbell%27s_Condensed_Tomato_Soup,_1920.jpg",No restrictions
E095,刚体\E095\s5.png,Wikimedia Commons,https://commons.wikimedia.org/wiki/File:Grilled_Cheese_with_Canned_Tomato_Soup.jpg,CC0
E095,刚体\E095\s6.png,Wikimedia Commons,https://commons.wikimedia.org/wiki/File:Tomato_soup_in_a_can_ingredient_list.jpg,CC BY 4.0
E095,刚体\E095\s7.png,Wikimedia Commons,https://commons.wikimedia.org/wiki/File:Tomato_soup_in_a_can_pull_open_top.jpg,CC BY 4.0
E095,刚体\E095\s8.png,Wikimedia Commons,"https://commons.wikimedia.org/wiki/File:Vintage_Campbell%27s_Tomato_Soup_Can_Novelty_Transistor_Radio,_Model_57-22815,_AM_Band,_Distributed_By_Premium_Resources_International_(PRI),_Made_In_Hong_Kong_(48996024097).jpg",CC BY-SA 2.0
E095,刚体\E095\s9.png,Wikimedia Commons,"https://commons.wikimedia.org/wiki/File:Vintage_Campbells%27_Tomato_Soup_Can_Novelty_AM-FM_Radio,_Circa_1996_(12332189174).jpg",CC BY-SA 2.0
E095,刚体\E095\s10.png,Wikimedia Commons,https://commons.wikimedia.org/wiki/File:Braised_Mushroom_and_Radish_Tomato_Soup_Mixian_-_CK_Bistro.jpg,CC0
E095,刚体\E095\s11.png,Wikimedia Commons,https://commons.wikimedia.org/wiki/File:Campbell%27s_Soup_Can_(14785567641).jpg,CC BY 2.0
E095,刚体\E095\s12.png,Wikimedia Commons,https://commons.wikimedia.org/wiki/File:Campbell%27s_Tomato_Soup_1920.jpg,No restrictions
E095,刚体\E095\s13.png,Wikimedia Commons,https://commons.wikimedia.org/wiki/File:Campbell_tomato_soup_ad_1968.jpg,Public domain
E095,刚体\E095\s14.png,Wikimedia Commons,https://commons.wikimedia.org/wiki/File:Campbell_tomato_soup_cans.jpg,CC BY 2.0
E097,刚体\E097\s1.png,Wikimedia Commons,https://commons.wikimedia.org/wiki/File:A_pu..._Mes_apr%C3%A8s-midi_vont_%C3%AAtre_bien_longues_si_je_ne_peux_pu_prendre_de_go%C3%BBter_au_Nutella_au_bureau._Cc_@minigeekette_(7944474848).jpg,CC BY-SA 2.0
E097,刚体\E097\s2.png,Wikimedia Commons,https://commons.wikimedia.org/wiki/File:Fette_biscottate_con_Nutella.jpg,CC0
E097,刚体\E097\s3.png,Wikimedia Commons,https://commons.wikimedia.org/wiki/File:Focaccia_de_Morango_com_Nutella_-_Spoleto.jpg,CC BY-SA 4.0
E097,刚体\E097\s4.png,Wikimedia Commons,https://commons.wikimedia.org/wiki/File:Glass_of_water.jpg,CC BY-SA 4.0
E097,刚体\E097\s5.png,Wikimedia Commons,https://commons.wikimedia.org/wiki/File:Hazelnut_cake_delicious_nuttela_cake.jpg,CC BY-SA 4.0
E097,刚体\E097\s6.png,Wikimedia Commons,https://commons.wikimedia.org/wiki/File:Holy_shit_!!_De_la_brioche_et_du_Nutella_%C3%A0_la_cantine_!!_J%27ai_la_larme_%C3%A0_l%27oeil..._(8002682466).jpg,CC BY-SA 2.0
E097,刚体\E097\s7.png,Wikimedia Commons,"https://commons.wikimedia.org/wiki/File:Homemade_nutella_-_chocolate_and_hazelnut_cream_(KETO,_LCHF,_Low_Carb,_Gluten_free,_FIT).jpg",CC BY 2.0
E097,刚体\E097\s8.png,Wikimedia Commons,"https://commons.wikimedia.org/wiki/File:Homemade_Nutella_-_Home_-_Fatorda,_Goa_-_IMG_20210501_205947.jpg",CC BY-SA 4.0
E097,刚体\E097\s9.png,Wikimedia Commons,https://commons.wikimedia.org/wiki/File:MAD_OVER_NUTELLA.JPG,CC BY-SA 4.0
E097,刚体\E097\s10.png,Wikimedia Commons,"https://commons.wikimedia.org/wiki/File:Mandrem,_Nutella,_Goa.jpg",CC BY 4.0
E097,刚体\E097\s11.png,Wikimedia Commons,https://commons.wikimedia.org/wiki/File:Mousetrap_with_Nutella.jpg,Public domain
E097,刚体\E097\s12.png,Wikimedia Commons,https://commons.wikimedia.org/wiki/File:Nutella_(cropped).jpg,CC BY-SA 3.0
E097,刚体\E097\s13.png,Wikimedia Commons,https://commons.wikimedia.org/wiki/File:Nutella_ak.jpg,CC BY-SA 3.0
E097,刚体\E097\s14.png,Wikimedia Commons,https://commons.wikimedia.org/wiki/File:Nutella_Almond_Milkshake_-_Home_-_Chandigarh_-_India_-_0007.jpg,CC BY-SA 4.0
E098,刚体\E098\s1.png,Wikimedia Commons,"https://commons.wikimedia.org/wiki/File:2020-10-08_14_16_54_A_sample_of_Morton_Iodized_Salt_in_the_Franklin_Farm_section_of_Oak_Hill,_Fairfax_County,_Virginia.jpg",CC BY-SA 4.0
E098,刚体\E098\s2.png,Wikimedia Commons,"https://commons.wikimedia.org/wiki/File:2020-10-08_14_18_22_A_container_of_Morton_Iodized_Salt_in_the_Franklin_Farm_section_of_Oak_Hill,_Fairfax_County,_Virginia.jpg",CC BY-SA 4.0
E098,刚体\E098\s3.png,Wikimedia Commons,"https://commons.wikimedia.org/wiki/File:A_salt_mound_at_Morton_Salt_in_Newark,_CA.JPG",CC BY-SA 3.0
E098,刚体\E098\s4.png,Wikimedia Commons,"https://commons.wikimedia.org/wiki/File:Advertisement_for_Morton%27s_Salt_%22When_it_Rains_it_Pours%22_in_the_The_Town_Crier_newspaper_on_March_9,_1929_(page_15)_(cropped).jpg",Public domain
E098,刚体\E098\s5.png,Wikimedia Commons,https://commons.wikimedia.org/wiki/File:LibertyTheaterNOLAEvans_Morton_Salt_display.jpg,Public domain
E098,刚体\E098\s6.png,Wikimedia Commons,"https://commons.wikimedia.org/wiki/File:Morton%27s_Salt_ad,_1916.jpg",Public domain
E098,刚体\E098\s7.png,Wikimedia Commons,https://commons.wikimedia.org/wiki/File:Morton_Salt.jpg,CC BY-SA 3.0
E098,刚体\E098\s8.png,Wikimedia Commons,"https://commons.wikimedia.org/wiki/File:Morton_Salt_facilities,_Great_Inagua.jpg",Public domain
E098,刚体\E098\s9.png,Wikimedia Commons,https://commons.wikimedia.org/wiki/File:Pallets_of_Morton%27s_salt_at_Safeway.jpg,CC BY-SA 4.0
E098,刚体\E098\s10.png,Wikimedia Commons,https://commons.wikimedia.org/wiki/File:Rittman_Morton_Salt.jpg,CC BY-SA 3.0
E098,刚体\E098\s11.png,Wikimedia Commons,"https://commons.wikimedia.org/wiki/File:Bamboo_salt_container,_La_Ha_-_Vietnam_Museum_of_Ethnology_-_Hanoi,_Vietnam_-_DSC02929.JPG",CC0
E098,刚体\E098\s12.png,Wikimedia Commons,https://commons.wikimedia.org/wiki/File:Container_for_making_salt.jpg,CC BY-SA 4.0
E098,刚体\E098\s13.png,Wikimedia Commons,"https://commons.wikimedia.org/wiki/File:Container_with_revolving_lid,_containing_salt,_wood,_leather,_organic_remains_-_Museo_Egizio,_Turin_S_8237_p01.jpg",CC0
E098,刚体\E098\s14.png,Wikimedia Commons,"https://commons.wikimedia.org/wiki/File:Container_with_revolving_lid,_containing_salt,_wood,_leather,_organic_remains_-_Museo_Egizio,_Turin_S_8237_p02.jpg",CC0
E100,刚体\E100\s1.png,Wikimedia Commons,"https://commons.wikimedia.org/wiki/File:17-07-2017_Can_of_Tuna_in_olive_oil,_Poveira,_Portugal.JPG",CC BY-SA 4.0
E100,刚体\E100\s2.png,Wikimedia Commons,"https://commons.wikimedia.org/wiki/File:Canned_tuna_with_soy_sauce_and_kimchi,_on_Taiwan_noodles_-_Massachusetts.jpg",CC0
E100,刚体\E100\s3.png,Wikimedia Commons,https://commons.wikimedia.org/wiki/File:Empty_tuna_can_used_as_ashtray_(-25wiki).jpg,CC BY-SA 4.0
E100,刚体\E100\s4.png,Wikimedia Commons,https://commons.wikimedia.org/wiki/File:Kooddoo_canned_tuna.jpeg,CC BY-SA 3.0
E100,刚体\E100\s5.png,Wikimedia Commons,https://commons.wikimedia.org/wiki/File:Pirkka_Sweet_Chili_canned_tuna.jpg,CC BY-SA 4.0
E100,刚体\E100\s6.png,Wikimedia Commons,"https://commons.wikimedia.org/wiki/File:RECALLED_-_Canned_Albacore_Tuna,_Smoked_Albacore_Tuna_and_more_(22602103202).jpg",Public domain
E100,刚体\E100\s7.png,Wikimedia Commons,https://commons.wikimedia.org/wiki/File:Tuna_can.jpg,CC BY-SA 3.0
E100,刚体\E100\s8.png,Wikimedia Commons,https://commons.wikimedia.org/wiki/File:Tuna_can_(2).jpg,CC BY-SA 3.0
E100,刚体\E100\s9.png,Wikimedia Commons,"https://commons.wikimedia.org/wiki/File:Baked_plum_tomatoes_on_kimchi_tuna,_with_peanuts_-_Massachusetts.jpg",CC0
E100,刚体\E100\s10.png,Wikimedia Commons,https://commons.wikimedia.org/wiki/File:Baked_potatoes_with_tuna_-_Massachusetts.jpg,CC0
E100,刚体\E100\s11.png,Wikimedia Commons,"https://commons.wikimedia.org/wiki/File:Cannery_worker_filling_tuna_cans,_Los_Angeles_Cannery_Co,_Long_Beach,_Ca,_nd_(COBB_362).jpeg",Public domain
E100,刚体\E100\s12.png,Wikimedia Commons,"https://commons.wikimedia.org/wiki/File:Creamed_corn_with_rotini_and_tuna_fish,_all_cold_-_Massachusetts.jpg",CC0
E100,刚体\E100\s13.png,Wikimedia Commons,https://commons.wikimedia.org/wiki/File:FMIB_44953_Pans_in_Which_Tuna_are_Cooked.jpeg,Public domain
E100,刚体\E100\s14.png,Wikimedia Commons,https://commons.wikimedia.org/wiki/File:Franz_Josef_tuna.jpg,CC0
E101,刚体\E101\s1.png,Wikimedia Commons,https://commons.wikimedia.org/wiki/File:13_105_Duct_Tape_(142888651).jpeg,CC BY-SA 3.0
E101,刚体\E101\s2.png,Wikimedia Commons,https://commons.wikimedia.org/wiki/File:A_banana_and_duct_tape.jpg,CC BY-SA 4.0
E101,刚体\E101\s3.png,Wikimedia Commons,https://commons.wikimedia.org/wiki/File:Australian_duct_tape.jpg,CC BY-SA 3.0
E101,刚体\E101\s4.png,Wikimedia Commons,https://commons.wikimedia.org/wiki/File:Bed_bug_barrier_curled_duct_tape_over_masking_tape.JPG,CC0
E101,刚体\E101\s5.png,Wikimedia Commons,https://commons.wikimedia.org/wiki/File:Bed_bug_Improvised_duct_tape_barrier_on_leg_of_bed.jpg,CC0
E101,刚体\E101\s7.png,Wikimedia Commons,https://commons.wikimedia.org/wiki/File:Duck_tape_wallet.jpg,CC BY-SA 3.0
E101,刚体\E101\s8.png,Wikimedia Commons,https://commons.wikimedia.org/wiki/File:Duct_tape_2016.jpg,CC BY-SA 4.0
E101,刚体\E101\s9.png,Wikimedia Commons,https://commons.wikimedia.org/wiki/File:Duct_tape_20170827.jpg,CC BY-SA 4.0
E101,刚体\E101\s10.png,Wikimedia Commons,https://commons.wikimedia.org/wiki/File:Duct_tape_airplane.jpg,CC BY-SA 4.0
E101,刚体\E101\s11.png,Wikimedia Commons,https://commons.wikimedia.org/wiki/File:Duct_Tape_and_Kapton_Tape.jpg,CC BY-SA 3.0
E101,刚体\E101\s12.png,Wikimedia Commons,https://commons.wikimedia.org/wiki/File:Duct_tape_to_the_rescue_(2017_11_15_La_Silla_3p6_EFOSC1_upr_IMG_1615-CC).jpg,CC BY 4.0
E101,刚体\E101\s13.png,Wikimedia Commons,https://commons.wikimedia.org/wiki/File:Duct_tape_tuxedo.jpg,CC BY-SA 3.0
E101,刚体\E101\s14.png,Wikimedia Commons,https://commons.wikimedia.org/wiki/File:Duct_tape_wall.jpg,CC BY 2.0
E107,刚体\E107\s1.png,Wikimedia Commons,https://commons.wikimedia.org/wiki/File:Head_%26_Shoulders_shampoo_bottle.jpg,CC BY-SA 3.0
E107,刚体\E107\s2.png,Wikimedia Commons,https://commons.wikimedia.org/wiki/File:TW_%E5%8F%B0%E7%81%A3_Taiwan_%E5%8F%B0%E5%8C%97%E5%B8%82_Taipei_City_%E4%B8%AD%E6%AD%A3%E5%8D%80_%E5%8F%B0%E5%8C%97%E5%87%B1%E6%92%92%E5%A4%A7%E9%A3%AF%E5%BA%97_Caesar_Park_Taipei_hotel_%E6%B5%B4%E9%96%93%E7%94%A8%E5%93%81_bathing_room_%E6%B2%90%E6%B5%B4%E9%9C%B2_Shower_gel_%E8%AD%B7%E9%AB%AE%E7%B4%A0_Hair_conditioner_%E6%B4%97%E9%A0%AD%E6%B0%B4_Shampoo_bottle_label_stickers_August_2019_SSG_01.jpg,CC BY-SA 4.0
E107,刚体\E107\s3.png,Wikimedia Commons,https://commons.wikimedia.org/wiki/File:TW_%E5%8F%B0%E7%81%A3_Taiwan_%E5%8F%B0%E5%8C%97%E5%B8%82_Taipei_City_%E4%B8%AD%E6%AD%A3%E5%8D%80_%E5%8F%B0%E5%8C%97%E5%87%B1%E6%92%92%E5%A4%A7%E9%A3%AF%E5%BA%97_Caesar_Park_Taipei_hotel_%E6%B5%B4%E9%96%93%E7%94%A8%E5%93%81_bathing_room_%E6%B2%90%E6%B5%B4%E9%9C%B2_Shower_gel_%E8%AD%B7%E9%AB%AE%E7%B4%A0_Hair_conditioner_%E6%B4%97%E9%A0%AD%E6%B0%B4_Shampoo_bottle_label_stickers_August_2019_SSG_02.jpg,CC BY-SA 4.0
E107,刚体\E107\s5.png,Wikimedia Commons,https://commons.wikimedia.org/wiki/File:A_bottle_of_Aveeno_Baby_Wash_%26_Shampoo_01.jpg,CC BY-SA 4.0
E107,刚体\E107\s7.png,Wikimedia Commons,https://commons.wikimedia.org/wiki/File:Dove_shampoo_bottle.jpg,CC0
E107,刚体\E107\s8.png,Wikimedia Commons,https://commons.wikimedia.org/wiki/File:Dove_shampoo_bottle_in_black_background.jpg,CC0
E107,刚体\E107\s9.png,Wikimedia Commons,https://commons.wikimedia.org/wiki/File:Green_shampoo_bottle.jpg,CC BY-SA 4.0
E107,刚体\E107\s10.png,Wikimedia Commons,https://commons.wikimedia.org/wiki/File:HK_Watsons_Herbal_Hair_Shampoo.JPG,CC BY-SA 3.0
E107,刚体\E107\s11.png,Wikimedia Commons,https://commons.wikimedia.org/wiki/File:Metric_shampoo_bottle.jpg,CC BY-SA 3.0
E107,刚体\E107\s12.png,Wikimedia Commons,https://commons.wikimedia.org/wiki/File:Shampoo_Bottle_made_of_PLA-Blend_Bio-Flex.jpg,CC BY-SA 3.0 de
E107,刚体\E107\s13.png,Wikimedia Commons,https://commons.wikimedia.org/wiki/File:003_Cincinnati_CBP_Finds_Liquid_Heroin_in_Shampoo_Bottles_(45879162531).jpg,Public domain
E107,刚体\E107\s14.png,Wikimedia Commons,"https://commons.wikimedia.org/wiki/File:Andr%C3%A9lon_shampoo_and_conditioner_bottles_at_the_Dirk_van_den_Broek,_Hillegersberg,_Rotterdam_(2021)_01.jpg",CC BY-SA 4.0
E110,刚体\E110\s1.png,Wikimedia Commons,https://commons.wikimedia.org/wiki/File:Tsutenkaku_2015-10.JPG,CC BY-SA 4.0
E110,刚体\E110\s2.png,Wikimedia Commons,https://commons.wikimedia.org/wiki/File:%E3%82%86%E3%81%86%E3%81%98%E3%82%93%E3%81%8B%E3%82%89%E3%81%AE%E5%B7%AE%E3%81%97%E5%85%A5%E3%82%8C_(381863618).jpg,CC BY 2.0
E110,刚体\E110\s3.png,Wikimedia Commons,https://commons.wikimedia.org/wiki/File:%E3%82%B5%E3%83%9F%E3%83%83%E3%83%88%E3%81%A7%E8%B2%B7%E3%81%84%E7%89%A9_(3047635096).jpg,CC BY 2.0
E110,刚体\E110\s4.png,Wikimedia Commons,https://commons.wikimedia.org/wiki/File:%E3%83%9D%E3%83%83%E3%82%AD%E3%83%BC%E3%83%8F%E3%83%BC%E3%83%88%E3%83%95%E3%83%AB%E5%B9%B8%E3%81%9B%E3%81%AE%E9%9D%92%E3%81%84%E3%83%99%E3%83%AA%E3%83%BC_-_2.jpg,CC BY-SA 4.0
E110,刚体\E110\s5.png,Wikimedia Commons,https://commons.wikimedia.org/wiki/File:%E4%B8%8A%E6%9E%B6_2010_(4697015292).jpg,CC BY 2.0
E110,刚体\E110\s6.png,Wikimedia Commons,https://commons.wikimedia.org/wiki/File:%E5%90%8D%E5%8F%A4%E5%B1%8B%E3%83%97%E3%83%AA%E3%83%B3%E3%82%B9%E3%83%9B%E3%83%86%E3%83%AB_%E3%82%B9%E3%82%AB%E3%82%A4%E3%82%BF%E3%83%AF%E3%83%BC_(50523581076).jpg,CC BY 2.0
E110,刚体\E110\s7.png,Wikimedia Commons,https://commons.wikimedia.org/wiki/File:%E5%B8%B8%E6%B8%A9%E3%82%82%E3%81%82%E3%82%8A%E3%81%BE%E3%81%99%EF%BC%81_(30649736617).jpg,CC BY 2.0
E110,刚体\E110\s8.png,Wikimedia Commons,https://commons.wikimedia.org/wiki/File:%E8%87%AA%E7%84%B6%E5%8F%B2%E5%8D%9A%E7%89%A9%E9%A4%A8_%E5%9C%B0%E9%9C%87%E3%81%AE%E3%82%B3%E3%83%BC%E3%83%8A%E3%83%BC_2_(7519597440).jpg,CC BY 2.0
E110,刚体\E110\s9.png,Wikimedia Commons,https://commons.wikimedia.org/wiki/File:%E8%8F%93%E5%AD%90_2016_(30733726074).jpg,CC BY 2.0
E110,刚体\E110\s10.png,Wikimedia Commons,https://commons.wikimedia.org/wiki/File:%E8%8F%93%E5%AD%902016_(30733726454).jpg,CC BY 2.0
E110,刚体\E110\s11.png,Wikimedia Commons,"https://commons.wikimedia.org/wiki/File:Baby_as_Karuta_Roromiya_standing_and_holding_Pocky_paper_boxes,_front_view_20240316a.jpg",CC BY-SA 4.0
E110,刚体\E110\s12.png,Wikimedia Commons,"https://commons.wikimedia.org/wiki/File:Baby_as_Karuta_Roromiya_standing_and_holding_Pocky_paper_boxes,_front_view_20240316b.jpg",CC BY-SA 4.0
E110,刚体\E110\s13.png,Wikimedia Commons,"https://commons.wikimedia.org/wiki/File:Choco-Banana_Flavor_Pocky_(Indonesia),_2015-05-24.jpg",CC BY-SA 4.0
E110,刚体\E110\s14.png,Wikimedia Commons,https://commons.wikimedia.org/wiki/File:Cosplayer_of_Karuta_Roromiya_holding_Chocolate_Pocky_and_Strawberry_Pocky_20150322a.jpg,CC BY 2.0
E111,刚体\E111\s1.png,Wikimedia Commons,https://commons.wikimedia.org/wiki/File:Bowl_of_white_sugar_without_background.jpg,CC BY 3.0
E111,刚体\E111\s2.png,Wikimedia Commons,"https://commons.wikimedia.org/wiki/File:Granulated_White_Sugar_with_Large_Crystals,_Bright_Front_Light.jpg",CC BY-SA 4.0
E111,刚体\E111\s3.png,Wikimedia Commons,"https://commons.wikimedia.org/wiki/File:Granulated_White_Sugar_with_Large_Crystals,_Bright_Side_Light.jpg",CC BY-SA 4.0
E111,刚体\E111\s4.png,Wikimedia Commons,"https://commons.wikimedia.org/wiki/File:Granulated_White_Sugar_with_Large_Crystals,_Light_Through_the_Crystals.jpg",CC BY-SA 4.0
E111,刚体\E111\s5.png,Wikimedia Commons,"https://commons.wikimedia.org/wiki/File:Granulated_White_Sugar_with_Large_Crystals,_Light_from_Below,_No_Colour.jpg",CC BY-SA 4.0
E111,刚体\E111\s6.png,Wikimedia Commons,https://commons.wikimedia.org/wiki/File:Industries_of_War_-_Sugar_Refining_-_Packing_granulated_sugar_-_NARA_-_45489873.jpg,Public domain
E111,刚体\E111\s7.png,Wikimedia Commons,https://commons.wikimedia.org/wiki/File:Sugar_White.jpg,CC BY-SA 3.0
E111,刚体\E111\s8.png,Wikimedia Commons,https://commons.wikimedia.org/wiki/File:HK_Kwun_Tong_Lunch_take-away_curry_chicken_potato_rice_milktea_cup_cover_plastic_spoon_paper_bag_sugar_box_Nov_2018_IX2_01.jpg,CC BY-SA 4.0
E111,刚体\E111\s9.png,Wikimedia Commons,https://commons.wikimedia.org/wiki/File:HK_Kwun_Tong_Lunch_take-away_curry_chicken_potato_rice_milktea_cup_cover_plastic_spoon_paper_bag_sugar_box_Nov_2018_IX2_02.jpg,CC BY-SA 4.0
E111,刚体\E111\s10.png,Wikimedia Commons,https://commons.wikimedia.org/wiki/File:Fiesta_Sugar_Wafers_package_with_swastika_label_of_Pacific_Coast_Biscuit_Company._Page_216_of_%22Trade_mark_litigation%22_(1915).jpg,CC0
E111,刚体\E111\s11.png,Wikimedia Commons,https://commons.wikimedia.org/wiki/File:HK_food_Kjeldsens_Butter_Cookies_%E4%B8%B9%E9%BA%A5%E8%97%8D%E7%BD%90%E6%9B%B2%E5%A5%87_white_paper_cup_package_Jan-2016_DSC_(1).JPG,CC BY-SA 4.0
E111,刚体\E111\s12.png,Wikimedia Commons,https://commons.wikimedia.org/wiki/File:HK_food_Kjeldsens_Butter_Cookies_%E4%B8%B9%E9%BA%A5%E8%97%8D%E7%BD%90%E6%9B%B2%E5%A5%87_white_paper_cup_package_Jan-2016_DSC_(2).JPG,CC BY-SA 4.0
E111,刚体\E111\s13.png,Wikimedia Commons,https://commons.wikimedia.org/wiki/File:HK_food_Kjeldsens_Butter_Cookies_%E4%B8%B9%E9%BA%A5%E8%97%8D%E7%BD%90%E6%9B%B2%E5%A5%87_white_paper_cup_package_Jan-2016_DSC_(3).JPG,CC BY-SA 4.0
E111,刚体\E111\s14.png,Wikimedia Commons,https://commons.wikimedia.org/wiki/File:HK_food_Kjeldsens_Butter_Cookies_%E4%B8%B9%E9%BA%A5%E8%97%8D%E7%BD%90%E6%9B%B2%E5%A5%87_white_paper_cup_package_Jan-2016_DSC_(4).JPG,CC BY-SA 4.0
E112,刚体\E112\s1.png,Wikimedia Commons,https://commons.wikimedia.org/wiki/File:LD-Swiss-Cake-Rolls.jpg,CC0
E112,刚体\E112\s2.png,Wikimedia Commons,https://commons.wikimedia.org/wiki/File:A_slice_of_cake_roll.jpg,CC BY-SA 3.0
E112,刚体\E112\s3.png,Wikimedia Commons,https://commons.wikimedia.org/wiki/File:LD-Boston-Creme-Roll.jpg,CC BY-SA 3.0
E112,刚体\E112\s4.png,Wikimedia Commons,https://commons.wikimedia.org/wiki/File:Drakes-Yodels.jpg,CC BY-SA 3.0
E112,刚体\E112\s5.png,Wikimedia Commons,https://commons.wikimedia.org/wiki/File:Breakfast_Bun_and_Coffee.jpg,CC BY 2.0
E112,刚体\E112\s6.png,Wikimedia Commons,https://commons.wikimedia.org/wiki/File:Ho_hoes.jpg,CC BY 4.0
E113,刚体\E113\s1.png,Wikimedia Commons,https://commons.wikimedia.org/wiki/File:Korean_Ginseng_Toothpaste.JPG,CC BY-SA 3.0
E113,刚体\E113\s2.png,Wikimedia Commons,https://commons.wikimedia.org/wiki/File:Toothpaste.jpg,Public domain
E113,刚体\E113\s3.png,Wikimedia Commons,https://commons.wikimedia.org/wiki/File:All_the_toothpaste_you_actually_need_(412580888).jpg,CC BY 2.0
E113,刚体\E113\s4.png,Wikimedia Commons,https://commons.wikimedia.org/wiki/File:Brown%27s_Toothpaste_(1876)_(ADVERT_169).jpeg,Public domain
E113,刚体\E113\s5.png,Wikimedia Commons,https://commons.wikimedia.org/wiki/File:Chinese_Toothpaste.jpg,CC BY-SA 4.0
E113,刚体\E113\s6.png,Wikimedia Commons,https://commons.wikimedia.org/wiki/File:Close-up_of_a_toothbrush_with_toothpaste_(49842101773).jpg,CC BY 2.0
E113,刚体\E113\s7.png,Wikimedia Commons,https://commons.wikimedia.org/wiki/File:Elier_toothpaste.jpg,CC BY-SA 4.0
E113,刚体\E113\s8.png,Wikimedia Commons,https://commons.wikimedia.org/wiki/File:MC_%E6%BE%B3%E9%96%80_Macau_%E6%BE%B3%E9%96%80%E5%8D%8A%E5%B3%B6_Macao_Peninsula_%E5%BE%97%E5%8B%9D%E9%A6%AC%E8%B7%AF_2_Estrada_da_Vit%C3%B3ria_%E7%9A%87%E9%83%BD%E9%85%92%E5%BA%97_Royal_Macau_Hotel_hotel_%E6%B5%B4%E5%AE%A4_bathroom_November_2024_R12S_toothbrush_n_toothpaste.jpg,CC0
E113,刚体\E113\s9.png,Wikimedia Commons,"https://commons.wikimedia.org/wiki/File:US_Navy_070516-N-7653W-056_Students_help_each_other_carefully_place_items,_such_as_toothpaste,_mouthwash_and_other_things_the_children_collected_into_a_box_at_the_Betty_Williams_School_in_Norfolk.jpg",Public domain
E113,刚体\E113\s10.png,Wikimedia Commons,"https://commons.wikimedia.org/wiki/File:Whitemen_Toothpaste_Box_(Taipei,_Beitou).jpg",CC0
E113,刚体\E113\s11.png,Wikimedia Commons,https://commons.wikimedia.org/wiki/File:Blender3D_Zahnpastatube.jpg,CC BY-SA 3.0
E113,刚体\E113\s12.png,Wikimedia Commons,https://commons.wikimedia.org/wiki/File:Tooth_paste.jpg,CC BY-SA 3.0
E113,刚体\E113\s13.png,Wikimedia Commons,https://commons.wikimedia.org/wiki/File:Toothpasteonbrush.jpg,CC BY-SA 3.0
E113,刚体\E113\s14.png,Wikimedia Commons,"https://commons.wikimedia.org/wiki/File:%27Sebaj_T%C3%B3bi%C3%A1s%27_Gem%C3%A4lde,_Pasar%C3%A9tistrasse,_2026_Pasar%C3%A9t.jpg",CC BY-SA 4.0
E121,刚体\E121\s1.png,Wikimedia Commons,https://commons.wikimedia.org/wiki/File:Cup_Lid_made_of_biodegradable_plastic-top_PNr%C2%B01108.jpg,CC BY-SA 4.0
E121,刚体\E121\s2.png,Wikimedia Commons,https://commons.wikimedia.org/wiki/File:Niksun_plastic_travel_mug.jpg,CC BY-SA 4.0
E121,刚体\E121\s3.png,Wikimedia Commons,https://commons.wikimedia.org/wiki/File:Plastic_mug_African_head_(Boston_MFA_00.332)_01.jpg,CC BY 4.0
E121,刚体\E121\s4.png,Wikimedia Commons,https://commons.wikimedia.org/wiki/File:Plastic_mug_African_head_(Boston_MFA_00.332)_02.jpg,CC BY 4.0
E121,刚体\E121\s5.png,Wikimedia Commons,https://commons.wikimedia.org/wiki/File:Plastic_mug_African_head_(Boston_MFA_00.332)_03.jpg,CC BY 4.0
E121,刚体\E121\s6.png,Wikimedia Commons,https://commons.wikimedia.org/wiki/File:Plastic_travel_mug.jpg,CC BY-SA 4.0
E121,刚体\E121\s7.png,Wikimedia Commons,https://commons.wikimedia.org/wiki/File:Powder_Horn_(Boy_Scouts_of_America)_Branded_Camping_Mug.jpg,CC BY-SA 3.0
E121,刚体\E121\s8.png,Wikimedia Commons,https://commons.wikimedia.org/wiki/File:Reusable_plastic_beer_mugs_(29110960).jpg,CC BY-SA 2.0
E121,刚体\E121\s9.png,Wikimedia Commons,https://commons.wikimedia.org/wiki/File:2006-10-15_T%C3%B6r%C3%B6%C3%B6-Tasse.jpg,CC BY 2.5
E121,刚体\E121\s10.png,Wikimedia Commons,https://commons.wikimedia.org/wiki/File:2016_03_04_Dobley_Medical_Check-up-6_(25379560922).jpg,CC0
E121,刚体\E121\s11.png,Wikimedia Commons,https://commons.wikimedia.org/wiki/File:BCGC_Stapelia_variegata_(6728170377).jpg,CC BY 2.0
E121,刚体\E121\s12.png,Wikimedia Commons,https://commons.wikimedia.org/wiki/File:Boiled_tea_West_African_chai.jpg,CC BY-SA 4.0
E121,刚体\E121\s13.png,Wikimedia Commons,"https://commons.wikimedia.org/wiki/File:Breakfast,_Bobopod_Kota_Lama,_Semarang,_2025_(01).jpg",CC BY-SA 4.0
E121,刚体\E121\s14.png,Wikimedia Commons,https://commons.wikimedia.org/wiki/File:C_-_Charinos_Class_-_ARV_1531_2_-_female_head_-_Tarquinia_MAN_6845_-_01.jpg,CC BY-SA 4.0
E128,刚体\E128\s1.png,Wikimedia Commons,https://commons.wikimedia.org/wiki/File:1955_Dodge_La_Femme_Umbrella_Closed.jpg,CC BY-SA 4.0
E128,刚体\E128\s2.png,Wikimedia Commons,"https://commons.wikimedia.org/wiki/File:2014-03-02_World_of_Orient_2014,_(076)_Regenschirm_Umbrella_Detail.jpg",CC BY-SA 3.0
E128,刚体\E128\s3.png,Wikimedia Commons,"https://commons.wikimedia.org/wiki/File:2020-04-23_18_57_29_A_Calico_cat_investigating_an_umbrella_in_the_Franklin_Farm_section_of_Oak_Hill,_Fairfax_County,_Virginia.jpg",CC BY-SA 4.0
E128,刚体\E128\s4.png,Wikimedia Commons,"https://commons.wikimedia.org/wiki/File:2020-04-23_18_57_31_A_tabby_cat_and_Calico_cat_investigating_an_umbrella_in_the_Franklin_Farm_section_of_Oak_Hill,_Fairfax_County,_Virginia.jpg",CC BY-SA 4.0
E128,刚体\E128\s5.png,Wikimedia Commons,https://commons.wikimedia.org/wiki/File:Abstract_photography_umbrella.jpg,CC0
E128,刚体\E128\s6.png,Wikimedia Commons,https://commons.wikimedia.org/wiki/File:Folded_Umbrella.jpg,CC0
E128,刚体\E128\s7.png,Wikimedia Commons,https://commons.wikimedia.org/wiki/File:Folded_sun_umbrella_(8287862593).jpg,CC BY 2.0
E128,刚体\E128\s8.png,Wikimedia Commons,https://commons.wikimedia.org/wiki/File:Go_to_work_after_typhoon_with_foldable_umbrella.jpg,CC BY-SA 4.0
E128,刚体\E128\s9.png,Wikimedia Commons,https://commons.wikimedia.org/wiki/File:London_2012_Olympics_Games_Maker_Umbrella_Folded.jpg,CC BY-SA 3.0
E128,刚体\E128\s10.png,Wikimedia Commons,"https://commons.wikimedia.org/wiki/File:...rispolvero_questa_immagine,_oggi_piove_a_dirotto_(33560116084).jpg",CC0
E128,刚体\E128\s11.png,Wikimedia Commons,https://commons.wikimedia.org/wiki/File:16.4.14_Lisbon_31_(13905970821).jpg,CC BY 2.0
E128,刚体\E128\s12.png,Wikimedia Commons,"https://commons.wikimedia.org/wiki/File:1906-09-21_Market_Street_lookng_North_from_Eighth,_Wilmington,_Del_A.jpg",Public domain
E128,刚体\E128\s13.png,Wikimedia Commons,"https://commons.wikimedia.org/wiki/File:1909_I%27m_coming,_bag_and_baggage_A.jpg",Public domain
E128,刚体\E128\s14.png,Wikimedia Commons,https://commons.wikimedia.org/wiki/File:2001_Amsterdam;_Spring_2001_18.jpg,CC BY-SA 4.0
E129,刚体\E129\s1.png,Wikimedia Commons,https://commons.wikimedia.org/wiki/File:Battery_Construction_Cordless_Drill_Edited_2020_(49916988798).jpg,CC BY 2.0
E129,刚体\E129\s2.png,Wikimedia Commons,https://commons.wikimedia.org/wiki/File:Black_%26_Decker_Cordless_20V_Drill.jpg,CC BY-SA 4.0
E129,刚体\E129\s3.png,Wikimedia Commons,https://commons.wikimedia.org/wiki/File:Black_and_Decker_20-Volt_Power_Drill_(49112921413).jpg,CC BY 2.0
E129,刚体\E129\s4.png,Wikimedia Commons,https://commons.wikimedia.org/wiki/File:Black_and_Decker_Matrix_Lithium_20v_Cordless_Drill_(41159305895).jpg,CC BY 2.0
E129,刚体\E129\s5.png,Wikimedia Commons,https://commons.wikimedia.org/wiki/File:CORDLESS_DRILL.jpg,CC BY-SA 4.0
E129,刚体\E129\s6.png,Wikimedia Commons,https://commons.wikimedia.org/wiki/File:Cordless_Drill_(8559707469).jpg,CC BY 2.0
E129,刚体\E129\s7.png,Wikimedia Commons,https://commons.wikimedia.org/wiki/File:Cordless_Electric_Drill.jpg,CC BY 2.0
E129,刚体\E129\s8.png,Wikimedia Commons,https://commons.wikimedia.org/wiki/File:Cordless_Power_Drill_(49253538983).jpg,CC BY 2.0
E129,刚体\E129\s9.png,Wikimedia Commons,https://commons.wikimedia.org/wiki/File:Cordless_drill.jpg,CC BY-SA 3.0
E129,刚体\E129\s10.png,Wikimedia Commons,"https://commons.wikimedia.org/wiki/File:Cordless_drill_Metabo_BS_14,4_Li.JPG",CC0
E129,刚体\E129\s11.png,Wikimedia Commons,https://commons.wikimedia.org/wiki/File:Cordless_electric_(screw)_drill.jpg,CC0
E129,刚体\E129\s12.png,Wikimedia Commons,https://commons.wikimedia.org/wiki/File:DeWalt_20_Volt_Max_Cordless_Drill.jpg,CC BY-SA 4.0
E129,刚体\E129\s13.png,Wikimedia Commons,https://commons.wikimedia.org/wiki/File:Gear_from_cordless_drill_(49325577397).jpg,CC BY-SA 2.0
E129,刚体\E129\s14.png,Wikimedia Commons,"https://commons.wikimedia.org/wiki/File:Panasonic_Cordless_Drill_%26_Driver_EY1DD2,_Ottobrunn_(20250410-P1046293).jpg",CC BY-SA 4.0
E009,柔性\E009\s1.png,Wikimedia Commons,"https://commons.wikimedia.org/wiki/File:2021-09-13_16_40_16_A_lemon_and_lime_in_the_Franklin_Farm_section_of_Oak_Hill,_Fairfax_County,_Virginia.jpg",CC BY-SA 4.0
E009,柔性\E009\s2.png,Wikimedia Commons,https://commons.wikimedia.org/wiki/File:A_Single_Juice_Vesicle_of_a_Shiraz_Lime.jpg,CC BY-SA 4.0
E009,柔性\E009\s3.png,Wikimedia Commons,https://commons.wikimedia.org/wiki/File:A_Splash_Of_Lime.jpg,CC BY 2.0
E009,柔性\E009\s4.png,Wikimedia Commons,"https://commons.wikimedia.org/wiki/File:Basket_of_Gingers_(Curcuma_comosa)_and_lime_at_Bakin_Dogo_Market,_Kaduna_North.jpg",CC BY-SA 4.0
E009,柔性\E009\s5.png,Wikimedia Commons,https://commons.wikimedia.org/wiki/File:Day_208-_Lime_(2708519707).jpg,CC BY-SA 2.0
E009,柔性\E009\s6.png,Wikimedia Commons,https://commons.wikimedia.org/wiki/File:Dropped_Lime_in_Glass.jpg,CC BY 2.0
E009,柔性\E009\s7.png,Wikimedia Commons,"https://commons.wikimedia.org/wiki/File:EB1911_-_Lemon_-_Fig._2.%E2%80%94Lime%E2%80%94Citrus_medica,_var._acida.jpg",Public domain
E009,柔性\E009\s8.png,Wikimedia Commons,https://commons.wikimedia.org/wiki/File:Flickr_-_cyclonebill_-_Avocado_og_lime.jpg,CC BY-SA 2.0
E009,柔性\E009\s9.png,Wikimedia Commons,https://commons.wikimedia.org/wiki/File:Lime-Whole-Split.jpg,CC0
E009,柔性\E009\s10.png,Wikimedia Commons,https://commons.wikimedia.org/wiki/File:Lime_-_whole_and_halved.jpg,CC BY-SA 4.0
E009,柔性\E009\s11.png,Wikimedia Commons,https://commons.wikimedia.org/wiki/File:Passion_fruit_lime_lemon_tea.jpg,CC0
E009,柔性\E009\s12.png,Wikimedia Commons,https://commons.wikimedia.org/wiki/File:Picture_of_lime_at_fruit_garden_market_in_port_harcourt.jpg,CC BY 4.0
E009,柔性\E009\s13.png,Wikimedia Commons,https://commons.wikimedia.org/wiki/File:The_acid_lime_fruit_in_Hawaii_(1923)_(16148180074).jpg,No restrictions
E009,柔性\E009\s14.png,Wikimedia Commons,https://commons.wikimedia.org/wiki/File:The_acid_lime_fruit_in_Hawaii_(1923)_(16150553543).jpg,No restrictions
E020,柔性\E020\s1.png,Wikimedia Commons,https://commons.wikimedia.org/wiki/File:Baby_Roma_Tomatoes_(9560822781).jpg,Public domain
E020,柔性\E020\s2.png,Wikimedia Commons,"https://commons.wikimedia.org/wiki/File:Midnight_Roma_tomatoes_-_Arlington,_MA.jpg",CC0
E020,柔性\E020\s3.png,Wikimedia Commons,https://commons.wikimedia.org/wiki/File:Roma_Tomato_Skin_150x.jpg,CC BY-SA 4.0
E020,柔性\E020\s4.png,Wikimedia Commons,https://commons.wikimedia.org/wiki/File:Roma_Tomato_Skin_600x.jpg,CC BY-SA 4.0
E020,柔性\E020\s5.png,Wikimedia Commons,https://commons.wikimedia.org/wiki/File:Roma_Tomato_Skin_60x.jpg,CC BY-SA 4.0
E020,柔性\E020\s6.png,Wikimedia Commons,https://commons.wikimedia.org/wiki/File:Roma_Tomatoes_(53512765752).jpg,CC BY 2.0
E020,柔性\E020\s7.png,Wikimedia Commons,https://commons.wikimedia.org/wiki/File:Roma_Tomatoes_-_Flickr_-_pinemikey.jpg,CC BY-SA 2.0
E020,柔性\E020\s8.png,Wikimedia Commons,https://commons.wikimedia.org/wiki/File:Roma_or_Bangalore_Tomatoes_(Indian_hybrid).jpg,CC BY-SA 3.0
E020,柔性\E020\s9.png,Wikimedia Commons,https://commons.wikimedia.org/wiki/File:Roma_tomatoes.jpg,Public domain
E020,柔性\E020\s10.png,Wikimedia Commons,https://commons.wikimedia.org/wiki/File:Roma_tomatoes_(509115549).jpg,CC BY-SA 2.0
E020,柔性\E020\s11.png,Wikimedia Commons,"https://commons.wikimedia.org/wiki/File:Salad_of_mixed_greens,_shredded_turkey,_radishes,_carrots,_and_Roma_tomatoes,_with_olive_oil,_vinegar,_and_black_pepper_-_Massachusetts_2.jpg",CC0
E020,柔性\E020\s12.png,Wikimedia Commons,"https://commons.wikimedia.org/wiki/File:Salad_of_mixed_greens_plus_a_side_of_roasted_red_pepper_hummus,_with_broiled_Roma_tomato,_radishes,_celery,_peanuts,_olive_oil,_vinegar,_and_black_pepper_-_Massachusetts.jpg",CC0
E020,柔性\E020\s13.png,Wikimedia Commons,"https://commons.wikimedia.org/wiki/File:Salchich%C3%B3n_sausage,_roasted_Roma_tomato,_boiled_yellow_potatoes,_sauerkraut_with_mixed_vegetables,_Boston_brown_bread_with_cheddar_cheese,_and_cornichons,_with_salt,_pepper,_two_mustards,_and_chili_powder_-_Massachusetts.jpg",CC0
E020,柔性\E020\s14.png,Wikimedia Commons,"https://commons.wikimedia.org/wiki/File:Tomatoes_(Plum_Roma)_-_Arlingtin,_MA.jpg",CC0
E022,柔性\E022\s1.png,Wikimedia Commons,https://commons.wikimedia.org/wiki/File:138862_grapefruit_sorting_at_tzemach_junction_PikiWiki_Israel.jpg,CC BY 2.5
E022,柔性\E022\s2.png,Wikimedia Commons,https://commons.wikimedia.org/wiki/File:210704_grapefruit-citrus-paradisi-marktware_1-640x480.jpg,CC BY-SA 3.0
E022,柔性\E022\s3.png,Wikimedia Commons,"https://commons.wikimedia.org/wiki/File:Cow,_Grapefruit,_and_Grapefruit_Stand_(22487295902).jpg",CC BY-SA 2.0
E022,柔性\E022\s4.png,Wikimedia Commons,https://commons.wikimedia.org/wiki/File:2005grapefruit_and_pomelo.PNG,Public domain
E022,柔性\E022\s5.png,Wikimedia Commons,https://commons.wikimedia.org/wiki/File:%22_15_-_ITALY_-_Oli_essenziali_puri_naturali_e_fragranze_ipoallergeniche_-_Pure_natural_essential_oils_and_hypoallergenic_fragrances.JPG,CC BY-SA 3.0 it
E022,柔性\E022\s6.png,Wikimedia Commons,https://commons.wikimedia.org/wiki/File:105717_picking_red_grapefruits_in_moshav_zimrat_PikiWiki_Israel.jpg,CC BY 2.5
E022,柔性\E022\s7.png,Wikimedia Commons,https://commons.wikimedia.org/wiki/File:105718_picking_red_grapefruits_in_moshav_zimrat_PikiWiki_Israel.jpg,CC BY 2.5
E022,柔性\E022\s8.png,Wikimedia Commons,https://commons.wikimedia.org/wiki/File:105719_picking_red_grapefruits_in_moshav_zimrat_PikiWiki_Israel.jpg,CC BY 2.5
E022,柔性\E022\s9.png,Wikimedia Commons,https://commons.wikimedia.org/wiki/File:105720_picking_red_grapefruits_in_moshav_zimrat_PikiWiki_Israel.jpg,CC BY 2.5
E022,柔性\E022\s10.png,Wikimedia Commons,https://commons.wikimedia.org/wiki/File:105721_picking_red_grapefruits_in_moshav_zimrat_PikiWiki_Israel.jpg,CC BY 2.5
E022,柔性\E022\s11.png,Wikimedia Commons,https://commons.wikimedia.org/wiki/File:105722_picking_red_grapefruits_in_moshav_zimrat_PikiWiki_Israel.jpg,CC BY 2.5
E022,柔性\E022\s12.png,Wikimedia Commons,https://commons.wikimedia.org/wiki/File:105723_picking_red_grapefruits_in_moshav_zimrat_PikiWiki_Israel.jpg,CC BY 2.5
E022,柔性\E022\s13.png,Wikimedia Commons,https://commons.wikimedia.org/wiki/File:105724_picking_red_grapefruits_in_moshav_zimrat_PikiWiki_Israel.jpg,CC BY 2.5
E022,柔性\E022\s14.png,Wikimedia Commons,https://commons.wikimedia.org/wiki/File:105725_picking_red_grapefruits_in_moshav_zimrat_PikiWiki_Israel.jpg,CC BY 2.5
E023,柔性\E023\s1.png,Wikimedia Commons,https://commons.wikimedia.org/wiki/File:Lemon_-_whole_and_split.jpg,CC BY-SA 4.0
E023,柔性\E023\s2.png,Wikimedia Commons,https://commons.wikimedia.org/wiki/File:-lemon_tree_-nature_-greenery_-vegetable.jpg,CC BY-SA 4.0
E023,柔性\E023\s3.png,Wikimedia Commons,https://commons.wikimedia.org/wiki/File:EB1911_-_Lemon_-_Fig._1.%E2%80%94Lemon%E2%80%94Citrus_Limonum.jpg,Public domain
E023,柔性\E023\s4.png,Wikimedia Commons,"https://commons.wikimedia.org/wiki/File:Five_Lemons_on_lemon_tree,_Burj_Bhalaike.jpg",CC BY-SA 4.0
E023,柔性\E023\s5.png,Wikimedia Commons,https://commons.wikimedia.org/wiki/File:Flowers_of_the_Lemon_tree.jpg,CC BY-SA 4.0
E023,柔性\E023\s6.png,Wikimedia Commons,https://commons.wikimedia.org/wiki/File:LEMON_TREE_(2).jpg,CC BY-SA 4.0
E023,柔性\E023\s7.png,Wikimedia Commons,"https://commons.wikimedia.org/wiki/File:Lemon,_Lemon_tree,_Florence,_Italy.jpg",CC BY 4.0
E023,柔性\E023\s8.png,Wikimedia Commons,https://commons.wikimedia.org/wiki/File:Lemon-Tree-Sitia-Crete.jpg,CC BY-SA 4.0
E023,柔性\E023\s9.png,Wikimedia Commons,https://commons.wikimedia.org/wiki/File:Lemon.jpg,CC BY-SA 2.5
E023,柔性\E023\s10.png,Wikimedia Commons,https://commons.wikimedia.org/wiki/File:Lemon_(Citrus_limon_aka_Citrus_%C3%97_limon).jpg,CC BY 4.0
E023,柔性\E023\s11.png,Wikimedia Commons,https://commons.wikimedia.org/wiki/File:Lemon_Boy.jpg,CC BY-SA 4.0
E023,柔性\E023\s12.png,Wikimedia Commons,https://commons.wikimedia.org/wiki/File:Lemon_Tree_1.jpg,CC BY-SA 4.0
E023,柔性\E023\s13.png,Wikimedia Commons,https://commons.wikimedia.org/wiki/File:Lemon_and_lime.jpg,CC BY-SA 4.0
E023,柔性\E023\s14.png,Wikimedia Commons,https://commons.wikimedia.org/wiki/File:Lemon_blossoms_in_Israel.jpg,CC BY-SA 4.0
E024,柔性\E024\s1.png,Wikimedia Commons,"https://commons.wikimedia.org/wiki/File:A_red_apple_rests_on_a_wooden_surface,_showcasing_a_small_hole_that_adds_character_to_its_appearance.jpg",CC BY 2.0
E024,柔性\E024\s2.png,Wikimedia Commons,"https://commons.wikimedia.org/wiki/File:2015,_Fair_Smaki_Regionow,_Poznan_(apples,_UEP_Poznan).JPG",CC BY-SA 4.0
E024,柔性\E024\s3.png,Wikimedia Commons,"https://commons.wikimedia.org/wiki/File:2018-05-09_Apple_blossom,_The_Driftway,_Felbrigg.JPG",CC BY-SA 4.0
E024,柔性\E024\s4.png,Wikimedia Commons,https://commons.wikimedia.org/wiki/File:3D_Apple.jpg,CC BY-SA 4.0
E024,柔性\E024\s5.png,Wikimedia Commons,https://commons.wikimedia.org/wiki/File:A_for_apple.jpg,CC BY-SA 4.0
E024,柔性\E024\s6.png,Wikimedia Commons,https://commons.wikimedia.org/wiki/File:A_Rotting_Apple_(6269439597).jpg,CC BY 2.0
E024,柔性\E024\s7.png,Wikimedia Commons,https://commons.wikimedia.org/wiki/File:An_Apple_A_Day_(151245827).jpeg,CC BY 3.0
E024,柔性\E024\s8.png,Wikimedia Commons,https://commons.wikimedia.org/wiki/File:Apple_(2020-12-11).jpg,CC BY-SA 4.0
E024,柔性\E024\s9.png,Wikimedia Commons,https://commons.wikimedia.org/wiki/File:Apple_(511354151).jpg,CC BY-SA 2.0
E024,柔性\E024\s10.png,Wikimedia Commons,https://commons.wikimedia.org/wiki/File:Apple_(Malus_domestica)_(19719834878).jpg,CC BY-SA 2.0
E024,柔性\E024\s11.png,Wikimedia Commons,https://commons.wikimedia.org/wiki/File:Apple_and_Wasps_(9610523094).jpg,CC BY 2.0
E024,柔性\E024\s12.png,Wikimedia Commons,https://commons.wikimedia.org/wiki/File:Apple_and_Water.jpg,CC BY-SA 4.0
E024,柔性\E024\s13.png,Wikimedia Commons,https://commons.wikimedia.org/wiki/File:Apple_and_wheel_(9612482777).jpg,CC BY 2.0
E024,柔性\E024\s14.png,Wikimedia Commons,https://commons.wikimedia.org/wiki/File:Apple_and_wisdom.jpg,CC BY 4.0
E025,柔性\E025\s1.png,Wikimedia Commons,https://commons.wikimedia.org/wiki/File:A_young_woman_posting_for_the_camera_in_front_of_a_stashed_bell_pepper_ready_for_to_be_transported_04.jpg,CC BY-SA 4.0
E025,柔性\E025\s2.png,Wikimedia Commons,https://commons.wikimedia.org/wiki/File:Bell_Pepper_(Quadrato_d%27Asti_Giallo)_Flower.jpg,Public domain
E025,柔性\E025\s3.png,Wikimedia Commons,https://commons.wikimedia.org/wiki/File:Bell_Pepper_about_to_flower.jpg,CC BY-SA 3.0
E025,柔性\E025\s4.png,Wikimedia Commons,https://commons.wikimedia.org/wiki/File:Bell_pepper_Chicks_with_Yogurt_Ranch_(34470711600).jpg,CC BY-SA 2.0
E025,柔性\E025\s5.png,Wikimedia Commons,https://commons.wikimedia.org/wiki/File:Bell_pepper_flowering.jpg,CC BY-SA 3.0
E025,柔性\E025\s6.png,Wikimedia Commons,https://commons.wikimedia.org/wiki/File:Bell_pepper_flowers_turning_into_fruit.jpg,CC BY-SA 3.0
E025,柔性\E025\s7.png,Wikimedia Commons,"https://commons.wikimedia.org/wiki/File:Black_and_White_Photography_by_David_Adam_Kess,_The_bell_pepper_is_a_cultivar_group_of_the_species_Capsicum_annuum.jpg",CC BY-SA 4.0
E025,柔性\E025\s8.png,Wikimedia Commons,"https://commons.wikimedia.org/wiki/File:Capsicum_annuum_Bell_pepper_Rhizoctonia_solani,_paprika_Rhizoctonia_ziekte.jpg",CC BY-SA 3.0
E025,柔性\E025\s9.png,Wikimedia Commons,https://commons.wikimedia.org/wiki/File:2_x_Green-orange-yellow_bell_pepper_2017.jpg,CC0
E025,柔性\E025\s10.png,Wikimedia Commons,https://commons.wikimedia.org/wiki/File:3_x_Green-orange-yellow_bell_pepper_2017.jpg,CC0
E025,柔性\E025\s11.png,Wikimedia Commons,https://commons.wikimedia.org/wiki/File:A_yellow_bell_pepper.jpg,CC BY-SA 4.0
E025,柔性\E025\s12.png,Wikimedia Commons,https://commons.wikimedia.org/wiki/File:Florida_grown_yellow_bell_pepper_from_Pero_Family_Farms_001CR.JPG,CC BY-SA 3.0
E025,柔性\E025\s13.png,Wikimedia Commons,https://commons.wikimedia.org/wiki/File:Green-orange-yellow_bell_pepper_2017_A.jpg,CC0
E025,柔性\E025\s14.png,Wikimedia Commons,https://commons.wikimedia.org/wiki/File:Green-orange-yellow_bell_pepper_2017_B.jpg,CC0
E026,柔性\E026\s1.png,Wikimedia Commons,https://commons.wikimedia.org/wiki/File:13_small_strawberries_(e-citizen).JPG,CC BY-SA 3.0
E026,柔性\E026\s2.png,Wikimedia Commons,https://commons.wikimedia.org/wiki/File:2025-05-18_Strawberries_at_the_GUM_Market_in_Yerevan.jpg,CC BY 4.0
E026,柔性\E026\s3.png,Wikimedia Commons,https://commons.wikimedia.org/wiki/File:4-strawberry.jpg,CC BY-SA 3.0
E026,柔性\E026\s4.png,Wikimedia Commons,https://commons.wikimedia.org/wiki/File:99strawberry.jpg,CC BY-SA 4.0
E026,柔性\E026\s5.png,Wikimedia Commons,https://commons.wikimedia.org/wiki/File:A_Bowl_Of_Strawberries_(63753985).jpeg,CC BY 3.0
E026,柔性\E026\s6.png,Wikimedia Commons,https://commons.wikimedia.org/wiki/File:A_fruiting_%E2%80%9DIngram%27s_Frogmore_Late_Pine%E2%80%9D_strawberry_plant_(Fr_Wellcome_V0044427_(cropped).jpg,CC BY 4.0
E026,柔性\E026\s7.png,Wikimedia Commons,https://commons.wikimedia.org/wiki/File:A_person_offers_a_bowl_of_vibrant_red_strawberries_at_a_lively_outdoor_event_surrounded_by_delicious_food_options_and_cheerful_guests_enjoying_a_summer_celebration.jpg,CC BY 2.0
E026,柔性\E026\s8.png,Wikimedia Commons,https://commons.wikimedia.org/wiki/File:Announcement_for_Machiroux_strawberry_plants.jpg,CC BY-SA 4.0
E026,柔性\E026\s9.png,Wikimedia Commons,https://commons.wikimedia.org/wiki/File:Bowl_of_strawberries_macro.jpg,CC BY-SA 3.0
E026,柔性\E026\s10.png,Wikimedia Commons,https://commons.wikimedia.org/wiki/File:Box_of_Strawberries_(Unsplash).jpg,CC0
E026,柔性\E026\s11.png,Wikimedia Commons,https://commons.wikimedia.org/wiki/File:Bradford_County_Strawberries.jpg,CC BY-SA 4.0
E026,柔性\E026\s12.png,Wikimedia Commons,https://commons.wikimedia.org/wiki/File:Bright_red_strawberry_resting_on_rustic_barbed_wire_against_a_soft_green_background.jpg,CC BY 2.0
E026,柔性\E026\s13.png,Wikimedia Commons,https://commons.wikimedia.org/wiki/File:Buah_strawberry.jpg,CC BY-SA 4.0
E026,柔性\E026\s14.png,Wikimedia Commons,https://commons.wikimedia.org/wiki/File:Buah_Strawberry.jpg,CC0
E027,柔性\E027\s1.png,Wikimedia Commons,https://commons.wikimedia.org/wiki/File:Cara_cara_orange.JPG,CC BY-SA 3.0
E027,柔性\E027\s2.png,Wikimedia Commons,https://commons.wikimedia.org/wiki/File:Cara_cara_orange_cut_in_half.JPG,Public domain
E027,柔性\E027\s3.png,Wikimedia Commons,https://commons.wikimedia.org/wiki/File:Starr-170114-6474-Citrullus_lanatus-fruit_bowl_with_white_pineapple_papaya_Ice_Cream_and_Apple_banana_yacon_Cara_Cara_and_Washington_Navel_Orange-Hawea_Pl_Olinda-Maui_(31654295533).jpg,CC BY 3.0 us
E027,柔性\E027\s4.png,Wikimedia Commons,https://commons.wikimedia.org/wiki/File:Starr-170114-6475-Carica_papaya-fruit_bowl_with_white_pineapple_watermelon_Ice_Cream_and_Apple_banana_yacon_Cara_Cara_and_Washington_Navel_Orange-Hawea_Pl_Olinda-Maui_(31622636944).jpg,CC BY 3.0 us
E027,柔性\E027\s5.png,Wikimedia Commons,https://commons.wikimedia.org/wiki/File:Starr-170114-6476-Ananas_comosus-fruit_bowl_with_white_watermelon_papaya_Ice_Cream_and_Apple_banana_yacon_Cara_Cara_and_Washington_Navel_Orange-Hawea_Pl_Olinda-Maui_(32314588032).jpg,CC BY 3.0 us
E027,柔性\E027\s6.png,Wikimedia Commons,https://commons.wikimedia.org/wiki/File:Starr-170114-6477-Musa_x_paradisiaca-fruit_bowl_with_watermelon_white_pineapple_papaya_Ice_Cream_and_Apple_banana_yacon_Cara_Cara_and_Washington_Navel_Orange-Hawea_Pl_Olinda-Maui_(32344650491).jpg,CC BY 3.0 us
E027,柔性\E027\s7.png,Wikimedia Commons,https://commons.wikimedia.org/wiki/File:Starr-170114-6478-Smallanthus_sonchifolius-fruit_bowl_with_watermelon_white_pineapple_papaya_Ice_Cream_and_Apple_banana_Cara_Cara_and_Washington_Navel_Orange-Hawea_Pl_Olinda-Maui_(32425883706).jpg,CC BY 3.0 us
E027,柔性\E027\s8.png,Wikimedia Commons,https://commons.wikimedia.org/wiki/File:Starr-190518-6523-Citrus_sinensis-Cara_Cara_Navel_Orange_fruiting_habit_in_home_orchard-Hawea_Pl_Olinda-Maui_(48301582207).jpg,CC BY 2.0
E027,柔性\E027\s9.png,Wikimedia Commons,https://commons.wikimedia.org/wiki/File:Starr-190518-6524-Citrus_sinensis-Cara_Cara_Navel_Orange_fruit-Hawea_Pl_Olinda-Maui_(48301582987).jpg,CC BY 2.0
E027,柔性\E027\s10.png,Wikimedia Commons,https://commons.wikimedia.org/wiki/File:Starr-190518-6525-Citrus_sinensis-Cara_Cara_Navel_Orange_fruiting_habit_in_home_orchard-Hawea_Pl_Olinda-Maui_(48301469541).jpg,CC BY 2.0
E027,柔性\E027\s11.png,Wikimedia Commons,https://commons.wikimedia.org/wiki/File:Cara_Cara_Navel_oranges_for_sale_at_Giant.jpg,CC BY-SA 4.0
E027,柔性\E027\s12.png,Wikimedia Commons,https://commons.wikimedia.org/wiki/File:Naranjas_navel_o_cara_cara_en_supermercado_de_la_Ciudad_de_M%C3%A9xico.jpg,CC BY-SA 4.0
E027,柔性\E027\s13.png,Wikimedia Commons,https://commons.wikimedia.org/wiki/File:Protoneura_cara_18648935.jpg,CC BY 4.0
E027,柔性\E027\s14.png,Wikimedia Commons,https://commons.wikimedia.org/wiki/File:Starr-140117-3976-Citrus_sinensis-Cara_Cara_Navel_plant_tag-Hawea_Pl_Olinda-Maui_(25239034165).jpg,CC BY 3.0 us
E029,柔性\E029\s1.png,Wikimedia Commons,https://commons.wikimedia.org/wiki/File:03979--1903-Cluster_of_Oranges-Br%C3%BCck_%26_Sohn_Kunstverlag.jpg,CC0
E029,柔性\E029\s2.png,Wikimedia Commons,https://commons.wikimedia.org/wiki/File:03984-Kalifornien-1903-California_a_Orange_Tree-Br%C3%BCck_%26_Sohn_Kunstverlag.jpg,CC0
E029,柔性\E029\s3.png,Wikimedia Commons,https://commons.wikimedia.org/wiki/File:04916-Kalifornien-1903-Oranges_and_Snowfields-Br%C3%BCck_%26_Sohn_Kunstverlag.jpg,CC0
E029,柔性\E029\s4.png,Wikimedia Commons,https://commons.wikimedia.org/wiki/File:05593-Kalifornien-1904-Orange_Blossoms-Br%C3%BCck_%26_Sohn_Kunstverlag.jpg,CC0
E029,柔性\E029\s5.png,Wikimedia Commons,"https://commons.wikimedia.org/wiki/File:05595-Pomona-1904-Orange_Groves_near_Pomona,_California-Br%C3%BCck_%26_Sohn_Kunstverlag.jpg",CC0
E029,柔性\E029\s6.png,Wikimedia Commons,https://commons.wikimedia.org/wiki/File:05605-Pomona-1904-Old_Baldy_10000_feet_high_from_Orange_Orchards-Br%C3%BCck_%26_Sohn_Kunstverlag.jpg,CC0
E029,柔性\E029\s7.png,Wikimedia Commons,https://commons.wikimedia.org/wiki/File:05611-Kalifornien-1904-Orange_Groves_in_California-Br%C3%BCck_%26_Sohn_Kunstverlag.jpg,CC0
E029,柔性\E029\s8.png,Wikimedia Commons,https://commons.wikimedia.org/wiki/File:06741--1905-Oranges_and_Snowfields-Br%C3%BCck_%26_Sohn_Kunstverlag.jpg,CC0
E029,柔性\E029\s9.png,Wikimedia Commons,https://commons.wikimedia.org/wiki/File:164_-_oranges.jpg,CC BY-SA 4.0
E029,柔性\E029\s10.png,Wikimedia Commons,https://commons.wikimedia.org/wiki/File:2006-09-16_-_United_Kingdom_-_England_-_London_-_British_Museum_-_Oranges_-_Cutout_-_Orange_4889727396.jpg,CC BY 2.0
E029,柔性\E029\s11.png,Wikimedia Commons,https://commons.wikimedia.org/wiki/File:2014-365-111_Orange_Space_(13942821996).jpg,CC BY 2.0
E029,柔性\E029\s12.png,Wikimedia Commons,https://commons.wikimedia.org/wiki/File:A_box_of_orange_in_Yuen_Long.jpg,CC BY-SA 4.0
E029,柔性\E029\s13.png,Wikimedia Commons,https://commons.wikimedia.org/wiki/File:A_box_of_Orange.jpg,CC BY-SA 4.0
E029,柔性\E029\s14.png,Wikimedia Commons,https://commons.wikimedia.org/wiki/File:A_Citrus_fruit_on_a_Table.jpg,CC BY-SA 4.0
E030,柔性\E030\s1.png,Wikimedia Commons,https://commons.wikimedia.org/wiki/File:A_Mandarin_orange_(310650481).jpg,CC BY-SA 2.0
E030,柔性\E030\s2.png,Wikimedia Commons,https://commons.wikimedia.org/wiki/File:A_Mandarin_orange_(310650488).jpg,CC BY-SA 2.0
E030,柔性\E030\s3.png,Wikimedia Commons,https://commons.wikimedia.org/wiki/File:Liat_Portal_for_Foodie_Disorder_-_Mandarin_Orange.jpg,CC BY-SA 4.0
E030,柔性\E030\s4.png,Wikimedia Commons,https://commons.wikimedia.org/wiki/File:Mandarin_orange._Libya.jpg,CC BY-SA 4.0
E030,柔性\E030\s5.png,Wikimedia Commons,https://commons.wikimedia.org/wiki/File:Mandarin_orange.jpg,CC BY-SA 4.0
E030,柔性\E030\s6.png,Wikimedia Commons,https://commons.wikimedia.org/wiki/File:Orange_and_mandarin_2026-02-28.jpg,CC BY 4.0
E030,柔性\E030\s7.png,Wikimedia Commons,https://commons.wikimedia.org/wiki/File:Peeled_Mandarin_Orange.jpg,CC BY-SA 4.0
E030,柔性\E030\s8.png,Wikimedia Commons,https://commons.wikimedia.org/wiki/File:(20250916)_Penny_Greenland_canned_mandarin_oranges_01.jpg,CC BY-SA 4.0
E030,柔性\E030\s9.png,Wikimedia Commons,https://commons.wikimedia.org/wiki/File:(20250916)_Penny_Greenland_canned_mandarin_oranges_02.jpg,CC BY-SA 4.0
E030,柔性\E030\s10.png,Wikimedia Commons,https://commons.wikimedia.org/wiki/File:Citrus_reticulata_Common_Mandarin_%E1%83%9B%E1%83%90%E1%83%9C%E1%83%93%E1%83%90%E1%83%A0%E1%83%98%E1%83%9C%E1%83%98.jpg,CC BY-SA 3.0
E030,柔性\E030\s11.png,Wikimedia Commons,https://commons.wikimedia.org/wiki/File:Citrus_reticulata_fruit_2009_G1.jpg,Public domain
E030,柔性\E030\s12.png,Wikimedia Commons,https://commons.wikimedia.org/wiki/File:Citrus_reticulata_fruit_on_white_background.jpg,CC BY-SA 4.0
E030,柔性\E030\s13.png,Wikimedia Commons,https://commons.wikimedia.org/wiki/File:Clementine_mandarins_-_Massachusetts.jpg,CC0
E030,柔性\E030\s14.png,Wikimedia Commons,https://commons.wikimedia.org/wiki/File:Green_mandarin_in_home.jpg,CC BY-SA 4.0
E031,柔性\E031\s1.png,Wikimedia Commons,https://commons.wikimedia.org/wiki/File:An_aesthetic_citrus_fruits.jpg,CC BY-SA 4.0
E031,柔性\E031\s2.png,Wikimedia Commons,https://commons.wikimedia.org/wiki/File:Avocados_and_limes.JPG,CC BY-SA 4.0
E031,柔性\E031\s3.png,Wikimedia Commons,https://commons.wikimedia.org/wiki/File:Backyard_limes.jpg,Public domain
E031,柔性\E031\s4.png,Wikimedia Commons,https://commons.wikimedia.org/wiki/File:Citrus_limon_(flower).jpg,CC BY-SA 4.0
E031,柔性\E031\s5.png,Wikimedia Commons,https://commons.wikimedia.org/wiki/File:Citrus_x_amblycarpa_1.jpg,CC BY-SA 4.0
E031,柔性\E031\s6.png,Wikimedia Commons,https://commons.wikimedia.org/wiki/File:Citrus_x_amblycarpa_2.jpg,CC BY-SA 4.0
E031,柔性\E031\s7.png,Wikimedia Commons,https://commons.wikimedia.org/wiki/File:CSIRO_ScienceImage_7942_Sunrise_limes.jpg,CC BY 3.0
E031,柔性\E031\s8.png,Wikimedia Commons,https://commons.wikimedia.org/wiki/File:CSIRO_ScienceImage_7950_Sunrise_limes.jpg,CC BY 3.0
E031,柔性\E031\s9.png,Wikimedia Commons,https://commons.wikimedia.org/wiki/File:CSIRO_ScienceImage_7979_Blood_limes.jpg,CC BY 3.0
E031,柔性\E031\s10.png,Wikimedia Commons,https://commons.wikimedia.org/wiki/File:CSIRO_ScienceImage_8011_Blood_limes.jpg,CC BY 3.0
E031,柔性\E031\s11.png,Wikimedia Commons,"https://commons.wikimedia.org/wiki/File:Lime_Bike_Wood_Green,_London_2024-06-27.jpg",CC BY-SA 2.0
E031,柔性\E031\s12.png,Wikimedia Commons,https://commons.wikimedia.org/wiki/File:Lime_Green_(4453624572).jpg,CC BY-SA 2.0
E031,柔性\E031\s13.png,Wikimedia Commons,https://commons.wikimedia.org/wiki/File:Lime_Green_(9900120406).jpg,CC BY 2.0
E031,柔性\E031\s14.png,Wikimedia Commons,"https://commons.wikimedia.org/wiki/File:Lime_Street_Chimney_%5E_Village_Green,_Ouseburn_-_geograph.org.uk_-_2986436.jpg",CC BY-SA 2.0
E032,柔性\E032\s1.png,Wikimedia Commons,"https://commons.wikimedia.org/wiki/File:2021-08-24_23_06_08_Red,_green_and_black_table_grapes_at_the_Ramada_by_Wyndham_Rochelle_Park_Near_Paramus_in_Rochelle_Park_Township,_Bergen_County,_New_Jersey.jpg",CC BY-SA 4.0
E032,柔性\E032\s2.png,Wikimedia Commons,"https://commons.wikimedia.org/wiki/File:Freshly_peeled_Red_Globe_grapes_in_West_Bengal,_India.jpg",CC BY-SA 4.0
E032,柔性\E032\s3.png,Wikimedia Commons,"https://commons.wikimedia.org/wiki/File:Red_Globe,_a_variety_of_very_large,_seeded_red_grapes,_captured_in_West_Bengal,_India.jpg",CC BY-SA 4.0
E032,柔性\E032\s4.png,Wikimedia Commons,https://commons.wikimedia.org/wiki/File:Red_Globe_grapes_2017_A1.jpg,CC0
E032,柔性\E032\s5.png,Wikimedia Commons,https://commons.wikimedia.org/wiki/File:Red_Globe_grapes_2017_A2.jpg,CC0
E032,柔性\E032\s6.png,Wikimedia Commons,https://commons.wikimedia.org/wiki/File:Red_Globe_grapes_2017_A3.jpg,CC0
E032,柔性\E032\s7.png,Wikimedia Commons,https://commons.wikimedia.org/wiki/File:Red_globe_grapes.jpg,Public domain
E032,柔性\E032\s8.png,Wikimedia Commons,https://commons.wikimedia.org/wiki/File:%22Black_Grapes_of_Salem_District%22.jpg,CC BY-SA 3.0
E032,柔性\E032\s9.png,Wikimedia Commons,https://commons.wikimedia.org/wiki/File:12_lucky_grapes_(cropped_tight).jpg,CC BY-SA 4.0
E032,柔性\E032\s10.png,Wikimedia Commons,https://commons.wikimedia.org/wiki/File:A_Bee_on_grape.jpg,CC BY 2.0
E032,柔性\E032\s11.png,Wikimedia Commons,https://commons.wikimedia.org/wiki/File:A_bunch_of_grapes_a.jpg,CC BY-SA 4.0
E032,柔性\E032\s12.png,Wikimedia Commons,https://commons.wikimedia.org/wiki/File:A_bunch_of_grapes.jpg,CC BY-SA 4.0
E032,柔性\E032\s13.png,Wikimedia Commons,https://commons.wikimedia.org/wiki/File:An_old_woman_holding_grapes_in_her_vest_-_50413616466.jpg,CC BY 2.0
E032,柔性\E032\s14.png,Wikimedia Commons,https://commons.wikimedia.org/wiki/File:%22Red_wine_Grapes_of_Salem%22.jpg,CC BY-SA 3.0
E033,柔性\E033\s1.png,Wikimedia Commons,"https://commons.wikimedia.org/wiki/File:2019-10-11_00_12_33_A_bag_of_Dayka_Hackett_Flavor_Grown_Fresh_and_Delicious_Red_Seedless_Table_Grapes_in_the_Franklin_Farm_section_of_Oak_Hill,_Fairfax_County,_Virginia.jpg",CC BY-SA 4.0
E033,柔性\E033\s2.png,Wikimedia Commons,"https://commons.wikimedia.org/wiki/File:2019-10-11_00_15_02_A_bunch_of_Dayka_Hackett_Flavor_Grown_Fresh_and_Delicious_Red_Seedless_Table_Grapes_in_the_Franklin_Farm_section_of_Oak_Hill,_Fairfax_County,_Virginia.jpg",CC BY-SA 4.0
E033,柔性\E033\s3.png,Wikimedia Commons,"https://commons.wikimedia.org/wiki/File:2021-07-11_13_07_30_Red_table_grapes_in_the_Franklin_Farm_section_of_Oak_Hill,_Fairfax_County,_Virginia.jpg",CC BY-SA 4.0
E033,柔性\E033\s4.png,Wikimedia Commons,"https://commons.wikimedia.org/wiki/File:Still_life_of_grapes,_peaches,_cherries,_plums,_figs,_red_and_white_currants,_a_lemon_and_other_fruit_on_a_table_with_three_birds,_Adriaen_van_Utrecht.jpeg",Public domain
E033,柔性\E033\s5.png,Wikimedia Commons,https://commons.wikimedia.org/wiki/File:Black_seedless_grapes_4300175324717_berry_and_seed_section_01.jpg,CC BY-SA 4.0
E033,柔性\E033\s6.png,Wikimedia Commons,https://commons.wikimedia.org/wiki/File:Charlotte_Vignon_-_Peaches_and_Grapes_on_a_Draped_Table.jpg,Public domain
E033,柔性\E033\s7.png,Wikimedia Commons,https://commons.wikimedia.org/wiki/File:DFC_3937_Bunches_of_plump_juicy_red_grapes_piled_together_ready_to_snack_on.jpg,CC BY-SA 4.0
E033,柔性\E033\s8.png,Wikimedia Commons,"https://commons.wikimedia.org/wiki/File:Georg_Flegel_(circle_of)_-_White_and_red_grapes_on_a_pewter_plate,_a_string_of_onions,_two_melons_and_figs.jpg",Public domain
E033,柔性\E033\s9.png,Wikimedia Commons,"https://commons.wikimedia.org/wiki/File:Jacob_van_Hulsdonck_-_Still_life_of_apricots,_plums,_red_and_white_grapes_in_a_Wan_Li_porcelain_bowl,_with_cherries,_hazlenuts,_carnations_and_plums_on_a_wooden_tabletop.jpg",Public domain
E033,柔性\E033\s10.png,Wikimedia Commons,https://commons.wikimedia.org/wiki/File:04.02.2022_-_Prefeita_Paula_Mascarenhas_participa_da_Abertura_da_Colheita_e_Feira_Municipal_da_Uva_-_Foto-_Gustavo_Vara.jpg,Public domain
E033,柔性\E033\s11.png,Wikimedia Commons,https://commons.wikimedia.org/wiki/File:080913-2340AA.JPG,CC BY-SA 3.0
E033,柔性\E033\s12.png,Wikimedia Commons,https://commons.wikimedia.org/wiki/File:2010-06-18-supermarkt-by-RalfR-7.jpg,GFDL 1.2
E033,柔性\E033\s13.png,Wikimedia Commons,https://commons.wikimedia.org/wiki/File:2010-06-19-supermarkt-by-RalfR-09.jpg,GFDL 1.2
E033,柔性\E033\s14.png,Wikimedia Commons,https://commons.wikimedia.org/wiki/File:2023._%D0%9A%D1%80%D0%B0%D1%81%D0%BD%D0%BE%D0%B4%D0%B0%D1%80_IMG_20230107_150340.jpg,CC BY-SA 4.0
E036,柔性\E036\s1.png,Wikimedia Commons,"https://commons.wikimedia.org/wiki/File:-2020-08-30_Punnet_of_foraged_Blackberries,_Trimingham,_Norfolk_(1).JPG",CC BY-SA 4.0
E036,柔性\E036\s2.png,Wikimedia Commons,"https://commons.wikimedia.org/wiki/File:-2020-08-30_Punnet_of_foraged_Blackberries,_Trimingham,_Norfolk_(2).JPG",CC BY-SA 4.0
E036,柔性\E036\s3.png,Wikimedia Commons,https://commons.wikimedia.org/wiki/File:-365_blackberries_2016_(28598989470).jpg,CC BY 2.0
E036,柔性\E036\s4.png,Wikimedia Commons,"https://commons.wikimedia.org/wiki/File:2021-07-11_12_57_04_A_sample_of_Driscoll%27s_Blackberries_in_the_Franklin_Farm_section_of_Oak_Hill,_Fairfax_County,_Virginia.jpg",CC BY-SA 4.0
E036,柔性\E036\s5.png,Wikimedia Commons,"https://commons.wikimedia.org/wiki/File:2021-07-11_12_57_28_A_sample_of_Driscoll%27s_Blackberries_in_the_Franklin_Farm_section_of_Oak_Hill,_Fairfax_County,_Virginia.jpg",CC BY-SA 4.0
E036,柔性\E036\s6.png,Wikimedia Commons,https://commons.wikimedia.org/wiki/File:A_bouquet_of_blackberries.jpg,CC BY-SA 4.0
E036,柔性\E036\s7.png,Wikimedia Commons,https://commons.wikimedia.org/wiki/File:A_fly_on_a_blackberry.jpg,CC0
E036,柔性\E036\s8.png,Wikimedia Commons,https://commons.wikimedia.org/wiki/File:A_simple_bouquet_of_blackberries_and_daisies.jpg,CC BY 2.0
E036,柔性\E036\s9.png,Wikimedia Commons,https://commons.wikimedia.org/wiki/File:Another_blackberry_(226212513).jpg,CC BY 2.0
E036,柔性\E036\s10.png,Wikimedia Commons,https://commons.wikimedia.org/wiki/File:Basket_of_wild_blackberries.JPG,CC BY-SA 3.0
E036,柔性\E036\s11.png,Wikimedia Commons,"https://commons.wikimedia.org/wiki/File:Beautiful_Blackberries_-_Sandy_Grove,_Llanteg_-_geograph.org.uk_-_3650332.jpg",CC BY-SA 2.0
E036,柔性\E036\s12.png,Wikimedia Commons,https://commons.wikimedia.org/wiki/File:Black_Butte_blackberry.jpg,Public domain
E036,柔性\E036\s13.png,Wikimedia Commons,https://commons.wikimedia.org/wiki/File:Blackberries_by_feiern1.jpg,CC0
E036,柔性\E036\s14.png,Wikimedia Commons,https://commons.wikimedia.org/wiki/File:Blackberries_Gillespie_County_Texas_2023.jpg,CC BY 4.0
E039,柔性\E039\s1.png,Wikimedia Commons,https://commons.wikimedia.org/wiki/File:No_Bake_Oreo_Cheesecake.jpg,CC BY-SA 4.0
E048,柔性\E048\s1.png,Wikimedia Commons,https://commons.wikimedia.org/wiki/File:138_365_Marshmallow_Pie_(5732848116).jpg,CC BY 2.0
E048,柔性\E048\s2.png,Wikimedia Commons,https://commons.wikimedia.org/wiki/File:Bacon_Wrapped_Marshmallows_(6737800435).jpg,CC BY-SA 2.0
E048,柔性\E048\s3.png,Wikimedia Commons,"https://commons.wikimedia.org/wiki/File:Chikalicious_coconut_marshmallow,_2009.jpg",CC BY-SA 2.0
E048,柔性\E048\s4.png,Wikimedia Commons,https://commons.wikimedia.org/wiki/File:Children_Roasting_Marshmallows_(6150953639).jpg,No restrictions
E048,柔性\E048\s5.png,Wikimedia Commons,https://commons.wikimedia.org/wiki/File:Chocolate-covered_marshmallow.jpg,CC BY 2.0
E048,柔性\E048\s6.png,Wikimedia Commons,https://commons.wikimedia.org/wiki/File:Chocolate-covered_sweet_potato_whoopie_pie_with_marshmallow_filling_(2911309452).jpg,CC BY-SA 2.0
E048,柔性\E048\s7.png,Wikimedia Commons,https://commons.wikimedia.org/wiki/File:Closeup_of_twisted_marshmallow_background_(41492905482).jpg,CC BY 2.0
E048,柔性\E048\s8.png,Wikimedia Commons,https://commons.wikimedia.org/wiki/File:Generic_Marshmallow_Cerial_macro_1.jpg,CC BY 3.0
E048,柔性\E048\s9.png,Wikimedia Commons,https://commons.wikimedia.org/wiki/File:Gingerbread_house_with_marshmallow_snow.jpg,CC BY 2.0
E048,柔性\E048\s10.png,Wikimedia Commons,https://commons.wikimedia.org/wiki/File:Grillning_av_marshmallows_-_panoramio.jpg,CC BY 3.0
E048,柔性\E048\s11.png,Wikimedia Commons,"https://commons.wikimedia.org/wiki/File:Hamburger,_french_fries_and_cupcake_marshmallows.jpg",CC0
E048,柔性\E048\s12.png,Wikimedia Commons,https://commons.wikimedia.org/wiki/File:Handmade_Marshmallows_by_FatMatt_(4774327214).jpg,CC BY 2.0
E048,柔性\E048\s13.png,Wikimedia Commons,https://commons.wikimedia.org/wiki/File:Heart_Shaped_Marshmallows_in_Hot_Chocolate.jpg,CC BY-SA 4.0
E048,柔性\E048\s14.png,Wikimedia Commons,https://commons.wikimedia.org/wiki/File:White_Marshmallows.jpg,CC BY 2.0
E056,柔性\E056\s1.png,Wikimedia Commons,https://commons.wikimedia.org/wiki/File:10.5_inch_banana.JPG,CC BY-SA 3.0
E056,柔性\E056\s2.png,Wikimedia Commons,https://commons.wikimedia.org/wiki/File:181_365%2B1_Banana_(7623220032).jpg,CC BY-SA 2.0
E056,柔性\E056\s3.png,Wikimedia Commons,https://commons.wikimedia.org/wiki/File:27_cm_banana.JPG,CC BY-SA 3.0
E056,柔性\E056\s4.png,Wikimedia Commons,https://commons.wikimedia.org/wiki/File:Banana_%26_can_of_Blackeye_Peas.jpg,CC BY-SA 4.0
E056,柔性\E056\s5.png,Wikimedia Commons,https://commons.wikimedia.org/wiki/File:Banana_%26_Sea_Cox%27s_Bazar_Bangladesh.jpg,CC BY-SA 4.0
E056,柔性\E056\s6.png,Wikimedia Commons,https://commons.wikimedia.org/wiki/File:Banana_(2).jpg,CC BY-SA 4.0
E056,柔性\E056\s7.png,Wikimedia Commons,https://commons.wikimedia.org/wiki/File:Banana_(2516487176).jpg,CC BY 2.0
E056,柔性\E056\s8.png,Wikimedia Commons,https://commons.wikimedia.org/wiki/File:Banana_(54284068573).jpg,CC BY 2.0
E056,柔性\E056\s9.png,Wikimedia Commons,https://commons.wikimedia.org/wiki/File:Banana_-_Q503.jpg,CC0
E056,柔性\E056\s10.png,Wikimedia Commons,https://commons.wikimedia.org/wiki/File:Banana_0757.jpg,CC BY-SA 4.0
E056,柔性\E056\s11.png,Wikimedia Commons,https://commons.wikimedia.org/wiki/File:Banana_10.jpg,CC BY-SA 4.0
E056,柔性\E056\s12.png,Wikimedia Commons,https://commons.wikimedia.org/wiki/File:Banana_5.jpg,CC BY-SA 4.0
E056,柔性\E056\s13.png,Wikimedia Commons,https://commons.wikimedia.org/wiki/File:Banana_8.jpg,CC BY-SA 4.0
E056,柔性\E056\s14.png,Wikimedia Commons,https://commons.wikimedia.org/wiki/File:Banana_9.jpg,CC BY-SA 4.0
E064,柔性\E064\s1.png,Wikimedia Commons,https://commons.wikimedia.org/wiki/File:2019-09-25_Pear.jpg,CC BY-SA 4.0
E064,柔性\E064\s2.png,Wikimedia Commons,https://commons.wikimedia.org/wiki/File:2025.08.12_Pear_tree_fruits_Lieninskaga_Kamsamola_Street_Salihorsk.jpg,CC BY-SA 4.0
E064,柔性\E064\s3.png,Wikimedia Commons,https://commons.wikimedia.org/wiki/File:A_little_girl_holds_a_pear_in_her_hand.jpg,CC BY 2.0
E064,柔性\E064\s4.png,Wikimedia Commons,https://commons.wikimedia.org/wiki/File:A_pear.jpg,CC0
E064,柔性\E064\s5.png,Wikimedia Commons,https://commons.wikimedia.org/wiki/File:Closeup_view_of_pear_on_the_ground._(50406625638).jpg,CC BY 2.0
E064,柔性\E064\s6.png,Wikimedia Commons,"https://commons.wikimedia.org/wiki/File:Ashfield_Green,_Pear_Tree_Farm_-_geograph.org.uk_-_6452655.jpg",CC BY-SA 2.0
E064,柔性\E064\s7.png,Wikimedia Commons,"https://commons.wikimedia.org/wiki/File:George_Ede_monument_-_Jesus_chapel,_Pear_Tree_Green_-_geograph.org.uk_-_2614603.jpg",CC BY-SA 2.0
E064,柔性\E064\s8.png,Wikimedia Commons,https://commons.wikimedia.org/wiki/File:Green_Prickly_Pear_Cactus.jpg,CC BY-SA 4.0
E064,柔性\E064\s9.png,Wikimedia Commons,https://commons.wikimedia.org/wiki/File:Green_honey_pear.jpg,CC0
E064,柔性\E064\s10.png,Wikimedia Commons,https://commons.wikimedia.org/wiki/File:Green_pear_closeup.jpg,CC BY 2.0
E064,柔性\E064\s11.png,Wikimedia Commons,https://commons.wikimedia.org/wiki/File:Green_pear_fruit.jpg,CC BY-SA 4.0
E064,柔性\E064\s12.png,Wikimedia Commons,"https://commons.wikimedia.org/wiki/File:Lewis_Shedden_monument_-_Jesus_chapel,_Pear_Tree_Green_-_geograph.org.uk_-_2614616.jpg",CC BY-SA 2.0
E064,柔性\E064\s13.png,Wikimedia Commons,https://commons.wikimedia.org/wiki/File:Looking_from_Pear_Tree_Green_along_Sholing_Road_-_geograph.org.uk_-_2585750.jpg,CC BY-SA 2.0
E064,柔性\E064\s14.png,Wikimedia Commons,"https://commons.wikimedia.org/wiki/File:Mary_Gaulter_monument_-_Jesus_chapel,_Pear_Tree_Green_-_geograph.org.uk_-_2614643.jpg",CC BY-SA 2.0
E065,柔性\E065\s1.png,Wikimedia Commons,"https://commons.wikimedia.org/wiki/File:Large_lemon_orchard_prepared_for_irrigation_in_the_San_Fernando_Valley,_California,_ca.1900_(CHS-1773).jpg",Public domain
E065,柔性\E065\s2.png,Wikimedia Commons,https://commons.wikimedia.org/wiki/File:Starr-140119-3207-Citrus_limon_x_medica-large_fruit_on_left_Meyer_lemon_on_right-Hawea_Pl_Olinda-Maui_(25239330985).jpg,CC BY 3.0 us
E065,柔性\E065\s3.png,Wikimedia Commons,https://commons.wikimedia.org/wiki/File:(GBR-Brighton)_The_Big_Lemon_YJ68FZO_47_2023-11-19.jpg,CC BY-SA 2.0
E065,柔性\E065\s4.png,Wikimedia Commons,"https://commons.wikimedia.org/wiki/File:A_solar_powered_big_lemon_bus_on_Service_56,_London_Rd,_Brighton.jpg",CC BY-SA 4.0
E065,柔性\E065\s5.png,Wikimedia Commons,https://commons.wikimedia.org/wiki/File:Bath_Dorchester_Street_-_Big_Lemon_1200_(YX17NRN).JPG,CC BY-SA 4.0
E065,柔性\E065\s6.png,Wikimedia Commons,https://commons.wikimedia.org/wiki/File:Big_Lemon_Brighton_depot.JPG,CC BY 3.0
E065,柔性\E065\s7.png,Wikimedia Commons,https://commons.wikimedia.org/wiki/File:Big_Lemon_Brighton_depot_2.JPG,CC BY 3.0
E065,柔性\E065\s8.png,Wikimedia Commons,https://commons.wikimedia.org/wiki/File:Big_Lemon_Brighton_depot_3.JPG,CC BY 3.0
E065,柔性\E065\s9.png,Wikimedia Commons,"https://commons.wikimedia.org/wiki/File:Big_Lemon_Bus_M461_LLJ_(Route_42)_at_Lewes_Road,_Brighton_(8279085026).jpg",CC BY 2.0
E065,柔性\E065\s10.png,Wikimedia Commons,"https://commons.wikimedia.org/wiki/File:Big_Lemon_Bus_X224_WNO_on_Route_52_at_Roedean_Road,_Roedean,_Brighton_(18_May_2013).JPG",CC0
E065,柔性\E065\s11.png,Wikimedia Commons,https://commons.wikimedia.org/wiki/File:Big_Lemon_K779_DAO.jpg,CC BY 2.0
E065,柔性\E065\s12.png,Wikimedia Commons,https://commons.wikimedia.org/wiki/File:Big_Lemon_X224_WNO.JPG,CC BY-SA 3.0
E065,柔性\E065\s13.png,Wikimedia Commons,https://commons.wikimedia.org/wiki/File:Big_Lemon_X228_WNO.JPG,CC BY 3.0
E065,柔性\E065\s14.png,Wikimedia Commons,https://commons.wikimedia.org/wiki/File:Big_Lemon_and_Paeroa_Bottle.jpg,CC BY-SA 3.0
E066,柔性\E066\s1.png,Wikimedia Commons,https://commons.wikimedia.org/wiki/File:Golden_Delicious_Apple_Seed.JPG,CC BY-SA 3.0
E066,柔性\E066\s2.png,Wikimedia Commons,https://commons.wikimedia.org/wiki/File:Golden_Delicious_apple_2021.jpg,CC BY-SA 4.0
E066,柔性\E066\s3.png,Wikimedia Commons,https://commons.wikimedia.org/wiki/File:Golden_Delicious_apple_2021_(2).jpg,CC BY-SA 4.0
E066,柔性\E066\s4.png,Wikimedia Commons,https://commons.wikimedia.org/wiki/File:Golden_delicious_apple.jpg,GFDL 1.2
E066,柔性\E066\s5.png,Wikimedia Commons,https://commons.wikimedia.org/wiki/File:Russet_Golden_Delicious_apple_2017_A1.jpg,CC0
E066,柔性\E066\s6.png,Wikimedia Commons,https://commons.wikimedia.org/wiki/File:Russet_Golden_Delicious_apple_2017_A2.jpg,CC0
E066,柔性\E066\s7.png,Wikimedia Commons,https://commons.wikimedia.org/wiki/File:Stemilt_Growers_Golden_Delicious_Apple_(43662157560).jpg,CC BY-SA 2.0
E066,柔性\E066\s8.png,Wikimedia Commons,https://commons.wikimedia.org/wiki/File:Apfel_mit_Schnitt_Golden_Delicious_(fcm).jpg,CC BY-SA 4.0
E066,柔性\E066\s9.png,Wikimedia Commons,https://commons.wikimedia.org/wiki/File:Apple_golden.jpeg,CC BY-SA 3.0
E066,柔性\E066\s10.png,Wikimedia Commons,"https://commons.wikimedia.org/wiki/File:Cross_section_of_Doud_Golden_Delicious_(NY),_National_Fruit_Collection_(acc._1974-054).jpg",OGL 2
E066,柔性\E066\s11.png,Wikimedia Commons,"https://commons.wikimedia.org/wiki/File:Cross_section_of_Golden_Delicious_Russet_Form_(LA_73A),_National_Fruit_Collection_(acc._1978-312).jpg",OGL 2
E066,柔性\E066\s12.png,Wikimedia Commons,"https://commons.wikimedia.org/wiki/File:Cross_section_of_Starkspur_Golden_Delicious_(EMLA_1),_National_Fruit_Collection_(acc._1979-189).jpg",OGL 2
E066,柔性\E066\s13.png,Wikimedia Commons,"https://commons.wikimedia.org/wiki/File:Cross_section_of_Testerspur_Golden_Delicious,_National_Fruit_Collection_(acc._1975-178).jpg",OGL 2
E066,柔性\E066\s14.png,Wikimedia Commons,https://commons.wikimedia.org/wiki/File:Display_of_Golden_Delicious_apples_for_sale_at_Giant.jpg,CC0
E067,柔性\E067\s1.png,Wikimedia Commons,https://commons.wikimedia.org/wiki/File:Fresh_red_apple_closeup.jpg,CC BY 2.0
E067,柔性\E067\s2.png,Wikimedia Commons,https://commons.wikimedia.org/wiki/File:Red_Delicious_Apple_2021.jpg,CC BY-SA 4.0
E067,柔性\E067\s3.png,Wikimedia Commons,https://commons.wikimedia.org/wiki/File:%27The_Red_Apple%27_Wijnbrugstraat_Rotterdam_(16602186985).jpg,CC BY 2.0
E067,柔性\E067\s4.png,Wikimedia Commons,https://commons.wikimedia.org/wiki/File:Apple_cultivars_in_Priorwood_Gardens_in_Melrose_Scotland_2020_Red_Charles_Ross.jpg,CC BY-SA 3.0
E067,柔性\E067\s5.png,Wikimedia Commons,https://commons.wikimedia.org/wiki/File:Apple_cultivars_in_Priorwood_Gardens_in_Melrose_Scotland_2020_Red_Millers_Seedling.jpg,CC BY-SA 3.0
E067,柔性\E067\s6.png,Wikimedia Commons,https://commons.wikimedia.org/wiki/File:Apple_on_red_background.jpg,CC0
E067,柔性\E067\s7.png,Wikimedia Commons,https://commons.wikimedia.org/wiki/File:Apple_red_delicius_cross-cut.jpg,CC BY-SA 3.0
E067,柔性\E067\s8.png,Wikimedia Commons,"https://commons.wikimedia.org/wiki/File:Apple_tree_with_red_apples,_Ehrenbach.jpg",CC0
E067,柔性\E067\s9.png,Wikimedia Commons,https://commons.wikimedia.org/wiki/File:Beautiful_red_apple_01.jpg,CC0
E067,柔性\E067\s10.png,Wikimedia Commons,https://commons.wikimedia.org/wiki/File:Fiona_Apple_Red_jacket.jpg,CC BY 2.0
E067,柔性\E067\s11.png,Wikimedia Commons,https://commons.wikimedia.org/wiki/File:Kopblok_The_Red_Apple.JPG,CC BY-SA 3.0
E067,柔性\E067\s12.png,Wikimedia Commons,https://commons.wikimedia.org/wiki/File:Liat_Portal_for_Foodie_Disorder_-_Red_Apple_(Whole_Fruit).jpg,CC BY-SA 4.0
E067,柔性\E067\s13.png,Wikimedia Commons,https://commons.wikimedia.org/wiki/File:Red_Apple.jpg,CC BY 2.0
E067,柔性\E067\s14.png,Wikimedia Commons,https://commons.wikimedia.org/wiki/File:Red_Apple_(63799623).jpeg,CC BY 3.0
E068,柔性\E068\s1.png,Wikimedia Commons,https://commons.wikimedia.org/wiki/File:A_Green_Apple.jpg,CC BY-SA 4.0
E068,柔性\E068\s2.png,Wikimedia Commons,https://commons.wikimedia.org/wiki/File:An_apple_orchard_near_Longley_Green_-_geograph.org.uk_-_3551192.jpg,CC BY-SA 2.0
E068,柔性\E068\s3.png,Wikimedia Commons,https://commons.wikimedia.org/wiki/File:Apple_IIc_Retrocomputing_on_the_green_(4736435301).jpg,CC BY 2.0
E068,柔性\E068\s4.png,Wikimedia Commons,https://commons.wikimedia.org/wiki/File:Apple_IIc_Retrocomputing_on_the_green_(4736442937).jpg,CC BY 2.0
E068,柔性\E068\s5.png,Wikimedia Commons,https://commons.wikimedia.org/wiki/File:Apple_IIc_Retrocomputing_on_the_green_(4736445025).jpg,CC BY 2.0
E068,柔性\E068\s6.png,Wikimedia Commons,https://commons.wikimedia.org/wiki/File:Apple_IIc_Retrocomputing_on_the_green_(4736446793).jpg,CC BY 2.0
E068,柔性\E068\s7.png,Wikimedia Commons,https://commons.wikimedia.org/wiki/File:Apple_IIc_Retrocomputing_on_the_green_(4736448773).jpg,CC BY 2.0
E068,柔性\E068\s8.png,Wikimedia Commons,https://commons.wikimedia.org/wiki/File:Apple_IIc_Retrocomputing_on_the_green_(4736450523).jpg,CC BY 2.0
E068,柔性\E068\s9.png,Wikimedia Commons,https://commons.wikimedia.org/wiki/File:Apple_IIc_Retrocomputing_on_the_green_(4736452189).jpg,CC BY 2.0
E068,柔性\E068\s10.png,Wikimedia Commons,https://commons.wikimedia.org/wiki/File:Apple_IIc_Retrocomputing_on_the_green_(4737070180).jpg,CC BY 2.0
E068,柔性\E068\s11.png,Wikimedia Commons,https://commons.wikimedia.org/wiki/File:Apple_IIc_Retrocomputing_on_the_green_(4737073824).jpg,CC BY 2.0
E068,柔性\E068\s12.png,Wikimedia Commons,https://commons.wikimedia.org/wiki/File:Apple_IIc_Retrocomputing_on_the_green_(4737075642).jpg,CC BY 2.0
E068,柔性\E068\s13.png,Wikimedia Commons,https://commons.wikimedia.org/wiki/File:Apple_IIc_Retrocomputing_on_the_green_(4737077334).jpg,CC BY 2.0
E068,柔性\E068\s14.png,Wikimedia Commons,https://commons.wikimedia.org/wiki/File:Apple_IIc_Retrocomputing_on_the_green_(4737091038).jpg,CC BY 2.0
E073,柔性\E073\s1.png,Wikimedia Commons,https://commons.wikimedia.org/wiki/File:2013-365-243_Fresh_Strawberry_(9643270902).jpg,CC BY 2.0
E073,柔性\E073\s2.png,Wikimedia Commons,"https://commons.wikimedia.org/wiki/File:Cool,_fresh-squeezed_strawberry_juice,_Damascus,_Syria.jpg",CC BY 2.0
E073,柔性\E073\s3.png,Wikimedia Commons,https://commons.wikimedia.org/wiki/File:Elegant_dining_table_setup_with_vintage_plates_and_a_fresh_strawberry_in_a_cozy_setting.jpg,CC BY 2.0
E073,柔性\E073\s4.png,Wikimedia Commons,https://commons.wikimedia.org/wiki/File:Fresh_And_Delicious_Strawberry_(32403441).jpeg,CC BY 3.0
E073,柔性\E073\s5.png,Wikimedia Commons,https://commons.wikimedia.org/wiki/File:Fresh_Strawberry_(Unsplash).jpg,CC0
E073,柔性\E073\s6.png,Wikimedia Commons,https://commons.wikimedia.org/wiki/File:Fresh_and_ripe_strawberry_resting_in_an_open_palm_surrounded_by_natural_light.jpg,CC BY 2.0
E073,柔性\E073\s7.png,Wikimedia Commons,"https://commons.wikimedia.org/wiki/File:Fresh_bio_blackberry,_blueberry,_strawberry_(28757740437).jpg",CC0
E073,柔性\E073\s8.png,Wikimedia Commons,https://commons.wikimedia.org/wiki/File:Fresh_strawberry.jpg,CC BY-SA 4.0
E073,柔性\E073\s9.png,Wikimedia Commons,https://commons.wikimedia.org/wiki/File:Fresh_strawberry_pie.jpg,CC BY-SA 2.0
E073,柔性\E073\s10.png,Wikimedia Commons,https://commons.wikimedia.org/wiki/File:Fresh_strawberry_resting_on_vibrant_green_leaves_in_a_garden.jpg,CC BY 2.0
E073,柔性\E073\s11.png,Wikimedia Commons,https://commons.wikimedia.org/wiki/File:Fresh_strawberry_roll_cake_-_Ikigai_Coffee_2024-03-31.jpg,CC0
E073,柔性\E073\s12.png,Wikimedia Commons,https://commons.wikimedia.org/wiki/File:Made_in_Hawaii_Foods%27_Fresh_Strawberry_Mochi_(15680531514).jpg,CC BY 2.0
E073,柔性\E073\s13.png,Wikimedia Commons,https://commons.wikimedia.org/wiki/File:Sliced_fresh_strawberries_for_making_strawberry_punch.jpg,CC BY-SA 4.0
E073,柔性\E073\s14.png,Wikimedia Commons,"https://commons.wikimedia.org/wiki/File:Some_LA_-leftovers_for_dinner_when_we_returned_to_Oakland._Cold_fried_chicken,_biscuit,_strawberry_jam,_and_maple_syrup_from_@poppyandrosela_with_fresh_strawberries_and_Greek_yogurt._(16642631850).jpg",CC BY 2.0
E074,柔性\E074\s1.png,Wikimedia Commons,https://commons.wikimedia.org/wiki/File:Large_riverside_houses_at_Strawberry_Hill_-_geograph.org.uk_-_2508462.jpg,CC BY-SA 2.0
E074,柔性\E074\s2.png,Wikimedia Commons,https://commons.wikimedia.org/wiki/File:Large_woodpile_at_Strawberry_Farm_-_geograph.org.uk_-_4038375.jpg,CC BY-SA 2.0
E074,柔性\E074\s3.png,Wikimedia Commons,https://commons.wikimedia.org/wiki/File:Organic_Gardener_Holding_a_Large_June_Bearing_Strawberry.jpg,CC BY-SA 4.0
E074,柔性\E074\s4.png,Wikimedia Commons,https://commons.wikimedia.org/wiki/File:2015-365-149_Where_Do_Those_Monsters_Grow%3F_(18255992275).jpg,CC BY 2.0
E074,柔性\E074\s5.png,Wikimedia Commons,https://commons.wikimedia.org/wiki/File:2019-09-20_aardbeien.jpg,CC BY-SA 4.0
E074,柔性\E074\s6.png,Wikimedia Commons,https://commons.wikimedia.org/wiki/File:2024.06.29_Antique_Modern_Pressed_Glass_Compote_Bowl_Compotier_with_Macarons.jpg,CC BY-SA 4.0
E074,柔性\E074\s7.png,Wikimedia Commons,https://commons.wikimedia.org/wiki/File:2024.06.29_Antique_Modern_Pressed_Glass_Compote_Bowl_Compotier_with_Strowberries.jpg,CC BY-SA 4.0
E074,柔性\E074\s8.png,Wikimedia Commons,https://commons.wikimedia.org/wiki/File:2024.06.29_Antique_Modern_Pressed_Glass_Compote_Bowl_Compotier_with_Strowberry.jpg,CC BY-SA 4.0
E074,柔性\E074\s9.png,Wikimedia Commons,https://commons.wikimedia.org/wiki/File:500px_photo_(138340895).jpeg,CC BY 3.0
E074,柔性\E074\s10.png,Wikimedia Commons,https://commons.wikimedia.org/wiki/File:500px_photo_(138365545).jpeg,CC BY 3.0
E074,柔性\E074\s11.png,Wikimedia Commons,https://commons.wikimedia.org/wiki/File:500px_photo_(39548272).jpeg,CC BY-SA 3.0
E074,柔性\E074\s12.png,Wikimedia Commons,https://commons.wikimedia.org/wiki/File:A@a_part_of_my_garden_-_panoramio_(24).jpg,CC BY-SA 3.0
E074,柔性\E074\s13.png,Wikimedia Commons,https://commons.wikimedia.org/wiki/File:A@a_part_of_my_garden_-_panoramio_(29).jpg,CC BY-SA 3.0
E074,柔性\E074\s14.png,Wikimedia Commons,https://commons.wikimedia.org/wiki/File:A@a_part_of_my_garden_-_panoramio_(30).jpg,CC BY-SA 3.0
E075,柔性\E075\s1.png,Wikimedia Commons,https://commons.wikimedia.org/wiki/File:Mandarin_Oranges_(Citrus_Reticulata).jpg,CC BY-SA 3.0
E075,柔性\E075\s2.png,Wikimedia Commons,https://commons.wikimedia.org/wiki/File:Mandarin_oranges_canned.jpg,Public domain
E075,柔性\E075\s3.png,Wikimedia Commons,https://commons.wikimedia.org/wiki/File:Mandarin_oranges_in_mesh_bag.jpg,CC BY-SA 4.0
E075,柔性\E075\s4.png,Wikimedia Commons,https://commons.wikimedia.org/wiki/File:Kaffe_og_mandarin_(5198912077).jpg,CC BY-SA 2.0
E075,柔性\E075\s5.png,Wikimedia Commons,https://commons.wikimedia.org/wiki/File:Liat_Portal_for_Foodie_Disorder_-_9_Mandarin_segments_arranged_in_a_circle.jpg,CC BY-SA 4.0
E075,柔性\E075\s6.png,Wikimedia Commons,https://commons.wikimedia.org/wiki/File:Liat_Portal_for_Foodie_Disorder_-_Mandarin_segments.jpg,CC BY-SA 4.0
E075,柔性\E075\s7.png,Wikimedia Commons,https://commons.wikimedia.org/wiki/File:Liat_Portal_for_Foodie_Disorder_-_Mandarin_segments_arranged_in_a_circle.jpg,CC BY-SA 4.0
E075,柔性\E075\s8.png,Wikimedia Commons,https://commons.wikimedia.org/wiki/File:Madarin_oranges_for_sale_in_Zamboanga_City.jpg,CC BY-SA 4.0
E075,柔性\E075\s9.png,Wikimedia Commons,https://commons.wikimedia.org/wiki/File:Mandarin_fruit.jpg,CC BY-SA 3.0
E075,柔性\E075\s10.png,Wikimedia Commons,https://commons.wikimedia.org/wiki/File:Mandarin_fruit_grey.jpg,CC BY-SA 4.0
E075,柔性\E075\s11.png,Wikimedia Commons,https://commons.wikimedia.org/wiki/File:Mandarin_fruit_on_white_background.jpg,Public domain
E075,柔性\E075\s12.png,Wikimedia Commons,https://commons.wikimedia.org/wiki/File:Mikan_(mandarin).jpg,CC BY 2.0
E075,柔性\E075\s13.png,Wikimedia Commons,https://commons.wikimedia.org/wiki/File:Clementines_(01005)s.jpg,CC BY-SA 4.0
E075,柔性\E075\s14.png,Wikimedia Commons,https://commons.wikimedia.org/wiki/File:Clementines_(01014)s.jpg,CC BY-SA 4.0
E077,柔性\E077\s1.png,Wikimedia Commons,https://commons.wikimedia.org/wiki/File:Grapes_green_and_black-hibreed_seedless.jpg,CC BY-SA 3.0
E077,柔性\E077\s2.png,Wikimedia Commons,https://commons.wikimedia.org/wiki/File:%22Bunch_of_Green_Grapes_in_Salem%22.jpg,CC BY-SA 3.0
E077,柔性\E077\s3.png,Wikimedia Commons,https://commons.wikimedia.org/wiki/File:%22Grapes_in_Green-Salem%22.jpg,CC BY-SA 3.0
E077,柔性\E077\s4.png,Wikimedia Commons,https://commons.wikimedia.org/wiki/File:%22Green_Grapes_of_Salem%22.jpg,CC BY-SA 3.0
E077,柔性\E077\s5.png,Wikimedia Commons,"https://commons.wikimedia.org/wiki/File:%22The_Grapes_Hotel%22_Station_Road,_Wrea_Green,_Preston,_Lancashire_PR4_2PH_-_geograph.org.uk_-_1738505.jpg",CC BY-SA 2.0
E077,柔性\E077\s6.png,Wikimedia Commons,https://commons.wikimedia.org/wiki/File:(Green_Grapes).JPG,CC BY-SA 4.0
E077,柔性\E077\s7.png,Wikimedia Commons,https://commons.wikimedia.org/wiki/File:BUNCH_WINE_GRAPES_green_and_purple_(48986220673).jpg,CC0
E077,柔性\E077\s8.png,Wikimedia Commons,https://commons.wikimedia.org/wiki/File:BUNCH_WINE_GRAPES_green_close_up_(48986222083).jpg,CC0
E077,柔性\E077\s9.png,Wikimedia Commons,https://commons.wikimedia.org/wiki/File:BUNCH_WINE_GRAPES_green_close_up_(48986223318).jpg,CC0
E077,柔性\E077\s10.png,Wikimedia Commons,https://commons.wikimedia.org/wiki/File:Grapes_(green).jpg,CC BY-SA 4.0
E077,柔性\E077\s11.png,Wikimedia Commons,https://commons.wikimedia.org/wiki/File:Green_Grapes_(Armenia).jpg,CC BY-SA 4.0
E077,柔性\E077\s12.png,Wikimedia Commons,https://commons.wikimedia.org/wiki/File:Green_Grapes_October_5th.jpg,CC BY 2.0
E077,柔性\E077\s13.png,Wikimedia Commons,https://commons.wikimedia.org/wiki/File:Green_grapes_(20240716).jpg,CC0
E077,柔性\E077\s14.png,Wikimedia Commons,https://commons.wikimedia.org/wiki/File:Green_grapes_(3085570606).jpg,CC BY 2.0
E080,柔性\E080\s1.png,Wikimedia Commons,https://commons.wikimedia.org/wiki/File:Atomic_Grape_tomatoes.jpg,CC BY-SA 4.0
E080,柔性\E080\s2.png,Wikimedia Commons,"https://commons.wikimedia.org/wiki/File:Baby_carrots,_grape_tomatoes,_hard-boiled_eggs,_and_sardines_on_lettuce,_with_cheddar_cheese_and_mango_vinaigrette_dressing_-_Massachusetts.jpg",CC0
E080,柔性\E080\s3.png,Wikimedia Commons,"https://commons.wikimedia.org/wiki/File:Broiled_turkey,_grape_tomatoes,_and_cheese_on_toasted_rye_bread,_with_mustard_and_black_pepper,_served_cold_-_Massachusetts.jpg",CC0
E080,柔性\E080\s4.png,Wikimedia Commons,"https://commons.wikimedia.org/wiki/File:Butter_pastry_shell_with_bacon_jam,_arugula_and_grape_tomatoes_(20247861216).jpg",CC0
E080,柔性\E080\s5.png,Wikimedia Commons,https://commons.wikimedia.org/wiki/File:Cherry_tomato_on_left_grape_tomatoes_on_right.jpg,CC0
E080,柔性\E080\s6.png,Wikimedia Commons,"https://commons.wikimedia.org/wiki/File:Chicken_breast_and_grape_tomatoes_on_rye_bread,_with_garlic_mayonnaise_-_Massachusetts.jpg",CC0
E080,柔性\E080\s7.png,Wikimedia Commons,https://commons.wikimedia.org/wiki/File:Fresh_grape_tomato_pizza_with_mozzarella_and_fresh_basil.jpg,CC BY 2.0
E080,柔性\E080\s8.png,Wikimedia Commons,https://commons.wikimedia.org/wiki/File:G_is_for_Grape_Red_Tomatoes_in_an_old_Green_Glass_Bowl.jpg,CC BY-SA 2.0
E080,柔性\E080\s9.png,Wikimedia Commons,https://commons.wikimedia.org/wiki/File:Grape_Tomatoes.jpg,CC BY 2.0
E080,柔性\E080\s10.png,Wikimedia Commons,https://commons.wikimedia.org/wiki/File:Grape_Tomatoes_on_Patio.JPG,CC BY-SA 3.0
E080,柔性\E080\s11.png,Wikimedia Commons,https://commons.wikimedia.org/wiki/File:Grape_of_yellow_tomatoes.jpg,CC BY-SA 4.0
E080,柔性\E080\s12.png,Wikimedia Commons,https://commons.wikimedia.org/wiki/File:Grape_tomato_cluster_partially_ripened.JPG,CC BY-SA 3.0
E080,柔性\E080\s13.png,Wikimedia Commons,https://commons.wikimedia.org/wiki/File:Grape_tomatoes.jpg,CC BY-SA 4.0
E080,柔性\E080\s14.png,Wikimedia Commons,https://commons.wikimedia.org/wiki/File:Grape_tomatoes_-_Massachusetts.jpg,CC0
E086,柔性\E086\s1.png,Wikimedia Commons,"https://commons.wikimedia.org/wiki/File:2021-07-20_19_25_58_A_close-up_of_Hammonton_NJ_Jersey_Fruit_Blueberries_in_Rochelle_Park_Township,_Bergen_County,_New_Jersey.jpg",CC BY-SA 4.0
E086,柔性\E086\s2.png,Wikimedia Commons,"https://commons.wikimedia.org/wiki/File:2021-07-20_19_27_11_A_close-up_of_Hammonton_NJ_Jersey_Fruit_Blueberries_in_Rochelle_Park_Township,_Bergen_County,_New_Jersey.jpg",CC BY-SA 4.0
E086,柔性\E086\s3.png,Wikimedia Commons,https://commons.wikimedia.org/wiki/File:A_generous_handful_of_blueberries_depicts_the_rich_abundance_of_berries_that_may_be_found_in_Alaskan_areas._(d84880d1-1dd8-b71b-0b3d-6380eca4c663).jpg,Public domain
E086,柔性\E086\s4.png,Wikimedia Commons,https://commons.wikimedia.org/wiki/File:Aberdeenshire_blueberries.jpg,CC0
E086,柔性\E086\s5.png,Wikimedia Commons,https://commons.wikimedia.org/wiki/File:Autumn_blueberry.jpg,CC BY-SA 4.0
E086,柔性\E086\s6.png,Wikimedia Commons,https://commons.wikimedia.org/wiki/File:Beautiful_path_with_blueberry_growing_thick_all_around.jpg,CC BY-SA 4.0
E086,柔性\E086\s7.png,Wikimedia Commons,https://commons.wikimedia.org/wiki/File:Blueberries_(287236067).jpg,CC BY 2.0
E086,柔性\E086\s8.png,Wikimedia Commons,https://commons.wikimedia.org/wiki/File:Blueberries_(3442288145).jpg,CC BY 2.0
E086,柔性\E086\s9.png,Wikimedia Commons,https://commons.wikimedia.org/wiki/File:Blueberries_(3442288451).jpg,CC BY 2.0
E086,柔性\E086\s10.png,Wikimedia Commons,https://commons.wikimedia.org/wiki/File:Blueberries_(3442289155).jpg,CC BY 2.0
E086,柔性\E086\s11.png,Wikimedia Commons,https://commons.wikimedia.org/wiki/File:Blueberries_(3442289729).jpg,CC BY 2.0
E086,柔性\E086\s12.png,Wikimedia Commons,https://commons.wikimedia.org/wiki/File:Blueberries_(3442290385).jpg,CC BY 2.0
E086,柔性\E086\s13.png,Wikimedia Commons,https://commons.wikimedia.org/wiki/File:Blueberries_(3442291079).jpg,CC BY 2.0
E086,柔性\E086\s14.png,Wikimedia Commons,https://commons.wikimedia.org/wiki/File:Blueberries_(3442291353).jpg,CC BY 2.0
E087,柔性\E087\s1.png,Wikimedia Commons,https://commons.wikimedia.org/wiki/File:(2014)_Raspberries_on_gras.JPG,CC BY-SA 3.0
E087,柔性\E087\s2.png,Wikimedia Commons,https://commons.wikimedia.org/wiki/File:-365_june_raspberries_(27599222722).jpg,CC0
E087,柔性\E087\s3.png,Wikimedia Commons,https://commons.wikimedia.org/wiki/File:-365_raspberry_harvest_(27397450223).jpg,CC0
E087,柔性\E087\s4.png,Wikimedia Commons,https://commons.wikimedia.org/wiki/File:20160708-AMS-LSC-9000-Farmers_Market-Food_Demo-Raspberry_Salsa_(27762596823).jpg,Public domain
E087,柔性\E087\s5.png,Wikimedia Commons,"https://commons.wikimedia.org/wiki/File:2019-03-10_23_03_15_A_carton_of_Driscoll%27s_organic_raspberries_in_the_Franklin_Farm_section_of_Oak_Hill,_Fairfax_County,_Virginia.jpg",CC BY-SA 4.0
E087,柔性\E087\s6.png,Wikimedia Commons,"https://commons.wikimedia.org/wiki/File:2019-03-10_23_03_34_An_open_carton_of_Driscoll%27s_organic_raspberries_in_the_Franklin_Farm_section_of_Oak_Hill,_Fairfax_County,_Virginia.jpg",CC BY-SA 4.0
E087,柔性\E087\s7.png,Wikimedia Commons,https://commons.wikimedia.org/wiki/File:3_Raspberries.jpg,CC BY 2.0
E087,柔性\E087\s8.png,Wikimedia Commons,https://commons.wikimedia.org/wiki/File:Raspberry_-_whole_(Rubus_idaeus).jpg,CC BY-SA 4.0
E087,柔性\E087\s9.png,Wikimedia Commons,https://commons.wikimedia.org/wiki/File:%22Galizische_K%C3%BCche%22_Viehausstellung.JPG,CC BY-SA 4.0
E087,柔性\E087\s10.png,Wikimedia Commons,https://commons.wikimedia.org/wiki/File:20170602-AMS-PJK-0187_(34211115814).jpg,Public domain
E087,柔性\E087\s11.png,Wikimedia Commons,https://commons.wikimedia.org/wiki/File:210704_himbeeren-rubus-idaeus-marktware_1-640x480.jpg,CC BY-SA 3.0
E087,柔性\E087\s12.png,Wikimedia Commons,https://commons.wikimedia.org/wiki/File:3-himbeeren-1.jpg,CC0
E087,柔性\E087\s13.png,Wikimedia Commons,https://commons.wikimedia.org/wiki/File:3-himbeeren-2.jpg,CC0
E087,柔性\E087\s14.png,Wikimedia Commons,https://commons.wikimedia.org/wiki/File:3._Strobery.jpg,CC BY-SA 3.0
E122,柔性\E122\s1.png,Wikimedia Commons,https://commons.wikimedia.org/wiki/File:23-365_-_sidevogn_-_Flickr_-_emme-dk.jpg,CC BY 2.0
E122,柔性\E122\s2.png,Wikimedia Commons,https://commons.wikimedia.org/wiki/File:232Foods_buildings_Bulacan_05.jpg,CC0
E122,柔性\E122\s3.png,Wikimedia Commons,https://commons.wikimedia.org/wiki/File:232Foods_buildings_Bulacan_06.jpg,CC0
E122,柔性\E122\s4.png,Wikimedia Commons,https://commons.wikimedia.org/wiki/File:Amazone_mit_Fluffernutter.jpg,CC BY-SA 3.0 de
E122,柔性\E122\s5.png,Wikimedia Commons,https://commons.wikimedia.org/wiki/File:Arbre_%C3%A0_guimauve.jpg,CC BY-SA 2.0
E122,柔性\E122\s6.png,Wikimedia Commons,https://commons.wikimedia.org/wiki/File:Astrophysics_Holiday_Vertical_Video_(SVS14800).jpg,Public domain
E122,柔性\E122\s7.png,Wikimedia Commons,https://commons.wikimedia.org/wiki/File:Banana_boat.jpg,CC BY 2.0
E122,柔性\E122\s8.png,Wikimedia Commons,https://commons.wikimedia.org/wiki/File:Brian_David_Gilbert_in_Kitchen.jpg,CC BY 4.0
E122,柔性\E122\s9.png,Wikimedia Commons,https://commons.wikimedia.org/wiki/File:CENTRO_DE_DISTRIBUCION_GUANDY.jpg,CC BY-SA 4.0
E122,柔性\E122\s10.png,Wikimedia Commons,https://commons.wikimedia.org/wiki/File:Chocolate_in_Poznan_2021.jpg,CC BY-SA 4.0
E122,柔性\E122\s11.png,Wikimedia Commons,"https://commons.wikimedia.org/wiki/File:Church_Windows_Dessert,_2009-12-18.jpg",CC BY 2.0
E122,柔性\E122\s12.png,Wikimedia Commons,https://commons.wikimedia.org/wiki/File:Delfi_de_la_Rua_2016_(Unsplash).jpg,CC0
E122,柔性\E122\s13.png,Wikimedia Commons,https://commons.wikimedia.org/wiki/File:Dessert_(5).jpg,CC BY-SA 4.0
E122,柔性\E122\s14.png,Wikimedia Commons,https://commons.wikimedia.org/wiki/File:Drew_Coffman_2016-12-15_(Unsplash).jpg,CC0
E016,刚体\E016\s15.png,Wikimedia Commons,https://commons.wikimedia.org/wiki/File:Monster_Energy_(China_Version)_20260628145816.jpg,CC0
E052,刚体\E052\s2.png,Wikimedia Commons,"https://commons.wikimedia.org/wiki/File:Courage,_Sister_..._Scotch_Tape_will_fix_it,_1945.jpg",Public domain
E052,刚体\E052\s3.png,Wikimedia Commons,https://commons.wikimedia.org/wiki/File:Graphene_Scotch_Tape.jpg,CC BY-SA 3.0
E052,刚体\E052\s4.png,Wikimedia Commons,https://commons.wikimedia.org/wiki/File:Made_in_China_3M_Scotch_Sealing_Tape_Barcode_Yellow_Label_Price_Sticker.jpg,CC BY-SA 3.0
E052,刚体\E052\s5.png,Wikimedia Commons,https://commons.wikimedia.org/wiki/File:Old_Scotch_electrical_tape.jpg,CC BY-SA 3.0
E052,刚体\E052\s6.png,Wikimedia Commons,https://commons.wikimedia.org/wiki/File:Scotch_tape_dispenser.JPG,Public domain
E052,刚体\E052\s7.png,Wikimedia Commons,https://commons.wikimedia.org/wiki/File:Scotch_Tape.jpg,CC BY-SA 3.0
E052,刚体\E052\s8.png,Wikimedia Commons,https://commons.wikimedia.org/wiki/File:Scotch_tape.jpg,CC BY-SA 4.0
E052,刚体\E052\s9.png,Wikimedia Commons,"https://commons.wikimedia.org/wiki/File:Smarten_your_living_room_with_Scotch_Tape,_1946.jpg",Public domain
E052,刚体\E052\s10.png,Wikimedia Commons,"https://commons.wikimedia.org/wiki/File:Sure_Scotch_Tape_would_do_better,_1945.jpg",Public domain
E052,刚体\E052\s11.png,Wikimedia Commons,https://commons.wikimedia.org/wiki/File:A_Roll_of_Masking_Tape_(32410677827).jpg,CC BY 2.0
E052,刚体\E052\s12.png,Wikimedia Commons,https://commons.wikimedia.org/wiki/File:A_Roll_of_Masking_Tape_(32410678777).jpg,CC BY 2.0
E052,刚体\E052\s13.png,Wikimedia Commons,https://commons.wikimedia.org/wiki/File:A_Roll_of_Masking_Tape_(47352607761).jpg,CC BY 2.0
E052,刚体\E052\s14.png,Wikimedia Commons,https://commons.wikimedia.org/wiki/File:Duct-tape.jpg,Public domain
E058,刚体\E058\s13.png,Wikimedia Commons,https://commons.wikimedia.org/wiki/File:Fusselrolle_(fcm).jpg,CC BY-SA 4.0
E058,刚体\E058\s14.png,Wikimedia Commons,https://commons.wikimedia.org/wiki/File:Indian_woman_gining_cotton.jpg,Public domain
E093,刚体\E093\s15.png,Wikimedia Commons,"https://commons.wikimedia.org/wiki/File:-2020-06-19_Hot_dog_with_french_fries,_Trimingham,_Norfolk.JPG",CC BY-SA 4.0
E093,刚体\E093\s16.png,Wikimedia Commons,"https://commons.wikimedia.org/wiki/File:-2020-06-19_Hot_dog_with_french_fries,_Trimingham,_Norfolk_(1).JPG",CC BY-SA 4.0
E101,刚体\E101\s15.png,Wikimedia Commons,https://commons.wikimedia.org/wiki/File:Duct_Tape_Wallet.jpg,Public domain
E107,刚体\E107\s15.png,Wikimedia Commons,"https://commons.wikimedia.org/wiki/File:Andr%C3%A9lon_shampoo_and_conditioner_bottles_at_the_Dirk_van_den_Broek,_Hillegersberg,_Rotterdam_(2021)_02.jpg",CC BY-SA 4.0
E107,刚体\E107\s16.png,Wikimedia Commons,"https://commons.wikimedia.org/wiki/File:Bottles_of_shampoo_and_lotions_manufactured_by_the_C.L._Hamilton_Co._of_Washington,_D.C._LCCN90707500.jpg",Public domain
E112,刚体\E112\s7.png,Wikimedia Commons,"https://commons.wikimedia.org/wiki/File:-2016-04-07_Homemade_strawberry_swiss_roll,_Triningham.JPG",CC BY-SA 4.0
E112,刚体\E112\s8.png,Wikimedia Commons,"https://commons.wikimedia.org/wiki/File:A-Zhu_Peanut_Ice_Cream_Roll,_Jiufen_Old_Street,_2024.jpg",CC BY-SA 4.0
E112,刚体\E112\s9.png,Wikimedia Commons,https://commons.wikimedia.org/wiki/File:Classic_roll_cake_-_Ikigai_Coffee_2024-09-21.jpg,CC0
E112,刚体\E112\s10.png,Wikimedia Commons,https://commons.wikimedia.org/wiki/File:Jelly_Roll_Blues_1915.jpg,Public domain
E112,刚体\E112\s11.png,Wikimedia Commons,https://commons.wikimedia.org/wiki/File:Jelly_Roll_Morton_(c._1927).jpg,Public domain
E112,刚体\E112\s12.png,Wikimedia Commons,https://commons.wikimedia.org/wiki/File:Jelly_Roll_Morton_Library_of_Congress_disc_crate.jpg,CC BY-SA 4.0
E112,刚体\E112\s13.png,Wikimedia Commons,https://commons.wikimedia.org/wiki/File:Macking_roll_cake_1.jpg,CC BY-SA 3.0
E112,刚体\E112\s14.png,Wikimedia Commons,https://commons.wikimedia.org/wiki/File:Macking_roll_cake_2.jpg,CC BY-SA 3.0
E039,柔性\E039\s2.png,Wikimedia Commons,"https://commons.wikimedia.org/wiki/File:Golden_Oreo_cookie,_Winschoten_(2021)_01.jpg",CC BY-SA 4.0
E039,柔性\E039\s3.png,Wikimedia Commons,"https://commons.wikimedia.org/wiki/File:Golden_Oreo_cookie,_Winschoten_(2021)_02.jpg",CC BY-SA 4.0
E039,柔性\E039\s4.png,Wikimedia Commons,"https://commons.wikimedia.org/wiki/File:Golden_Oreo_cookie,_Winschoten_(2021)_03.jpg",CC BY-SA 4.0
E039,柔性\E039\s5.png,Wikimedia Commons,"https://commons.wikimedia.org/wiki/File:Golden_Oreo_cookie,_Winschoten_(2021)_04.jpg",CC BY-SA 4.0
E039,柔性\E039\s6.png,Wikimedia Commons,"https://commons.wikimedia.org/wiki/File:Oreo_Cookies,_Cookie_Dough,_Chocolate_Chip_(14000753929).jpg",CC BY 2.0
E039,柔性\E039\s7.png,Wikimedia Commons,"https://commons.wikimedia.org/wiki/File:2020-01-28_10_11_51_A_Golden_Oreo_broken_in_two_pieces_in_the_Dulles_section_of_Sterling,_Loudoun_County,_Virginia.jpg",CC BY-SA 4.0
E039,柔性\E039\s8.png,Wikimedia Commons,"https://commons.wikimedia.org/wiki/File:2020-01-28_10_13_01_An_Oreo_in_the_Dulles_section_of_Sterling,_Loudoun_County,_Virginia.jpg",CC BY-SA 4.0
E039,柔性\E039\s9.png,Wikimedia Commons,https://commons.wikimedia.org/wiki/File:2023_Ciasteczka_Oreo.jpg,CC BY-SA 4.0
E039,柔性\E039\s10.png,Wikimedia Commons,https://commons.wikimedia.org/wiki/File:Binhui_past%C3%ADs_formatge_oreo.jpg,CC BY-SA 4.0
E039,柔性\E039\s11.png,Wikimedia Commons,https://commons.wikimedia.org/wiki/File:Camion_publicitaire_Oreo_02.jpg,CC BY 2.0
E039,柔性\E039\s12.png,Wikimedia Commons,https://commons.wikimedia.org/wiki/File:Cheesecake_Chocolate_Oreo_Desert_at_Chip%27d.jpg,CC BY-SA 4.0
E039,柔性\E039\s13.png,Wikimedia Commons,https://commons.wikimedia.org/wiki/File:Limited_Edition_Peeps_Oreo_Cookies_2_(32876081351).jpg,CC BY-SA 2.0
E039,柔性\E039\s14.png,Wikimedia Commons,https://commons.wikimedia.org/wiki/File:Nabisco-Oreo-Cakesters.jpg,CC0
FRA017,轻脆\FRA017\s15.png,Wikimedia Commons,https://commons.wikimedia.org/wiki/File:Can_of_Sangaria_Quality_Coffee_Black.png,CC BY-SA 4.0
FRA050,轻脆\FRA050\s15.png,Wikimedia Commons,https://commons.wikimedia.org/wiki/File:Sassafras_albidum_hard_candy.jpg,CC0
E108,重脆\E108\s15.png,Wikimedia Commons,https://commons.wikimedia.org/wiki/File:%22Share_a_Coke%22_(14823114294).jpg,CC BY 2.0
E108,重脆\E108\s16.png,Wikimedia Commons,https://commons.wikimedia.org/wiki/File:Dumped_empty_can_bottle_Paul%27s_Walk_north_bank_River_Thames_City_of_London_England.jpg,CC BY-SA 4.0
E108,重脆\E108\s17.png,Wikimedia Commons,https://commons.wikimedia.org/wiki/File:Black_and_white_Coke_Zero.jpg,CC BY-SA 3.0
E116,重脆\E116\s15.png,Wikimedia Commons,https://commons.wikimedia.org/wiki/File:Tumbler_MET_ADA4494.jpg,CC0
FRA004,重脆\FRA004\s15.png,Wikimedia Commons,"https://commons.wikimedia.org/wiki/File:3_important_figures_connected_with_the_Teapot_Dome_investigation._J.W._Zevely,_Albert_Fall_and_(...)_Stanford,_Attorney_for_Sinclair_LCCN2016893119.jpg",Public domain
FRA005,重脆\FRA005\s15.png,Wikimedia Commons,"https://commons.wikimedia.org/wiki/File:Bottle,_soda_(AM_609809).jpg",CC BY 4.0
FRA005,重脆\FRA005\s16.png,Wikimedia Commons,"https://commons.wikimedia.org/wiki/File:Bottle,_soda_(AM_629570).jpg",CC BY 4.0
FRA005,重脆\FRA005\s17.png,Wikimedia Commons,"https://commons.wikimedia.org/wiki/File:Bottle,_soda_(AM_629572).jpg",CC BY 4.0
FRA005,重脆\FRA005\s18.png,Wikimedia Commons,"https://commons.wikimedia.org/wiki/File:Bottle,_soda_(AM_629575).jpg",CC BY 4.0
FRA005,重脆\FRA005\s19.png,Wikimedia Commons,"https://commons.wikimedia.org/wiki/File:Bottle,_soda_water_(AM_1968.77).jpg",CC BY 4.0
FRA005,重脆\FRA005\s20.png,Wikimedia Commons,"https://commons.wikimedia.org/wiki/File:Bottle,_soda_water_(AM_1972.63).jpg",CC BY 4.0
